2016	12240	4	Adrian	-	TEAM	-	-	-	-	3	 	 	 	 	0.00
2016	12240	4	Adrian	-	Totals	-	-	-	-	3	14	7	2	87	21.00
2016	12240	4	Adrian	-	Opponent Totals	-	-	-	-	3	8	3	 	11	11.00
2016	12240	15	Albion	-	TEAM	-	-	-	-	2	 	 	 	 	0.00
2016	12240	15	Albion	-	Totals	-	-	-	-	3	10	5	1	74	15.00
2016	12240	15	Albion	-	Opponent Totals	-	-	-	-	3	9	 	 	 	9.00
2016	12240	16	Albright	-	TEAM	-	-	-	-	2	 	 	 	 	0.00
2016	12240	16	Albright	-	Totals	-	-	-	-	2	11	2	 	 	13.00
2016	12240	16	Albright	-	Opponent Totals	-	-	-	-	2	9	3	 	49	12.00
2016	12240	18	Alfred	-	TEAM	-	-	-	-	3	 	 	 	 	0.00
2016	12240	18	Alfred	-	Totals	-	-	-	-	3	15	2	 	 	17.00
2016	12240	18	Alfred	-	Opponent Totals	-	-	-	-	3	13	1	 	 	14.00
2016	12240	19	Allegheny	-	TEAM	-	-	-	-	3	 	 	 	 	0.00
2016	12240	19	Allegheny	-	Totals	-	-	-	-	3	9	 	 	 	9.00
2016	12240	19	Allegheny	-	Opponent Totals	-	-	-	-	3	8	5	 	56	13.00
2016	12240	21	Alma	-	TEAM	-	-	-	-	1	 	 	 	 	0.00
2016	12240	21	Alma	-	Totals	-	-	-	-	3	13	3	 	61	16.00
2016	12240	21	Alma	-	Opponent Totals	-	-	-	-	3	9	3	 	56	12.00
2016	12240	939	Anderson (IN)	-	TEAM	-	-	-	-	2	 	 	 	 	0.00
2016	12240	939	Anderson (IN)	-	Totals	-	-	-	-	3	12	2	 	13	14.00
2016	12240	939	Anderson (IN)	-	Opponent Totals	-	-	-	-	3	13	5	1	52	18.00
2016	12240	26	Anna Maria	-	TEAM	-	-	-	-	2	 	 	 	 	0.00
2016	12240	26	Anna Maria	-	Totals	-	-	-	-	3	7	1	 	1	8.00
2016	12240	26	Anna Maria	-	Opponent Totals	-	-	-	-	3	5	5	 	53	10.00
2016	12240	38	Augsburg	-	TEAM	-	-	-	-	3	 	 	 	 	0.00
2016	12240	38	Augsburg	-	Totals	-	-	-	-	3	3	1	 	12	4.00
2016	12240	38	Augsburg	-	Opponent Totals	-	-	-	-	3	5	5	 	33	10.00
2016	12240	40	Augustana (IL)	-	TEAM	-	-	-	-	2	 	 	 	 	0.00
2016	12240	40	Augustana (IL)	-	Totals	-	-	-	-	3	19	1	 	 	20.00
2016	12240	40	Augustana (IL)	-	Opponent Totals	-	-	-	-	3	9	3	1	66	12.00
2016	12240	42	Aurora	-	TEAM	-	-	-	-	2	 	 	 	 	0.00
2016	12240	42	Aurora	-	Totals	-	-	-	-	2	7	1	 	5	8.00
2016	12240	42	Aurora	-	Opponent Totals	-	-	-	-	2	5	2	 	55	7.00
2016	12240	953	Austin	-	TEAM	-	-	-	-	2	 	 	 	 	0.00
2016	12240	953	Austin	-	Totals	-	-	-	-	2	8	4	1	10	12.00
2016	12240	953	Austin	-	Opponent Totals	-	-	-	-	2	7	3	 	12	10.00
2016	12240	44	Averett	-	TEAM	-	-	-	-	2	 	 	 	 	0.00
2016	12240	44	Averett	-	Totals	-	-	-	-	3	5	1	 	 	6.00
2016	12240	44	Averett	-	Opponent Totals	-	-	-	-	3	10	2	 	12	12.00
2016	12240	46	Baldwin Wallace	-	TEAM	-	-	-	-	2	 	 	 	 	0.00
2016	12240	46	Baldwin Wallace	-	Totals	-	-	-	-	2	5	2	 	5	7.00
2016	12240	46	Baldwin Wallace	-	Opponent Totals	-	-	-	-	2	5	 	 	 	5.00
2016	12240	26107	Becker	-	TEAM	-	-	-	-	2	 	 	 	 	0.00
2016	12240	26107	Becker	-	Totals	-	-	-	-	2	14	4	 	11	18.00
2016	12240	26107	Becker	-	Opponent Totals	-	-	-	-	2	6	2	 	1	8.00
2016	12240	53	Beloit	-	TEAM	-	-	-	-	1	 	 	 	 	0.00
2016	12240	53	Beloit	-	Totals	-	-	-	-	3	2	3	 	34	5.00
2016	12240	53	Beloit	-	Opponent Totals	-	-	-	-	3	9	3	 	 	12.00
2016	12240	296	Benedictine (IL)	-	TEAM	-	-	-	-	1	 	 	 	 	0.00
2016	12240	296	Benedictine (IL)	-	Totals	-	-	-	-	3	8	3	1	85	11.00
2016	12240	296	Benedictine (IL)	-	Opponent Totals	-	-	-	-	3	16	5	1	81	21.00
2016	12240	973	Berry	-	TEAM	-	-	-	-	2	 	 	 	 	0.00
2016	12240	973	Berry	-	Totals	-	-	-	-	3	16	4	 	2	20.00
2016	12240	973	Berry	-	Opponent Totals	-	-	-	-	3	14	6	1	147	20.00
2016	12240	59	Bethany (WV)	-	TEAM	-	-	-	-	3	 	 	 	 	0.00
2016	12240	59	Bethany (WV)	-	Totals	-	-	-	-	3	11	1	 	 	12.00
2016	12240	59	Bethany (WV)	-	Opponent Totals	-	-	-	-	3	6	5	1	122	11.00
2016	12240	60	Bethel (MN)	-	Totals	-	-	-	-	3	15	3	 	19	18.00
2016	12240	60	Bethel (MN)	-	Opponent Totals	-	-	-	-	3	2	3	 	3	5.00
2016	12240	28593	Birmingham-So.	-	Totals	-	-	-	-	2	15	3	1	35	18.00
2016	12240	28593	Birmingham-So.	-	Opponent Totals	-	-	-	-	2	6	2	 	1	8.00
2016	12240	987	Bluffton	-	TEAM	-	-	-	-	1	 	 	 	 	0.00
2016	12240	987	Bluffton	-	Totals	-	-	-	-	2	9	1	 	 	10.00
2016	12240	987	Bluffton	-	Opponent Totals	-	-	-	-	2	8	4	1	69	12.00
2016	12240	75	Bridgewater (VA)	-	TEAM	-	-	-	-	1	 	 	 	 	0.00
2016	12240	75	Bridgewater (VA)	-	Totals	-	-	-	-	3	1	4	 	39	5.00
2016	12240	75	Bridgewater (VA)	-	Opponent Totals	-	-	-	-	3	8	4	 	47	12.00
2016	12240	76	Bridgewater St.	-	TEAM	-	-	-	-	2	 	 	 	 	0.00
2016	12240	76	Bridgewater St.	-	Totals	-	-	-	-	3	21	5	2	100	26.00
2016	12240	76	Bridgewater St.	-	Opponent Totals	-	-	-	-	3	10	3	 	 	13.00
2016	12240	78	Brockport	-	TEAM	-	-	-	-	1	 	 	 	 	0.00
2016	12240	78	Brockport	-	Totals	-	-	-	-	2	13	4	1	76	17.00
2016	12240	78	Brockport	-	Opponent Totals	-	-	-	-	2	5	 	 	 	5.00
2016	12240	84	Buena Vista	-	TEAM	-	-	-	-	1	 	 	 	 	0.00
2016	12240	84	Buena Vista	-	Totals	-	-	-	-	2	 	1	 	3	1.00
2016	12240	84	Buena Vista	-	Opponent Totals	-	-	-	-	2	13	3	 	21	16.00
2016	12240	85	Buffalo St.	-	TEAM	-	-	-	-	1	 	 	 	 	0.00
2016	12240	85	Buffalo St.	-	Totals	-	-	-	-	1	1	4	 	23	5.00
2016	12240	85	Buffalo St.	-	Opponent Totals	-	-	-	-	1	5	 	 	 	5.00
2016	12240	105	Cal Lutheran	-	TEAM	-	-	-	-	2	 	 	 	 	0.00
2016	12240	105	Cal Lutheran	-	Totals	-	-	-	-	2	10	1	 	 	11.00
2016	12240	105	Cal Lutheran	-	Opponent Totals	-	-	-	-	2	8	2	1	30	10.00
2016	12240	117	Capital	-	TEAM	-	-	-	-	1	 	 	 	 	0.00
2016	12240	117	Capital	-	Totals	-	-	-	-	2	7	 	 	 	7.00
2016	12240	117	Capital	-	Opponent Totals	-	-	-	-	2	1	 	 	 	1.00
2016	12240	118	Carleton	-	TEAM	-	-	-	-	2	 	 	 	 	0.00
2016	12240	118	Carleton	-	Totals	-	-	-	-	3	4	2	 	11	6.00
2016	12240	118	Carleton	-	Opponent Totals	-	-	-	-	3	4	1	 	 	5.00
2016	12240	119	Carnegie Mellon	-	Totals	-	-	-	-	2	11	1	 	 	12.00
2016	12240	119	Carnegie Mellon	-	Opponent Totals	-	-	-	-	2	13	3	1	111	16.00
2016	12240	120	Carroll (WI)	-	TEAM	-	-	-	-	2	 	 	 	 	0.00
2016	12240	120	Carroll (WI)	-	Totals	-	-	-	-	2	11	1	 	 	12.00
2016	12240	120	Carroll (WI)	-	Opponent Totals	-	-	-	-	2	7	4	1	107	11.00
2016	12240	121	Carthage	-	TEAM	-	-	-	-	1	 	 	 	 	0.00
2016	12240	121	Carthage	-	Totals	-	-	-	-	2	5	1	1	42	6.00
2016	12240	121	Carthage	-	Opponent Totals	-	-	-	-	2	6	8	2	165	14.00
2016	12240	122	Case	-	TEAM	-	-	-	-	1	 	 	 	 	0.00
2016	12240	122	Case	-	Totals	-	-	-	-	2	5	1	 	 	6.00
2016	12240	122	Case	-	Opponent Totals	-	-	-	-	2	7	 	 	 	7.00
2016	12240	123	Castleton	-	Totals	-	-	-	-	2	4	4	 	58	8.00
2016	12240	123	Castleton	-	Opponent Totals	-	-	-	-	2	5	2	 	 	7.00
2016	12240	124	Catholic	-	Totals	-	-	-	-	3	8	1	 	 	9.00
2016	12240	124	Catholic	-	Opponent Totals	-	-	-	-	3	13	2	1	58	15.00
2016	12240	126	Central (IA)	-	TEAM	-	-	-	-	1	 	 	 	 	0.00
2016	12240	126	Central (IA)	-	Totals	-	-	-	-	3	14	6	1	42	20.00
2016	12240	126	Central (IA)	-	Opponent Totals	-	-	-	-	3	9	1	 	14	10.00
2016	12240	132	Centre	-	TEAM	-	-	-	-	1	 	 	 	 	0.00
2016	12240	132	Centre	-	Totals	-	-	-	-	3	20	4	 	56	24.00
2016	12240	132	Centre	-	Opponent Totals	-	-	-	-	3	8	2	 	 	10.00
2016	12240	134	Chapman	-	TEAM	-	-	-	-	1	 	 	 	 	0.00
2016	12240	134	Chapman	-	Totals	-	-	-	-	1	2	1	 	 	3.00
2016	12240	134	Chapman	-	Opponent Totals	-	-	-	-	1	2	1	1	23	3.00
2016	12240	137	Chicago	-	TEAM	-	-	-	-	2	 	 	 	 	0.00
2016	12240	137	Chicago	-	Totals	-	-	-	-	2	8	1	 	20	9.00
2016	12240	137	Chicago	-	Opponent Totals	-	-	-	-	2	3	 	 	 	3.00
2016	12240	139	Chris. Newport	-	TEAM	-	-	-	-	2	 	 	 	 	0.00
2016	12240	139	Chris. Newport	-	Totals	-	-	-	-	3	18	1	 	 	19.00
2016	12240	139	Chris. Newport	-	Opponent Totals	-	-	-	-	3	15	5	 	24	20.00
2016	12240	142	Claremont-M-S	-	TEAM	-	-	-	-	2	 	 	 	 	0.00
2016	12240	142	Claremont-M-S	-	Totals	-	-	-	-	2	7	7	 	124	14.00
2016	12240	142	Claremont-M-S	-	Opponent Totals	-	-	-	-	2	3	1	 	22	4.00
2016	12240	722	Coast Guard	-	TEAM	-	-	-	-	2	 	 	 	 	0.00
2016	12240	722	Coast Guard	-	Totals	-	-	-	-	3	7	2	1	68	9.00
2016	12240	722	Coast Guard	-	Opponent Totals	-	-	-	-	3	9	2	 	 	11.00
2016	12240	150	Coe	-	TEAM	-	-	-	-	1	 	 	 	 	0.00
2016	12240	150	Coe	-	Totals	-	-	-	-	3	12	2	 	5	14.00
2016	12240	150	Coe	-	Opponent Totals	-	-	-	-	3	6	5	 	28	11.00
2016	12240	160	Concordia Chicago	-	TEAM	-	-	-	-	1	 	 	 	 	0.00
2016	12240	160	Concordia Chicago	-	Totals	-	-	-	-	2	11	3	 	 	14.00
2016	12240	160	Concordia Chicago	-	Opponent Totals	-	-	-	-	2	10	3	 	31	13.00
2016	12240	1036	Concordia Wisconsin	-	TEAM	-	-	-	-	3	 	 	 	 	0.00
2016	12240	1036	Concordia Wisconsin	-	Totals	-	-	-	-	3	10	3	 	34	13.00
2016	12240	1036	Concordia Wisconsin	-	Opponent Totals	-	-	-	-	3	10	3	1	58	13.00
2016	12240	161	Concordia-M'head	-	TEAM	-	-	-	-	2	 	 	 	 	0.00
2016	12240	161	Concordia-M'head	-	Totals	-	-	-	-	3	13	3	 	 	16.00
2016	12240	161	Concordia-M'head	-	Opponent Totals	-	-	-	-	3	5	3	 	4	8.00
2016	12240	166	Cornell College	-	TEAM	-	-	-	-	2	 	 	 	 	0.00
2016	12240	166	Cornell College	-	Totals	-	-	-	-	2	2	4	 	8	6.00
2016	12240	166	Cornell College	-	Opponent Totals	-	-	-	-	2	7	1	 	 	8.00
2016	12240	30035	Crown (MN)	-	Totals	-	-	-	-	3	9	2	 	6	11.00
2016	12240	30035	Crown (MN)	-	Opponent Totals	-	-	-	-	3	10	2	 	 	12.00
2016	12240	170	Curry	-	TEAM	-	-	-	-	1	 	 	 	 	0.00
2016	12240	170	Curry	-	Totals	-	-	-	-	3	6	1	 	17	7.00
2016	12240	170	Curry	-	Opponent Totals	-	-	-	-	3	15	7	1	72	22.00
2016	12240	177	DePauw	-	TEAM	-	-	-	-	2	 	 	 	 	0.00
2016	12240	177	DePauw	-	Totals	-	-	-	-	2	9	1	 	23	10.00
2016	12240	177	DePauw	-	Opponent Totals	-	-	-	-	2	5	 	 	 	5.00
2016	12240	1050	Defiance	-	TEAM	-	-	-	-	3	 	 	 	 	0.00
2016	12240	1050	Defiance	-	Totals	-	-	-	-	3	19	2	1	43	21.00
2016	12240	1050	Defiance	-	Opponent Totals	-	-	-	-	3	26	4	1	41	30.00
2016	12240	179	Delaware Valley	-	TEAM	-	-	-	-	3	 	 	 	 	0.00
2016	12240	179	Delaware Valley	-	Totals	-	-	-	-	3	10	1	 	 	11.00
2016	12240	179	Delaware Valley	-	Opponent Totals	-	-	-	-	3	10	2	 	26	12.00
2016	12240	182	Denison	-	TEAM	-	-	-	-	1	 	 	 	 	0.00
2016	12240	182	Denison	-	Totals	-	-	-	-	2	10	3	 	34	13.00
2016	12240	182	Denison	-	Opponent Totals	-	-	-	-	2	2	1	 	 	3.00
2016	12240	185	Dickinson	-	TEAM	-	-	-	-	2	 	 	 	 	0.00
2016	12240	185	Dickinson	-	Totals	-	-	-	-	3	14	4	 	2	18.00
2016	12240	185	Dickinson	-	Opponent Totals	-	-	-	-	3	7	2	 	-7	9.00
2016	12240	192	Dubuque	-	TEAM	-	-	-	-	1	 	 	 	 	0.00
2016	12240	192	Dubuque	-	Totals	-	-	-	-	3	11	2	 	66	13.00
2016	12240	192	Dubuque	-	Opponent Totals	-	-	-	-	3	8	3	 	 	11.00
2016	12240	195	Earlham	-	TEAM	-	-	-	-	2	 	 	 	 	0.00
2016	12240	195	Earlham	-	Totals	-	-	-	-	3	4	 	 	 	4.00
2016	12240	195	Earlham	-	Opponent Totals	-	-	-	-	3	12	2	 	 	14.00
2016	12240	1062	East Tex. Baptist	-	TEAM	-	-	-	-	2	 	 	 	 	0.00
2016	12240	1062	East Tex. Baptist	-	Totals	-	-	-	-	3	7	5	1	102	12.00
2016	12240	1062	East Tex. Baptist	-	Opponent Totals	-	-	-	-	3	7	7	 	75	14.00
2016	12240	212	Elmhurst	-	TEAM	-	-	-	-	2	 	 	 	 	0.00
2016	12240	212	Elmhurst	-	Totals	-	-	-	-	2	10	1	 	3	11.00
2016	12240	212	Elmhurst	-	Opponent Totals	-	-	-	-	2	3	 	 	 	3.00
2016	12240	216	Emory & Henry	-	Totals	-	-	-	-	2	4	2	 	31	6.00
2016	12240	216	Emory & Henry	-	Opponent Totals	-	-	-	-	2	5	2	 	49	7.00
2016	12240	8981	Endicott	-	TEAM	-	-	-	-	2	 	 	 	 	0.00
2016	12240	8981	Endicott	-	Totals	-	-	-	-	2	4	1	 	26	5.00
2016	12240	8981	Endicott	-	Opponent Totals	-	-	-	-	2	17	5	 	54	22.00
2016	12240	218	Eureka	-	TEAM	-	-	-	-	2	 	 	 	 	0.00
2016	12240	218	Eureka	-	Totals	-	-	-	-	3	12	4	1	88	16.00
2016	12240	218	Eureka	-	Opponent Totals	-	-	-	-	3	10	4	 	26	14.00
2016	12240	221	FDU-Florham	-	TEAM	-	-	-	-	2	 	 	 	 	0.00
2016	12240	221	FDU-Florham	-	Totals	-	-	-	-	2	7	2	1	31	9.00
2016	12240	221	FDU-Florham	-	Opponent Totals	-	-	-	-	2	2	2	 	12	4.00
2016	12240	225	Ferrum	-	Totals	-	-	-	-	3	9	 	 	 	9.00
2016	12240	225	Ferrum	-	Opponent Totals	-	-	-	-	3	4	3	 	31	7.00
2016	12240	30032	Finlandia	-	TEAM	-	-	-	-	2	 	 	 	 	0.00
2016	12240	30032	Finlandia	-	Totals	-	-	-	-	3	4	1	 	42	5.00
2016	12240	30032	Finlandia	-	Opponent Totals	-	-	-	-	3	7	6	1	108	13.00
2016	12240	227	Fitchburg St.	-	TEAM	-	-	-	-	3	 	 	 	 	0.00
2016	12240	227	Fitchburg St.	-	Totals	-	-	-	-	3	10	5	 	12	15.00
2016	12240	227	Fitchburg St.	-	Opponent Totals	-	-	-	-	3	13	3	 	 	16.00
2016	12240	238	Framingham St.	-	TEAM	-	-	-	-	2	 	 	 	 	0.00
2016	12240	238	Framingham St.	-	Totals	-	-	-	-	3	6	5	 	15	11.00
2016	12240	238	Framingham St.	-	Opponent Totals	-	-	-	-	3	12	1	 	53	13.00
2016	12240	239	Frank. & Marsh.	-	TEAM	-	-	-	-	1	 	 	 	 	0.00
2016	12240	239	Frank. & Marsh.	-	Totals	-	-	-	-	3	9	4	 	36	13.00
2016	12240	239	Frank. & Marsh.	-	Opponent Totals	-	-	-	-	3	6	3	 	 	9.00
2016	12240	2694	Franklin	-	TEAM	-	-	-	-	2	 	 	 	 	0.00
2016	12240	2694	Franklin	-	Totals	-	-	-	-	3	7	2	 	38	9.00
2016	12240	2694	Franklin	-	Opponent Totals	-	-	-	-	3	10	3	 	33	13.00
2016	12240	243	Frostburg St.	-	TEAM	-	-	-	-	2	 	 	 	 	0.00
2016	12240	243	Frostburg St.	-	Totals	-	-	-	-	3	5	3	1	41	8.00
2016	12240	243	Frostburg St.	-	Opponent Totals	-	-	-	-	3	6	3	1	36	9.00
2016	12240	245	Gallaudet	-	TEAM	-	-	-	-	2	 	 	 	 	0.00
2016	12240	245	Gallaudet	-	Totals	-	-	-	-	2	7	3	 	57	10.00
2016	12240	245	Gallaudet	-	Opponent Totals	-	-	-	-	2	15	6	2	201	21.00
2016	12240	30084	Geneva	-	TEAM	-	-	-	-	3	 	 	 	 	0.00
2016	12240	30084	Geneva	-	Totals	-	-	-	-	3	12	6	1	23	18.00
2016	12240	30084	Geneva	-	Opponent Totals	-	-	-	-	3	4	1	 	 	5.00
2016	12240	1094	George Fox	-	TEAM	-	-	-	-	2	 	 	 	 	0.00
2016	12240	1094	George Fox	-	Totals	-	-	-	-	2	6	1	 	21	7.00
2016	12240	1094	George Fox	-	Opponent Totals	-	-	-	-	2	8	1	 	 	9.00
2016	12240	258	Gettysburg	-	TEAM	-	-	-	-	2	 	 	 	 	0.00
2016	12240	258	Gettysburg	-	Totals	-	-	-	-	3	7	4	 	11	11.00
2016	12240	258	Gettysburg	-	Opponent Totals	-	-	-	-	3	7	2	 	33	9.00
2016	12240	263	Greensboro	-	TEAM	-	-	-	-	3	 	 	 	 	0.00
2016	12240	263	Greensboro	-	Totals	-	-	-	-	3	16	7	1	168	23.00
2016	12240	263	Greensboro	-	Opponent Totals	-	-	-	-	3	7	5	 	74	12.00
2016	12240	1111	Greenville	-	TEAM	-	-	-	-	2	 	 	 	 	0.00
2016	12240	1111	Greenville	-	Totals	-	-	-	-	3	10	3	 	 	13.00
2016	12240	1111	Greenville	-	Opponent Totals	-	-	-	-	3	2	4	 	37	6.00
2016	12240	264	Grinnell	-	TEAM	-	-	-	-	2	 	 	 	 	0.00
2016	12240	264	Grinnell	-	Totals	-	-	-	-	2	3	 	 	 	3.00
2016	12240	264	Grinnell	-	Opponent Totals	-	-	-	-	2	4	1	 	34	5.00
2016	12240	265	Grove City	-	TEAM	-	-	-	-	1	 	 	 	 	0.00
2016	12240	265	Grove City	-	Totals	-	-	-	-	2	6	1	 	 	7.00
2016	12240	265	Grove City	-	Opponent Totals	-	-	-	-	2	7	7	 	14	14.00
2016	12240	1112	Guilford	-	TEAM	-	-	-	-	3	 	 	 	 	0.00
2016	12240	1112	Guilford	-	Totals	-	-	-	-	3	9	3	 	-2	12.00
2016	12240	1112	Guilford	-	Opponent Totals	-	-	-	-	3	11	 	 	 	11.00
2016	12240	266	Gust. Adolphus	-	TEAM	-	-	-	-	3	 	 	 	 	0.00
2016	12240	266	Gust. Adolphus	-	Totals	-	-	-	-	3	11	4	 	51	15.00
2016	12240	266	Gust. Adolphus	-	Opponent Totals	-	-	-	-	3	6	5	 	93	11.00
2016	12240	268	Hamline	-	TEAM	-	-	-	-	2	 	 	 	 	0.00
2016	12240	268	Hamline	-	Totals	-	-	-	-	3	4	5	 	130	9.00
2016	12240	268	Hamline	-	Opponent Totals	-	-	-	-	3	6	4	 	47	10.00
2016	12240	269	Hampden-Sydney	-	TEAM	-	-	-	-	3	 	 	 	 	0.00
2016	12240	269	Hampden-Sydney	-	Totals	-	-	-	-	3	9	5	 	87	14.00
2016	12240	269	Hampden-Sydney	-	Opponent Totals	-	-	-	-	3	17	2	 	8	19.00
2016	12240	1115	Hanover	-	TEAM	-	-	-	-	3	 	 	 	 	0.00
2016	12240	1115	Hanover	-	Totals	-	-	-	-	3	2	2	 	 	4.00
2016	12240	1115	Hanover	-	Opponent Totals	-	-	-	-	3	10	9	2	93	19.00
2016	12240	271	Hardin-Simmons	-	TEAM	-	-	-	-	2	 	 	 	 	0.00
2016	12240	271	Hardin-Simmons	-	Totals	-	-	-	-	3	12	6	 	81	18.00
2016	12240	271	Hardin-Simmons	-	Opponent Totals	-	-	-	-	3	6	2	 	52	8.00
2016	12240	273	Hartwick	-	TEAM	-	-	-	-	2	 	 	 	 	0.00
2016	12240	273	Hartwick	-	Totals	-	-	-	-	3	13	2	1	25	15.00
2016	12240	273	Hartwick	-	Opponent Totals	-	-	-	-	3	12	5	 	46	17.00
2016	12240	278	Heidelberg	-	TEAM	-	-	-	-	1	 	 	 	 	0.00
2016	12240	278	Heidelberg	-	Totals	-	-	-	-	2	6	2	 	35	8.00
2016	12240	278	Heidelberg	-	Opponent Totals	-	-	-	-	2	6	1	 	30	7.00
2016	12240	1124	Hendrix	-	TEAM	-	-	-	-	2	 	 	 	 	0.00
2016	12240	1124	Hendrix	-	Totals	-	-	-	-	2	8	3	 	15	11.00
2016	12240	1124	Hendrix	-	Opponent Totals	-	-	-	-	2	7	3	 	 	10.00
2016	12240	281	Hiram	-	TEAM	-	-	-	-	2	 	 	 	 	0.00
2016	12240	281	Hiram	-	Totals	-	-	-	-	2	6	3	 	42	9.00
2016	12240	281	Hiram	-	Opponent Totals	-	-	-	-	2	13	2	 	 	15.00
2016	12240	282	Hobart	-	TEAM	-	-	-	-	3	 	 	 	 	0.00
2016	12240	282	Hobart	-	Totals	-	-	-	-	3	22	4	 	39	26.00
2016	12240	282	Hobart	-	Opponent Totals	-	-	-	-	3	12	4	 	61	16.00
2016	12240	286	Hope	-	TEAM	-	-	-	-	1	 	 	 	 	0.00
2016	12240	286	Hope	-	Totals	-	-	-	-	3	11	2	 	22	13.00
2016	12240	286	Hope	-	Opponent Totals	-	-	-	-	3	12	1	 	 	13.00
2016	12240	2741	Howard Payne	-	TEAM	-	-	-	-	1	 	 	 	 	0.00
2016	12240	2741	Howard Payne	-	Totals	-	-	-	-	3	20	 	 	 	20.00
2016	12240	2741	Howard Payne	-	Opponent Totals	-	-	-	-	3	13	8	2	123	21.00
2016	12240	1130	Huntingdon	-	Totals	-	-	-	-	2	1	1	 	1	2.00
2016	12240	1130	Huntingdon	-	Opponent Totals	-	-	-	-	2	11	 	 	 	11.00
2016	12240	1133	Husson	-	TEAM	-	-	-	-	2	 	 	 	 	0.00
2016	12240	1133	Husson	-	Totals	-	-	-	-	2	11	3	 	100	14.00
2016	12240	1133	Husson	-	Opponent Totals	-	-	-	-	2	9	2	 	 	11.00
2016	12240	300	Ill. Wesleyan	-	TEAM	-	-	-	-	2	 	 	 	 	0.00
2016	12240	300	Ill. Wesleyan	-	Totals	-	-	-	-	3	6	6	 	47	12.00
2016	12240	300	Ill. Wesleyan	-	Opponent Totals	-	-	-	-	3	8	1	 	19	9.00
2016	12240	297	Illinois Col.	-	TEAM	-	-	-	-	1	 	 	 	 	0.00
2016	12240	297	Illinois Col.	-	Totals	-	-	-	-	2	6	2	 	55	8.00
2016	12240	297	Illinois Col.	-	Opponent Totals	-	-	-	-	2	13	1	 	 	14.00
2016	12240	313	Ithaca	-	TEAM	-	-	-	-	1	 	 	 	 	0.00
2016	12240	313	Ithaca	-	Totals	-	-	-	-	2	15	4	1	72	19.00
2016	12240	313	Ithaca	-	Opponent Totals	-	-	-	-	2	8	 	 	 	8.00
2016	12240	320	John Carroll	-	TEAM	-	-	-	-	2	 	 	 	 	0.00
2016	12240	320	John Carroll	-	Totals	-	-	-	-	2	5	1	 	30	6.00
2016	12240	320	John Carroll	-	Opponent Totals	-	-	-	-	2	8	3	 	35	11.00
2016	12240	322	Johns Hopkins	-	TEAM	-	-	-	-	3	 	 	 	 	0.00
2016	12240	322	Johns Hopkins	-	Totals	-	-	-	-	3	10	4	 	38	14.00
2016	12240	322	Johns Hopkins	-	Opponent Totals	-	-	-	-	3	7	1	 	 	8.00
2016	12240	325	Juniata	-	TEAM	-	-	-	-	1	 	 	 	 	0.00
2016	12240	325	Juniata	-	Totals	-	-	-	-	3	6	4	 	46	10.00
2016	12240	325	Juniata	-	Opponent Totals	-	-	-	-	3	17	3	 	 	20.00
2016	12240	326	Kalamazoo	-	TEAM	-	-	-	-	3	 	 	 	 	0.00
2016	12240	326	Kalamazoo	-	Totals	-	-	-	-	3	17	5	 	31	22.00
2016	12240	326	Kalamazoo	-	Opponent Totals	-	-	-	-	3	16	4	 	26	20.00
2016	12240	329	Kean	-	TEAM	-	-	-	-	2	 	 	 	 	0.00
2016	12240	329	Kean	-	Totals	-	-	-	-	2	10	5	 	 	15.00
2016	12240	329	Kean	-	Opponent Totals	-	-	-	-	2	8	1	1	41	9.00
2016	12240	335	Kenyon	-	TEAM	-	-	-	-	2	 	 	 	 	0.00
2016	12240	335	Kenyon	-	Totals	-	-	-	-	3	14	2	 	 	16.00
2016	12240	335	Kenyon	-	Opponent Totals	-	-	-	-	3	12	 	 	 	12.00
2016	12240	336	King's (PA)	-	TEAM	-	-	-	-	1	 	 	 	 	0.00
2016	12240	336	King's (PA)	-	Totals	-	-	-	-	3	10	2	 	 	12.00
2016	12240	336	King's (PA)	-	Opponent Totals	-	-	-	-	3	17	7	1	113	24.00
2016	12240	337	Knox	-	Totals	-	-	-	-	2	3	2	 	15	5.00
2016	12240	337	Knox	-	Opponent Totals	-	-	-	-	2	3	2	1	55	5.00
2016	12240	341	La Verne	-	TEAM	-	-	-	-	1	 	 	 	 	0.00
2016	12240	341	La Verne	-	Totals	-	-	-	-	2	4	2	1	44	6.00
2016	12240	341	La Verne	-	Opponent Totals	-	-	-	-	2	8	1	 	4	9.00
2016	12240	1162	LaGrange	-	Totals	-	-	-	-	3	13	3	 	33	16.00
2016	12240	1162	LaGrange	-	Opponent Totals	-	-	-	-	3	12	5	1	43	17.00
2016	12240	344	Lake Forest	-	TEAM	-	-	-	-	1	 	 	 	 	0.00
2016	12240	344	Lake Forest	-	Totals	-	-	-	-	1	7	3	 	15	10.00
2016	12240	344	Lake Forest	-	Opponent Totals	-	-	-	-	1	4	1	 	 	5.00
2016	12240	1164	Lakeland	-	TEAM	-	-	-	-	2	 	 	 	 	0.00
2016	12240	1164	Lakeland	-	Totals	-	-	-	-	2	9	2	 	36	11.00
2016	12240	1164	Lakeland	-	Opponent Totals	-	-	-	-	2	8	1	 	18	9.00
2016	12240	348	Lawrence	-	TEAM	-	-	-	-	1	1	 	 	 	1.00
2016	12240	348	Lawrence	-	Totals	-	-	-	-	3	8	3	 	14	11.00
2016	12240	348	Lawrence	-	Opponent Totals	-	-	-	-	3	4	2	 	 	6.00
2016	12240	351	Lebanon Valley	-	TEAM	-	-	-	-	2	1	 	 	 	1.00
2016	12240	351	Lebanon Valley	-	Totals	-	-	-	-	3	14	6	 	29	20.00
2016	12240	351	Lebanon Valley	-	Opponent Totals	-	-	-	-	3	9	7	 	52	16.00
2016	12240	22235	Lewis & Clark	-	Totals	-	-	-	-	2	5	 	 	 	5.00
2016	12240	22235	Lewis & Clark	-	Opponent Totals	-	-	-	-	2	6	2	 	 	8.00
2016	12240	1179	Linfield	-	TEAM	-	-	-	-	1	 	 	 	 	0.00
2016	12240	1179	Linfield	-	Totals	-	-	-	-	1	2	1	1	23	3.00
2016	12240	1179	Linfield	-	Opponent Totals	-	-	-	-	1	2	1	 	 	3.00
2016	12240	364	Loras	-	TEAM	-	-	-	-	3	 	 	 	 	0.00
2016	12240	364	Loras	-	Totals	-	-	-	-	3	12	3	1	66	15.00
2016	12240	364	Loras	-	Opponent Totals	-	-	-	-	3	20	5	 	32	25.00
2016	12240	1182	Louisiana Col.	-	TEAM	-	-	-	-	2	 	 	 	 	0.00
2016	12240	1182	Louisiana Col.	-	Totals	-	-	-	-	2	4	 	 	 	4.00
2016	12240	1182	Louisiana Col.	-	Opponent Totals	-	-	-	-	2	5	1	 	 	6.00
2016	12240	372	Luther	-	TEAM	-	-	-	-	2	 	 	 	 	0.00
2016	12240	372	Luther	-	Totals	-	-	-	-	3	9	 	 	 	9.00
2016	12240	372	Luther	-	Opponent Totals	-	-	-	-	3	3	 	 	 	3.00
2016	12240	373	Lycoming	-	TEAM	-	-	-	-	1	 	 	 	 	0.00
2016	12240	373	Lycoming	-	Totals	-	-	-	-	3	13	3	1	29	16.00
2016	12240	373	Lycoming	-	Opponent Totals	-	-	-	-	3	11	5	1	77	16.00
2016	12240	398	MIT	-	Totals	-	-	-	-	3	5	2	 	1	7.00
2016	12240	398	MIT	-	Opponent Totals	-	-	-	-	3	14	6	 	76	20.00
2016	12240	377	MacMurray	-	TEAM	-	-	-	-	1	 	 	 	 	0.00
2016	12240	377	MacMurray	-	Totals	-	-	-	-	2	8	1	 	 	9.00
2016	12240	377	MacMurray	-	Opponent Totals	-	-	-	-	2	10	4	 	42	14.00
2016	12240	378	Maine Maritime	-	TEAM	-	-	-	-	1	 	 	 	 	0.00
2016	12240	378	Maine Maritime	-	Totals	-	-	-	-	2	5	3	 	50	8.00
2016	12240	378	Maine Maritime	-	Opponent Totals	-	-	-	-	2	3	3	 	6	6.00
2016	12240	1192	Manchester	-	TEAM	-	-	-	-	1	 	 	 	 	0.00
2016	12240	1192	Manchester	-	Totals	-	-	-	-	2	3	1	 	 	4.00
2016	12240	1192	Manchester	-	Opponent Totals	-	-	-	-	2	4	3	 	80	7.00
2016	12240	1194	Maranatha Baptist	-	Totals	-	-	-	-	2	1	 	 	 	1.00
2016	12240	1194	Maranatha Baptist	-	Opponent Totals	-	-	-	-	2	9	3	 	14	12.00
2016	12240	385	Marietta	-	TEAM	-	-	-	-	2	 	 	 	 	0.00
2016	12240	385	Marietta	-	Totals	-	-	-	-	2	4	 	 	 	4.00
2016	12240	385	Marietta	-	Opponent Totals	-	-	-	-	2	8	3	1	67	11.00
2016	12240	8597	Martin Luther	-	TEAM	-	-	-	-	1	 	 	 	 	0.00
2016	12240	8597	Martin Luther	-	Totals	-	-	-	-	3	10	1	 	-2	11.00
2016	12240	8597	Martin Luther	-	Opponent Totals	-	-	-	-	3	8	1	 	25	9.00
2016	12240	1203	Mary Hardin-Baylor	-	TEAM	-	-	-	-	1	 	 	 	 	0.00
2016	12240	1203	Mary Hardin-Baylor	-	Totals	-	-	-	-	1	3	2	 	70	5.00
2016	12240	1203	Mary Hardin-Baylor	-	Opponent Totals	-	-	-	-	1	2	1	 	22	3.00
2016	12240	396	Maryville (TN)	-	TEAM	-	-	-	-	2	 	 	 	 	0.00
2016	12240	396	Maryville (TN)	-	Totals	-	-	-	-	3	14	6	1	161	20.00
2016	12240	396	Maryville (TN)	-	Opponent Totals	-	-	-	-	3	11	2	 	-4	13.00
2016	12240	399	Mass. Maritime	-	TEAM	-	-	-	-	2	 	 	 	 	0.00
2016	12240	399	Mass. Maritime	-	Totals	-	-	-	-	2	4	4	 	31	8.00
2016	12240	399	Mass. Maritime	-	Opponent Totals	-	-	-	-	2	4	2	 	50	6.00
2016	12240	773	McDaniel	-	TEAM	-	-	-	-	2	 	 	 	 	0.00
2016	12240	773	McDaniel	-	Totals	-	-	-	-	3	8	1	 	18	9.00
2016	12240	773	McDaniel	-	Opponent Totals	-	-	-	-	3	10	2	 	45	12.00
2016	12240	724	Merchant Marine	-	TEAM	-	-	-	-	1	 	 	 	 	0.00
2016	12240	724	Merchant Marine	-	Totals	-	-	-	-	2	5	2	 	 	7.00
2016	12240	724	Merchant Marine	-	Opponent Totals	-	-	-	-	2	4	 	 	 	4.00
2016	12240	412	Methodist	-	TEAM	-	-	-	-	3	 	 	 	 	0.00
2016	12240	412	Methodist	-	Totals	-	-	-	-	3	13	6	1	90	19.00
2016	12240	412	Methodist	-	Opponent Totals	-	-	-	-	3	8	3	 	0	11.00
2016	12240	424	Millikin	-	TEAM	-	-	-	-	2	 	 	 	 	0.00
2016	12240	424	Millikin	-	Totals	-	-	-	-	2	3	4	 	35	7.00
2016	12240	424	Millikin	-	Opponent Totals	-	-	-	-	2	7	4	 	 	11.00
2016	12240	426	Millsaps	-	TEAM	-	-	-	-	2	 	 	 	 	0.00
2016	12240	426	Millsaps	-	Totals	-	-	-	-	3	9	3	1	85	12.00
2016	12240	426	Millsaps	-	Opponent Totals	-	-	-	-	3	16	4	 	58	20.00
2016	12240	1226	Minn.-Morris	-	TEAM	-	-	-	-	3	 	 	 	 	0.00
2016	12240	1226	Minn.-Morris	-	Totals	-	-	-	-	3	4	3	 	-3	7.00
2016	12240	1226	Minn.-Morris	-	Opponent Totals	-	-	-	-	3	15	7	 	147	22.00
2016	12240	16142	Misericordia	-	TEAM	-	-	-	-	1	 	 	 	 	0.00
2016	12240	16142	Misericordia	-	Totals	-	-	-	-	1	3	 	 	 	3.00
2016	12240	16142	Misericordia	-	Opponent Totals	-	-	-	-	1	2	 	 	 	2.00
2016	12240	438	Monmouth (IL)	-	TEAM	-	-	-	-	1	 	 	 	 	0.00
2016	12240	438	Monmouth (IL)	-	Totals	-	-	-	-	2	11	1	 	 	12.00
2016	12240	438	Monmouth (IL)	-	Opponent Totals	-	-	-	-	2	7	2	 	 	9.00
2016	12240	442	Montclair St.	-	Totals	-	-	-	-	2	7	1	 	7	8.00
2016	12240	442	Montclair St.	-	Opponent Totals	-	-	-	-	2	6	2	 	7	8.00
2016	12240	443	Moravian	-	TEAM	-	-	-	-	2	 	 	 	 	0.00
2016	12240	443	Moravian	-	Totals	-	-	-	-	2	13	3	 	37	16.00
2016	12240	443	Moravian	-	Opponent Totals	-	-	-	-	2	4	2	 	 	6.00
2016	12240	30067	Morrisville St.	-	TEAM	-	-	-	-	1	 	 	 	 	0.00
2016	12240	30067	Morrisville St.	-	Totals	-	-	-	-	2	8	 	 	 	8.00
2016	12240	30067	Morrisville St.	-	Opponent Totals	-	-	-	-	2	9	1	 	 	10.00
2016	12240	27901	Mount Ida	-	TEAM	-	-	-	-	2	 	 	 	 	0.00
2016	12240	27901	Mount Ida	-	Totals	-	-	-	-	3	6	3	 	15	9.00
2016	12240	27901	Mount Ida	-	Opponent Totals	-	-	-	-	3	6	2	 	18	8.00
2016	12240	452	Mount Union	-	TEAM	-	-	-	-	1	 	 	 	 	0.00
2016	12240	452	Mount Union	-	Totals	-	-	-	-	2	6	 	 	 	6.00
2016	12240	452	Mount Union	-	Opponent Totals	-	-	-	-	2	7	 	 	 	7.00
2016	12240	8567	Mt. St. Joseph	-	TEAM	-	-	-	-	2	 	 	 	 	0.00
2016	12240	8567	Mt. St. Joseph	-	Totals	-	-	-	-	2	14	2	 	16	16.00
2016	12240	8567	Mt. St. Joseph	-	Opponent Totals	-	-	-	-	2	26	2	1	43	28.00
2016	12240	453	Muhlenberg	-	TEAM	-	-	-	-	3	 	 	 	 	0.00
2016	12240	453	Muhlenberg	-	Totals	-	-	-	-	3	7	5	 	31	12.00
2016	12240	453	Muhlenberg	-	Opponent Totals	-	-	-	-	3	8	2	 	5	10.00
2016	12240	455	Muskingum	-	TEAM	-	-	-	-	1	 	 	 	 	0.00
2016	12240	455	Muskingum	-	Totals	-	-	-	-	2	6	1	 	10	7.00
2016	12240	455	Muskingum	-	Opponent Totals	-	-	-	-	2	5	2	 	 	7.00
2016	12240	491	N.C. Wesleyan	-	TEAM	-	-	-	-	1	 	 	 	 	0.00
2016	12240	491	N.C. Wesleyan	-	Totals	-	-	-	-	3	14	1	 	21	15.00
2016	12240	491	N.C. Wesleyan	-	Opponent Totals	-	-	-	-	3	10	4	 	73	14.00
2016	12240	462	Neb. Wesleyan	-	TEAM	-	-	-	-	3	 	 	 	 	0.00
2016	12240	462	Neb. Wesleyan	-	Totals	-	-	-	-	3	10	2	 	27	12.00
2016	12240	462	Neb. Wesleyan	-	Opponent Totals	-	-	-	-	3	6	6	2	97	12.00
2016	12240	484	Nichols	-	TEAM	-	-	-	-	1	 	 	 	 	0.00
2016	12240	484	Nichols	-	Totals	-	-	-	-	3	11	3	 	8	14.00
2016	12240	484	Nichols	-	Opponent Totals	-	-	-	-	3	11	1	1	17	12.00
2016	12240	492	North Central (IL)	-	TEAM	-	-	-	-	1	 	 	 	 	0.00
2016	12240	492	North Central (IL)	-	Totals	-	-	-	-	2	15	3	 	59	18.00
2016	12240	492	North Central (IL)	-	Opponent Totals	-	-	-	-	2	8	 	 	 	8.00
2016	12240	496	North Park	-	TEAM	-	-	-	-	2	 	 	 	 	0.00
2016	12240	496	North Park	-	Totals	-	-	-	-	3	8	1	1	36	9.00
2016	12240	496	North Park	-	Opponent Totals	-	-	-	-	3	17	5	2	99	22.00
2016	12240	30031	Northwestern-St. Paul	-	TEAM	-	-	-	-	3	 	 	 	 	0.00
2016	12240	30031	Northwestern-St. Paul	-	Totals	-	-	-	-	3	15	5	 	124	20.00
2016	12240	30031	Northwestern-St. Paul	-	Opponent Totals	-	-	-	-	3	8	2	1	20	10.00
2016	12240	511	Norwich	-	TEAM	-	-	-	-	3	 	 	 	 	0.00
2016	12240	511	Norwich	-	Totals	-	-	-	-	3	6	 	 	 	6.00
2016	12240	511	Norwich	-	Opponent Totals	-	-	-	-	3	18	4	1	73	22.00
2016	12240	516	Occidental	-	TEAM	-	-	-	-	1	 	 	 	 	0.00
2016	12240	516	Occidental	-	Totals	-	-	-	-	1	8	1	 	 	9.00
2016	12240	516	Occidental	-	Opponent Totals	-	-	-	-	1	6	1	 	 	7.00
2016	12240	517	Ohio Northern	-	TEAM	-	-	-	-	2	 	 	 	 	0.00
2016	12240	517	Ohio Northern	-	Totals	-	-	-	-	2	5	1	 	 	6.00
2016	12240	517	Ohio Northern	-	Opponent Totals	-	-	-	-	2	7	2	 	30	9.00
2016	12240	520	Ohio Wesleyan	-	TEAM	-	-	-	-	1	 	 	 	 	0.00
2016	12240	520	Ohio Wesleyan	-	Totals	-	-	-	-	2	5	3	 	61	8.00
2016	12240	520	Ohio Wesleyan	-	Opponent Totals	-	-	-	-	2	13	6	 	81	19.00
2016	12240	525	Olivet	-	TEAM	-	-	-	-	3	 	 	 	 	0.00
2016	12240	525	Olivet	-	Totals	-	-	-	-	3	11	5	1	23	16.00
2016	12240	525	Olivet	-	Opponent Totals	-	-	-	-	3	6	2	1	47	8.00
2016	12240	531	Otterbein	-	TEAM	-	-	-	-	1	 	 	 	 	0.00
2016	12240	531	Otterbein	-	Totals	-	-	-	-	2	5	1	1	43	6.00
2016	12240	531	Otterbein	-	Opponent Totals	-	-	-	-	2	3	4	 	23	7.00
2016	12240	2751	Pacific (OR)	-	TEAM	-	-	-	-	2	 	 	 	 	0.00
2016	12240	2751	Pacific (OR)	-	Totals	-	-	-	-	2	7	2	 	 	9.00
2016	12240	2751	Pacific (OR)	-	Opponent Totals	-	-	-	-	2	8	2	 	66	10.00
2016	12240	548	Plymouth St.	-	TEAM	-	-	-	-	2	 	 	 	 	0.00
2016	12240	548	Plymouth St.	-	Totals	-	-	-	-	3	5	2	 	 	7.00
2016	12240	548	Plymouth St.	-	Opponent Totals	-	-	-	-	3	3	4	 	48	7.00
2016	12240	549	Pomona-Pitzer	-	TEAM	-	-	-	-	1	 	 	 	 	0.00
2016	12240	549	Pomona-Pitzer	-	Totals	-	-	-	-	2	6	 	 	 	6.00
2016	12240	549	Pomona-Pitzer	-	Opponent Totals	-	-	-	-	2	6	 	 	 	6.00
2016	12240	557	Puget Sound	-	TEAM	-	-	-	-	2	 	 	 	 	0.00
2016	12240	557	Puget Sound	-	Totals	-	-	-	-	2	7	2	 	22	9.00
2016	12240	557	Puget Sound	-	Opponent Totals	-	-	-	-	2	12	6	 	124	18.00
2016	12240	565	Randolph-Macon	-	TEAM	-	-	-	-	1	 	 	 	 	0.00
2016	12240	565	Randolph-Macon	-	Totals	-	-	-	-	3	8	 	 	 	8.00
2016	12240	565	Randolph-Macon	-	Opponent Totals	-	-	-	-	3	8	4	 	76	12.00
2016	12240	567	Redlands	-	TEAM	-	-	-	-	2	 	 	 	 	0.00
2016	12240	567	Redlands	-	Totals	-	-	-	-	2	13	2	 	 	15.00
2016	12240	567	Redlands	-	Opponent Totals	-	-	-	-	2	5	3	 	39	8.00
2016	12240	570	Rensselaer	-	TEAM	-	-	-	-	3	 	 	 	 	0.00
2016	12240	570	Rensselaer	-	Totals	-	-	-	-	3	15	2	 	23	17.00
2016	12240	570	Rensselaer	-	Opponent Totals	-	-	-	-	3	8	 	 	 	8.00
2016	12240	573	Rhodes	-	TEAM	-	-	-	-	2	 	 	 	 	0.00
2016	12240	573	Rhodes	-	Totals	-	-	-	-	3	8	1	 	 	9.00
2016	12240	573	Rhodes	-	Opponent Totals	-	-	-	-	3	11	4	 	17	15.00
2016	12240	577	Ripon	-	TEAM	-	-	-	-	1	 	 	 	 	0.00
2016	12240	577	Ripon	-	Totals	-	-	-	-	2	6	5	1	91	11.00
2016	12240	577	Ripon	-	Opponent Totals	-	-	-	-	2	10	1	 	 	11.00
2016	12240	581	Rochester (NY)	-	TEAM	-	-	-	-	1	 	 	 	 	0.00
2016	12240	581	Rochester (NY)	-	Totals	-	-	-	-	2	4	1	 	 	5.00
2016	12240	581	Rochester (NY)	-	Opponent Totals	-	-	-	-	2	2	1	 	 	3.00
2016	12240	582	Rockford	-	TEAM	-	-	-	-	2	 	 	 	 	0.00
2016	12240	582	Rockford	-	Totals	-	-	-	-	2	9	2	 	 	11.00
2016	12240	582	Rockford	-	Opponent Totals	-	-	-	-	2	3	1	 	6	4.00
2016	12240	585	Rose-Hulman	-	TEAM	-	-	-	-	2	 	 	 	 	0.00
2016	12240	585	Rose-Hulman	-	Totals	-	-	-	-	3	16	5	 	16	21.00
2016	12240	585	Rose-Hulman	-	Opponent Totals	-	-	-	-	3	8	 	 	 	8.00
2016	12240	259	Rowan	-	TEAM	-	-	-	-	1	 	 	 	 	0.00
2016	12240	259	Rowan	-	Totals	-	-	-	-	2	8	5	1	28	13.00
2016	12240	259	Rowan	-	Opponent Totals	-	-	-	-	2	2	 	 	 	2.00
2016	12240	168	SUNY Cortland	-	TEAM	-	-	-	-	2	 	 	 	 	0.00
2016	12240	168	SUNY Cortland	-	Totals	-	-	-	-	3	18	1	 	53	19.00
2016	12240	168	SUNY Cortland	-	Opponent Totals	-	-	-	-	3	7	2	 	 	9.00
2016	12240	478	SUNY Maritime	-	TEAM	-	-	-	-	2	 	 	 	 	0.00
2016	12240	478	SUNY Maritime	-	Totals	-	-	-	-	3	7	2	 	6	9.00
2016	12240	478	SUNY Maritime	-	Opponent Totals	-	-	-	-	3	9	4	 	31	13.00
2016	12240	602	Saint John's (MN)	-	TEAM	-	-	-	-	1	 	 	 	 	0.00
2016	12240	602	Saint John's (MN)	-	Totals	-	-	-	-	1	5	1	 	 	6.00
2016	12240	602	Saint John's (MN)	-	Opponent Totals	-	-	-	-	1	2	 	 	 	2.00
2016	12240	30064	Saint Vincent	-	TEAM	-	-	-	-	3	 	 	 	 	0.00
2016	12240	30064	Saint Vincent	-	Totals	-	-	-	-	3	9	3	 	17	12.00
2016	12240	30064	Saint Vincent	-	Opponent Totals	-	-	-	-	3	7	1	 	 	8.00
2016	12240	622	Salisbury	-	TEAM	-	-	-	-	1	 	 	 	 	0.00
2016	12240	622	Salisbury	-	Totals	-	-	-	-	2	7	4	 	56	11.00
2016	12240	622	Salisbury	-	Opponent Totals	-	-	-	-	2	5	1	 	 	6.00
2016	12240	623	Salve Regina	-	TEAM	-	-	-	-	2	 	 	 	 	0.00
2016	12240	623	Salve Regina	-	Totals	-	-	-	-	2	5	2	 	23	7.00
2016	12240	623	Salve Regina	-	Opponent Totals	-	-	-	-	2	6	1	 	10	7.00
2016	12240	652	Sewanee	-	TEAM	-	-	-	-	2	 	 	 	 	0.00
2016	12240	652	Sewanee	-	Totals	-	-	-	-	3	4	1	 	 	5.00
2016	12240	652	Sewanee	-	Opponent Totals	-	-	-	-	3	14	1	1	19	15.00
2016	12240	637	Shenandoah	-	TEAM	-	-	-	-	1	 	 	 	 	0.00
2016	12240	637	Shenandoah	-	Totals	-	-	-	-	3	9	4	1	84	13.00
2016	12240	637	Shenandoah	-	Opponent Totals	-	-	-	-	3	14	2	 	38	16.00
2016	12240	641	Simpson	-	TEAM	-	-	-	-	1	 	 	 	 	0.00
2016	12240	641	Simpson	-	Totals	-	-	-	-	1	3	 	 	 	3.00
2016	12240	641	Simpson	-	Opponent Totals	-	-	-	-	1	3	1	 	 	4.00
2016	12240	8746	Southwestern (TX)	-	TEAM	-	-	-	-	3	 	 	 	 	0.00
2016	12240	8746	Southwestern (TX)	-	Totals	-	-	-	-	3	3	3	 	25	6.00
2016	12240	8746	Southwestern (TX)	-	Opponent Totals	-	-	-	-	3	11	6	1	106	17.00
2016	12240	673	Springfield	-	TEAM	-	-	-	-	2	 	 	 	 	0.00
2016	12240	673	Springfield	-	Totals	-	-	-	-	3	16	1	 	18	17.00
2016	12240	673	Springfield	-	Opponent Totals	-	-	-	-	3	2	 	 	 	2.00
2016	12240	601	St. John Fisher	-	Totals	-	-	-	-	2	11	1	 	 	12.00
2016	12240	601	St. John Fisher	-	Opponent Totals	-	-	-	-	2	14	1	 	40	15.00
2016	12240	607	St. Lawrence	-	TEAM	-	-	-	-	2	 	 	 	 	0.00
2016	12240	607	St. Lawrence	-	Totals	-	-	-	-	3	16	4	1	42	20.00
2016	12240	607	St. Lawrence	-	Opponent Totals	-	-	-	-	3	7	1	 	 	8.00
2016	12240	614	St. Norbert	-	TEAM	-	-	-	-	1	 	 	 	 	0.00
2016	12240	614	St. Norbert	-	Totals	-	-	-	-	1	3	4	1	142	7.00
2016	12240	614	St. Norbert	-	Opponent Totals	-	-	-	-	1	1	 	 	 	1.00
2016	12240	615	St. Olaf	-	TEAM	-	-	-	-	2	 	 	 	 	0.00
2016	12240	615	St. Olaf	-	Totals	-	-	-	-	3	3	1	1	23	4.00
2016	12240	615	St. Olaf	-	Opponent Totals	-	-	-	-	3	14	1	 	13	15.00
2016	12240	618	St. Scholastica	-	TEAM	-	-	-	-	3	 	 	 	 	0.00
2016	12240	618	St. Scholastica	-	Totals	-	-	-	-	3	11	5	 	42	16.00
2016	12240	618	St. Scholastica	-	Opponent Totals	-	-	-	-	3	15	5	1	93	20.00
2016	12240	620	St. Thomas (MN)	-	TEAM	-	-	-	-	1	 	 	 	 	0.00
2016	12240	620	St. Thomas (MN)	-	Totals	-	-	-	-	2	2	1	1	100	3.00
2016	12240	620	St. Thomas (MN)	-	Opponent Totals	-	-	-	-	2	6	2	 	30	8.00
2016	12240	21852	Stevenson	-	TEAM	-	-	-	-	1	 	 	 	 	0.00
2016	12240	21852	Stevenson	-	Totals	-	-	-	-	2	8	5	1	106	13.00
2016	12240	21852	Stevenson	-	Opponent Totals	-	-	-	-	2	10	 	 	 	10.00
2016	12240	1390	Sul Ross St.	-	TEAM	-	-	-	-	1	 	 	 	 	0.00
2016	12240	1390	Sul Ross St.	-	Totals	-	-	-	-	2	5	2	 	25	7.00
2016	12240	1390	Sul Ross St.	-	Opponent Totals	-	-	-	-	2	7	8	 	76	15.00
2016	12240	685	Susquehanna	-	TEAM	-	-	-	-	1	 	 	 	 	0.00
2016	12240	685	Susquehanna	-	Totals	-	-	-	-	3	9	2	 	-7	11.00
2016	12240	685	Susquehanna	-	Opponent Totals	-	-	-	-	3	10	7	 	26	17.00
2016	12240	712	TCNJ	-	TEAM	-	-	-	-	2	 	 	 	 	0.00
2016	12240	712	TCNJ	-	Totals	-	-	-	-	3	5	3	 	12	8.00
2016	12240	712	TCNJ	-	Opponent Totals	-	-	-	-	3	18	3	 	 	21.00
2016	12240	1400	Texas Lutheran	-	TEAM	-	-	-	-	1	 	 	 	 	0.00
2016	12240	1400	Texas Lutheran	-	Totals	-	-	-	-	3	9	6	 	51	15.00
2016	12240	1400	Texas Lutheran	-	Opponent Totals	-	-	-	-	3	11	5	 	54	16.00
2016	12240	707	Thiel	-	TEAM	-	-	-	-	3	 	 	 	 	0.00
2016	12240	707	Thiel	-	Totals	-	-	-	-	3	7	1	 	17	8.00
2016	12240	707	Thiel	-	Opponent Totals	-	-	-	-	3	14	 	 	 	14.00
2016	12240	1402	Thomas More	-	TEAM	-	-	-	-	2	 	 	 	 	0.00
2016	12240	1402	Thomas More	-	Totals	-	-	-	-	3	15	5	2	113	20.00
2016	12240	1402	Thomas More	-	Opponent Totals	-	-	-	-	3	11	1	 	 	12.00
2016	12240	30037	Trine	-	TEAM	-	-	-	-	3	 	 	 	 	0.00
2016	12240	30037	Trine	-	Totals	-	-	-	-	3	11	5	 	132	16.00
2016	12240	30037	Trine	-	Opponent Totals	-	-	-	-	3	7	1	 	 	8.00
2016	12240	715	Trinity (TX)	-	TEAM	-	-	-	-	2	 	 	 	 	0.00
2016	12240	715	Trinity (TX)	-	Totals	-	-	-	-	3	16	8	 	67	24.00
2016	12240	715	Trinity (TX)	-	Opponent Totals	-	-	-	-	3	8	1	 	12	9.00
2016	12240	656	UMass Dartmouth	-	TEAM	-	-	-	-	1	 	 	 	 	0.00
2016	12240	656	UMass Dartmouth	-	Totals	-	-	-	-	3	7	3	 	48	10.00
2016	12240	656	UMass Dartmouth	-	Opponent Totals	-	-	-	-	3	16	2	 	15	18.00
2016	12240	727	Union (NY)	-	TEAM	-	-	-	-	1	 	 	 	 	0.00
2016	12240	727	Union (NY)	-	Totals	-	-	-	-	3	12	3	 	98	15.00
2016	12240	727	Union (NY)	-	Opponent Totals	-	-	-	-	3	14	5	2	74	19.00
2016	12240	730	Ursinus	-	TEAM	-	-	-	-	2	 	 	 	 	0.00
2016	12240	730	Ursinus	-	Totals	-	-	-	-	3	16	1	 	 	17.00
2016	12240	730	Ursinus	-	Opponent Totals	-	-	-	-	3	12	5	 	66	17.00
2016	12240	733	Utica	-	TEAM	-	-	-	-	3	 	 	 	 	0.00
2016	12240	733	Utica	-	Totals	-	-	-	-	3	11	2	 	25	13.00
2016	12240	733	Utica	-	Opponent Totals	-	-	-	-	3	9	1	 	 	10.00
2016	12240	808	WPI	-	TEAM	-	-	-	-	3	 	 	 	 	0.00
2016	12240	808	WPI	-	Totals	-	-	-	-	3	15	4	 	90	19.00
2016	12240	808	WPI	-	Opponent Totals	-	-	-	-	3	9	1	 	 	10.00
2016	12240	747	Wabash	-	TEAM	-	-	-	-	2	 	 	 	 	0.00
2016	12240	747	Wabash	-	Totals	-	-	-	-	2	8	5	 	64	13.00
2016	12240	747	Wabash	-	Opponent Totals	-	-	-	-	2	4	4	 	79	8.00
2016	12240	750	Wartburg	-	TEAM	-	-	-	-	3	 	 	 	 	0.00
2016	12240	750	Wartburg	-	Totals	-	-	-	-	3	9	5	 	24	14.00
2016	12240	750	Wartburg	-	Opponent Totals	-	-	-	-	3	16	4	 	18	20.00
2016	12240	751	Wash. & Jeff.	-	TEAM	-	-	-	-	2	 	 	 	 	0.00
2016	12240	751	Wash. & Jeff.	-	Totals	-	-	-	-	3	12	3	 	7	15.00
2016	12240	751	Wash. & Jeff.	-	Opponent Totals	-	-	-	-	3	13	3	1	23	16.00
2016	12240	752	Wash. & Lee	-	TEAM	-	-	-	-	1	 	 	 	 	0.00
2016	12240	752	Wash. & Lee	-	Totals	-	-	-	-	1	4	2	 	12	6.00
2016	12240	752	Wash. & Lee	-	Opponent Totals	-	-	-	-	1	1	1	 	 	2.00
2016	12240	755	Washington-St. Louis	-	TEAM	-	-	-	-	1	 	 	 	 	0.00
2016	12240	755	Washington-St. Louis	-	Totals	-	-	-	-	2	11	3	1	104	14.00
2016	12240	755	Washington-St. Louis	-	Opponent Totals	-	-	-	-	2	11	1	 	52	12.00
2016	12240	1434	Waynesburg	-	TEAM	-	-	-	-	1	 	 	 	 	0.00
2016	12240	1434	Waynesburg	-	Totals	-	-	-	-	3	5	2	 	 	7.00
2016	12240	1434	Waynesburg	-	Opponent Totals	-	-	-	-	3	11	3	 	27	14.00
2016	12240	763	Wesley	-	TEAM	-	-	-	-	1	 	 	 	 	0.00
2016	12240	763	Wesley	-	Totals	-	-	-	-	2	12	5	 	30	17.00
2016	12240	763	Wesley	-	Opponent Totals	-	-	-	-	2	6	 	 	 	6.00
2016	12240	770	Western Conn. St.	-	TEAM	-	-	-	-	2	 	 	 	 	0.00
2016	12240	770	Western Conn. St.	-	Totals	-	-	-	-	3	6	3	 	3	9.00
2016	12240	770	Western Conn. St.	-	Opponent Totals	-	-	-	-	3	12	1	 	61	13.00
2016	12240	775	Western New Eng.	-	TEAM	-	-	-	-	2	 	 	 	 	0.00
2016	12240	775	Western New Eng.	-	Totals	-	-	-	-	3	8	8	1	107	16.00
2016	12240	775	Western New Eng.	-	Opponent Totals	-	-	-	-	3	11	2	 	37	13.00
2016	12240	777	Westfield St.	-	TEAM	-	-	-	-	2	 	 	 	 	0.00
2016	12240	777	Westfield St.	-	Totals	-	-	-	-	3	13	1	1	17	14.00
2016	12240	777	Westfield St.	-	Opponent Totals	-	-	-	-	3	11	8	 	121	19.00
2016	12240	1450	Westminster (MO)	-	TEAM	-	-	-	-	2	 	 	 	 	0.00
2016	12240	1450	Westminster (MO)	-	Totals	-	-	-	-	3	9	3	1	49	12.00
2016	12240	1450	Westminster (MO)	-	Opponent Totals	-	-	-	-	3	7	3	 	18	10.00
2016	12240	1451	Westminster (PA)	-	Totals	-	-	-	-	3	10	7	2	128	17.00
2016	12240	1451	Westminster (PA)	-	Opponent Totals	-	-	-	-	3	7	5	 	42	12.00
2016	12240	778	Wheaton (IL)	-	TEAM	-	-	-	-	2	 	 	 	 	0.00
2016	12240	778	Wheaton (IL)	-	Totals	-	-	-	-	3	8	7	1	131	15.00
2016	12240	778	Wheaton (IL)	-	Opponent Totals	-	-	-	-	3	8	3	 	1	11.00
2016	12240	781	Whittier	-	Totals	-	-	-	-	2	8	 	 	 	8.00
2016	12240	781	Whittier	-	Opponent Totals	-	-	-	-	2	16	8	3	138	24.00
2016	12240	1454	Whitworth	-	TEAM	-	-	-	-	1	 	 	 	 	0.00
2016	12240	1454	Whitworth	-	Totals	-	-	-	-	1	9	2	 	3	11.00
2016	12240	1454	Whitworth	-	Opponent Totals	-	-	-	-	1	6	 	 	 	6.00
2016	12240	783	Widener	-	Totals	-	-	-	-	1	2	 	 	 	2.00
2016	12240	783	Widener	-	Opponent Totals	-	-	-	-	1	6	1	1	22	7.00
2016	12240	784	Wilkes	-	TEAM	-	-	-	-	1	 	 	 	 	0.00
2016	12240	784	Wilkes	-	Totals	-	-	-	-	3	8	2	 	39	10.00
2016	12240	784	Wilkes	-	Opponent Totals	-	-	-	-	3	13	4	1	31	17.00
2016	12240	785	Willamette	-	TEAM	-	-	-	-	1	 	 	 	 	0.00
2016	12240	785	Willamette	-	Totals	-	-	-	-	2	5	2	 	12	7.00
2016	12240	785	Willamette	-	Opponent Totals	-	-	-	-	2	12	3	 	37	15.00
2016	12240	1461	Wilmington (OH)	-	TEAM	-	-	-	-	1	 	 	 	 	0.00
2016	12240	1461	Wilmington (OH)	-	Totals	-	-	-	-	1	5	3	1	69	8.00
2016	12240	1461	Wilmington (OH)	-	Opponent Totals	-	-	-	-	1	7	1	 	 	8.00
2016	12240	8911	Wis. Lutheran	-	TEAM	-	-	-	-	3	 	 	 	 	0.00
2016	12240	8911	Wis. Lutheran	-	Totals	-	-	-	-	3	7	3	 	25	10.00
2016	12240	8911	Wis. Lutheran	-	Opponent Totals	-	-	-	-	3	14	8	 	66	22.00
2016	12240	793	Wis.-Eau Claire	-	Totals	-	-	-	-	3	8	1	 	3	9.00
2016	12240	793	Wis.-Eau Claire	-	Opponent Totals	-	-	-	-	3	2	6	2	192	8.00
2016	12240	795	Wis.-La Crosse	-	TEAM	-	-	-	-	3	 	 	 	 	0.00
2016	12240	795	Wis.-La Crosse	-	Totals	-	-	-	-	3	5	2	 	30	7.00
2016	12240	795	Wis.-La Crosse	-	Opponent Totals	-	-	-	-	3	7	 	 	 	7.00
2016	12240	798	Wis.-Oshkosh	-	TEAM	-	-	-	-	2	 	 	 	 	0.00
2016	12240	798	Wis.-Oshkosh	-	Totals	-	-	-	-	2	6	3	1	66	9.00
2016	12240	798	Wis.-Oshkosh	-	Opponent Totals	-	-	-	-	2	2	 	 	 	2.00
2016	12240	800	Wis.-Platteville	-	Totals	-	-	-	-	3	11	1	 	 	12.00
2016	12240	800	Wis.-Platteville	-	Opponent Totals	-	-	-	-	3	14	2	 	59	16.00
2016	12240	801	Wis.-River Falls	-	TEAM	-	-	-	-	1	 	 	 	 	0.00
2016	12240	801	Wis.-River Falls	-	Totals	-	-	-	-	2	7	3	 	73	10.00
2016	12240	801	Wis.-River Falls	-	Opponent Totals	-	-	-	-	2	11	1	 	 	12.00
2016	12240	802	Wis.-Stevens Point	-	Totals	-	-	-	-	1	2	 	 	 	2.00
2016	12240	802	Wis.-Stevens Point	-	Opponent Totals	-	-	-	-	1	5	3	1	40	8.00
2016	12240	803	Wis.-Stout	-	TEAM	-	-	-	-	1	 	 	 	 	0.00
2016	12240	803	Wis.-Stout	-	Totals	-	-	-	-	2	9	5	 	29	14.00
2016	12240	803	Wis.-Stout	-	Opponent Totals	-	-	-	-	2	13	1	 	16	14.00
2016	12240	805	Wis.-Whitewater	-	TEAM	-	-	-	-	2	 	 	 	 	0.00
2016	12240	805	Wis.-Whitewater	-	Totals	-	-	-	-	3	10	4	 	58	14.00
2016	12240	805	Wis.-Whitewater	-	Opponent Totals	-	-	-	-	3	2	 	 	 	2.00
2016	12240	806	Wittenberg	-	TEAM	-	-	-	-	2	 	 	 	 	0.00
2016	12240	806	Wittenberg	-	Totals	-	-	-	-	2	10	4	 	11	14.00
2016	12240	806	Wittenberg	-	Opponent Totals	-	-	-	-	2	8	2	 	39	10.00
2016	12240	787	Wm. Paterson	-	TEAM	-	-	-	-	1	 	 	 	 	0.00
2016	12240	787	Wm. Paterson	-	Totals	-	-	-	-	2	7	 	 	 	7.00
2016	12240	787	Wm. Paterson	-	Opponent Totals	-	-	-	-	2	3	5	1	60	8.00
2016	12240	807	Wooster	-	TEAM	-	-	-	-	1	 	 	 	 	0.00
2016	12240	807	Wooster	-	Totals	-	-	-	-	2	8	2	 	 	10.00
2016	12240	807	Wooster	-	Opponent Totals	-	-	-	-	2	7	1	 	 	8.00
2016	12240	809	Worcester St.	-	TEAM	-	-	-	-	1	 	 	 	 	0.00
2016	12240	809	Worcester St.	-	Totals	-	-	-	-	1	3	 	 	 	3.00
2016	12240	809	Worcester St.	-	Opponent Totals	-	-	-	-	1	3	2	 	23	5.00
