2016	12240	4	Adrian	-	TEAM	-	-	-	-	3	 	 	 	 	 	 	 	 	 	 	 
2016	12240	4	Adrian	-	Totals	-	-	-	-	3	6	37	4	1	1	2	1	 	 	 	 
2016	12240	4	Adrian	-	Opponent Totals	-	-	-	-	3	6	41	5	1	 	 	 	1	2	 	 
2016	12240	15	Albion	-	TEAM	-	-	-	-	2	 	 	 	 	 	 	 	 	 	 	 
2016	12240	15	Albion	-	Totals	-	-	-	-	3	14	92	10	3	1	2	 	 	 	 	 
2016	12240	15	Albion	-	Opponent Totals	-	-	-	-	3	9	63	4	5	 	 	 	 	1	 	 
2016	12240	16	Albright	-	TEAM	-	-	-	-	2	 	 	 	 	 	 	 	 	 	 	 
2016	12240	16	Albright	-	Totals	-	-	-	-	2	6	34	1	3	2	 	 	 	2	 	 
2016	12240	16	Albright	-	Opponent Totals	-	-	-	-	2	4	20	1	1	2	1	 	 	2	 	 
2016	12240	18	Alfred	-	TEAM	-	-	-	-	3	 	 	 	 	 	 	 	 	 	 	 
2016	12240	18	Alfred	-	Totals	-	-	-	-	3	13	84	7	4	2	 	 	1	 	 	 
2016	12240	18	Alfred	-	Opponent Totals	-	-	-	-	3	7	43	1	5	1	1	1	 	2	 	 
2016	12240	19	Allegheny	-	TEAM	-	-	-	-	3	 	 	 	 	 	 	 	 	 	 	 
2016	12240	19	Allegheny	-	Totals	-	-	-	-	3	3	20	1	2	 	 	1	 	 	 	 
2016	12240	19	Allegheny	-	Opponent Totals	-	-	-	-	3	14	85	8	3	3	1	 	 	 	1	 
2016	12240	21	Alma	-	TEAM	-	-	-	-	1	 	 	 	 	 	 	 	 	 	 	 
2016	12240	21	Alma	-	Totals	-	-	-	-	3	9	63	8	1	 	1	 	1	 	 	 
2016	12240	21	Alma	-	Opponent Totals	-	-	-	-	3	8	56	5	3	 	1	1	1	2	 	 
2016	12240	939	Anderson (IN)	-	TEAM	-	-	-	-	2	 	 	 	 	 	 	 	 	 	 	 
2016	12240	939	Anderson (IN)	-	Totals	-	-	-	-	3	3	17	 	2	1	1	 	 	 	 	 
2016	12240	939	Anderson (IN)	-	Opponent Totals	-	-	-	-	3	13	92	9	4	 	 	 	1	3	 	 
2016	12240	26	Anna Maria	-	TEAM	-	-	-	-	2	 	 	 	 	 	 	 	 	 	 	 
2016	12240	26	Anna Maria	-	Totals	-	-	-	-	3	7	34	1	3	3	 	 	1	 	1	 
2016	12240	26	Anna Maria	-	Opponent Totals	-	-	-	-	3	6	42	4	2	 	1	 	 	 	1	 
2016	12240	38	Augsburg	-	TEAM	-	-	-	-	3	 	 	 	 	 	 	 	 	 	 	 
2016	12240	38	Augsburg	-	Totals	-	-	-	-	3	17	114	11	6	 	 	 	 	2	 	 
2016	12240	38	Augsburg	-	Opponent Totals	-	-	-	-	3	9	63	5	4	 	1	 	 	 	 	 
2016	12240	40	Augustana (IL)	-	TEAM	-	-	-	-	2	 	 	 	 	 	 	 	 	 	 	 
2016	12240	40	Augustana (IL)	-	Totals	-	-	-	-	3	12	80	7	4	1	 	 	 	 	 	 
2016	12240	40	Augustana (IL)	-	Opponent Totals	-	-	-	-	3	13	77	5	5	3	2	1	 	 	 	 
2016	12240	42	Aurora	-	TEAM	-	-	-	-	2	 	 	 	 	 	 	 	 	 	 	 
2016	12240	42	Aurora	-	Totals	-	-	-	-	2	4	27	3	1	 	2	 	 	 	 	 
2016	12240	42	Aurora	-	Opponent Totals	-	-	-	-	2	12	75	5	6	1	 	1	 	1	 	 
2016	12240	953	Austin	-	TEAM	-	-	-	-	2	 	 	 	 	 	 	 	 	 	 	 
2016	12240	953	Austin	-	Totals	-	-	-	-	2	6	38	4	1	1	 	 	 	 	 	 
2016	12240	953	Austin	-	Opponent Totals	-	-	-	-	2	8	54	4	4	 	1	1	1	2	1	 
2016	12240	44	Averett	-	TEAM	-	-	-	-	2	 	 	 	 	 	 	 	 	 	 	 
2016	12240	44	Averett	-	Totals	-	-	-	-	3	5	35	4	1	 	 	 	 	2	 	 
2016	12240	44	Averett	-	Opponent Totals	-	-	-	-	3	13	89	10	3	 	 	4	1	1	 	 
2016	12240	46	Baldwin Wallace	-	TEAM	-	-	-	-	2	 	 	 	 	 	 	 	 	 	 	 
2016	12240	46	Baldwin Wallace	-	Totals	-	-	-	-	2	6	40	6	 	 	 	 	 	1	 	 
2016	12240	46	Baldwin Wallace	-	Opponent Totals	-	-	-	-	2	9	58	5	3	1	1	 	1	 	 	 
2016	12240	26107	Becker	-	TEAM	-	-	-	-	2	 	 	 	 	 	 	 	 	 	 	 
2016	12240	26107	Becker	-	Totals	-	-	-	-	2	6	25	1	1	4	 	 	 	1	 	 
2016	12240	26107	Becker	-	Opponent Totals	-	-	-	-	2	10	53	3	3	4	1	 	 	 	 	 
2016	12240	53	Beloit	-	TEAM	-	-	-	-	1	 	 	 	 	 	 	 	 	 	 	 
2016	12240	53	Beloit	-	Totals	-	-	-	-	3	11	68	6	3	2	1	 	 	 	1	 
2016	12240	53	Beloit	-	Opponent Totals	-	-	-	-	3	11	80	4	7	 	1	 	 	2	 	 
2016	12240	296	Benedictine (IL)	-	TEAM	-	-	-	-	1	 	 	 	 	 	 	 	 	 	 	 
2016	12240	296	Benedictine (IL)	-	Totals	-	-	-	-	3	3	21	2	1	 	 	1	 	3	1	 
2016	12240	296	Benedictine (IL)	-	Opponent Totals	-	-	-	-	3	7	42	5	1	1	3	 	1	 	 	 
2016	12240	973	Berry	-	TEAM	-	-	-	-	2	 	 	 	 	 	 	 	 	 	 	 
2016	12240	973	Berry	-	Totals	-	-	-	-	3	8	44	1	4	3	 	 	1	 	 	 
2016	12240	973	Berry	-	Opponent Totals	-	-	-	-	3	3	16	 	2	1	 	 	 	2	 	 
2016	12240	59	Bethany (WV)	-	TEAM	-	-	-	-	3	 	 	 	 	 	 	 	 	 	 	 
2016	12240	59	Bethany (WV)	-	Totals	-	-	-	-	3	3	17	2	 	1	 	 	 	 	 	 
2016	12240	59	Bethany (WV)	-	Opponent Totals	-	-	-	-	3	12	70	4	5	3	 	 	 	 	 	 
2016	12240	60	Bethel (MN)	-	Totals	-	-	-	-	3	8	56	4	4	 	1	 	 	2	 	 
2016	12240	60	Bethel (MN)	-	Opponent Totals	-	-	-	-	3	6	30	2	1	3	1	 	 	 	 	 
2016	12240	28593	Birmingham-So.	-	Totals	-	-	-	-	2	5	27	3	 	2	 	 	1	 	 	 
2016	12240	28593	Birmingham-So.	-	Opponent Totals	-	-	-	-	2	7	49	1	6	 	2	 	1	 	 	 
2016	12240	987	Bluffton	-	TEAM	-	-	-	-	1	 	 	 	 	 	 	 	 	 	 	 
2016	12240	987	Bluffton	-	Totals	-	-	-	-	2	7	41	2	3	2	1	 	 	1	 	 
2016	12240	987	Bluffton	-	Opponent Totals	-	-	-	-	2	4	26	4	 	 	 	 	1	1	 	 
2016	12240	75	Bridgewater (VA)	-	TEAM	-	-	-	-	1	 	 	 	 	 	 	 	 	 	 	 
2016	12240	75	Bridgewater (VA)	-	Totals	-	-	-	-	3	11	61	4	3	4	 	1	 	 	1	 
2016	12240	75	Bridgewater (VA)	-	Opponent Totals	-	-	-	-	3	10	64	7	2	1	1	 	1	3	 	 
2016	12240	76	Bridgewater St.	-	TEAM	-	-	-	-	2	 	 	 	 	 	 	 	 	 	 	 
2016	12240	76	Bridgewater St.	-	Totals	-	-	-	-	3	9	56	5	2	2	 	 	1	 	 	 
2016	12240	76	Bridgewater St.	-	Opponent Totals	-	-	-	-	3	9	54	3	5	1	1	 	2	1	 	 
2016	12240	78	Brockport	-	TEAM	-	-	-	-	1	 	 	 	 	 	 	 	 	 	 	 
2016	12240	78	Brockport	-	Totals	-	-	-	-	2	9	59	5	3	1	1	 	 	1	1	 
2016	12240	78	Brockport	-	Opponent Totals	-	-	-	-	2	2	14	1	1	 	 	 	 	1	 	 
2016	12240	84	Buena Vista	-	TEAM	-	-	-	-	1	 	 	 	 	 	 	 	 	 	 	 
2016	12240	84	Buena Vista	-	Totals	-	-	-	-	2	2	13	2	 	 	1	 	 	1	1	 
2016	12240	84	Buena Vista	-	Opponent Totals	-	-	-	-	2	8	56	5	3	 	 	 	1	 	1	 
2016	12240	85	Buffalo St.	-	TEAM	-	-	-	-	1	 	 	 	 	 	 	 	 	 	 	 
2016	12240	85	Buffalo St.	-	Totals	-	-	-	-	1	4	22	3	 	1	2	 	 	 	 	 
2016	12240	85	Buffalo St.	-	Opponent Totals	-	-	-	-	1	 	 	 	 	 	 	 	1	 	 	 
2016	12240	105	Cal Lutheran	-	TEAM	-	-	-	-	2	 	 	 	 	 	 	 	 	 	 	 
2016	12240	105	Cal Lutheran	-	Totals	-	-	-	-	2	7	36	4	 	3	 	1	 	 	 	 
2016	12240	105	Cal Lutheran	-	Opponent Totals	-	-	-	-	2	5	29	1	3	1	 	 	 	 	 	 
2016	12240	117	Capital	-	TEAM	-	-	-	-	1	 	 	 	 	 	 	 	 	 	 	 
2016	12240	117	Capital	-	Totals	-	-	-	-	2	11	67	9	 	2	 	 	 	1	 	 
2016	12240	117	Capital	-	Opponent Totals	-	-	-	-	2	4	28	3	1	 	 	1	 	1	 	 
2016	12240	118	Carleton	-	TEAM	-	-	-	-	2	 	 	 	 	 	 	 	 	 	 	 
2016	12240	118	Carleton	-	Totals	-	-	-	-	3	9	62	7	2	 	1	1	 	2	 	 
2016	12240	118	Carleton	-	Opponent Totals	-	-	-	-	3	11	69	6	4	1	3	 	 	1	 	 
2016	12240	119	Carnegie Mellon	-	Totals	-	-	-	-	2	2	14	 	2	 	 	 	1	1	 	 
2016	12240	119	Carnegie Mellon	-	Opponent Totals	-	-	-	-	2	7	41	1	4	2	 	 	 	 	 	 
2016	12240	120	Carroll (WI)	-	TEAM	-	-	-	-	2	 	 	 	 	 	 	 	 	 	 	 
2016	12240	120	Carroll (WI)	-	Totals	-	-	-	-	2	6	40	4	2	 	 	 	1	1	 	 
2016	12240	120	Carroll (WI)	-	Opponent Totals	-	-	-	-	2	4	29	3	1	 	 	 	 	3	 	 
2016	12240	121	Carthage	-	TEAM	-	-	-	-	1	 	 	 	 	 	 	 	 	 	 	 
2016	12240	121	Carthage	-	Totals	-	-	-	-	2	2	13	2	 	 	1	1	2	 	 	 
2016	12240	121	Carthage	-	Opponent Totals	-	-	-	-	2	7	45	4	2	1	 	 	 	1	 	 
2016	12240	122	Case	-	TEAM	-	-	-	-	1	 	 	 	 	 	 	 	 	 	 	 
2016	12240	122	Case	-	Totals	-	-	-	-	2	9	59	4	4	1	1	 	 	 	 	 
2016	12240	122	Case	-	Opponent Totals	-	-	-	-	2	5	31	 	4	1	1	 	 	2	 	 
2016	12240	123	Castleton	-	Totals	-	-	-	-	2	4	28	2	2	 	1	1	 	 	 	 
2016	12240	123	Castleton	-	Opponent Totals	-	-	-	-	2	2	9	 	1	1	1	 	1	1	1	 
2016	12240	124	Catholic	-	Totals	-	-	-	-	3	10	68	4	6	 	3	1	 	 	1	 
2016	12240	124	Catholic	-	Opponent Totals	-	-	-	-	3	11	58	5	1	5	1	 	 	1	 	 
2016	12240	126	Central (IA)	-	TEAM	-	-	-	-	1	 	 	 	 	 	 	 	 	 	 	 
2016	12240	126	Central (IA)	-	Totals	-	-	-	-	3	9	55	6	2	1	1	 	 	1	 	 
2016	12240	126	Central (IA)	-	Opponent Totals	-	-	-	-	3	3	21	2	1	 	1	1	 	 	1	 
2016	12240	132	Centre	-	TEAM	-	-	-	-	1	 	 	 	 	 	 	 	 	 	 	 
2016	12240	132	Centre	-	Totals	-	-	-	-	3	10	62	8	 	2	1	1	1	2	 	 
2016	12240	132	Centre	-	Opponent Totals	-	-	-	-	3	5	31	2	2	1	2	 	1	2	 	 
2016	12240	134	Chapman	-	TEAM	-	-	-	-	1	 	 	 	 	 	 	 	 	 	 	 
2016	12240	134	Chapman	-	Totals	-	-	-	-	1	1	7	1	 	 	 	 	 	 	 	 
2016	12240	134	Chapman	-	Opponent Totals	-	-	-	-	1	4	24	1	2	1	 	 	 	 	1	 
2016	12240	137	Chicago	-	TEAM	-	-	-	-	2	 	 	 	 	 	 	 	 	 	 	 
2016	12240	137	Chicago	-	Totals	-	-	-	-	2	6	38	1	4	1	1	 	 	 	 	 
2016	12240	137	Chicago	-	Opponent Totals	-	-	-	-	2	5	31	4	 	1	1	 	 	 	 	 
2016	12240	139	Chris. Newport	-	TEAM	-	-	-	-	2	 	 	 	 	 	 	 	 	 	 	 
2016	12240	139	Chris. Newport	-	Totals	-	-	-	-	3	9	50	4	2	3	 	1	1	4	1	 
2016	12240	139	Chris. Newport	-	Opponent Totals	-	-	-	-	3	12	75	6	4	2	1	 	 	 	 	 
2016	12240	142	Claremont-M-S	-	TEAM	-	-	-	-	2	 	 	 	 	 	 	 	 	 	 	 
2016	12240	142	Claremont-M-S	-	Totals	-	-	-	-	2	6	40	5	1	 	1	1	 	1	1	 
2016	12240	142	Claremont-M-S	-	Opponent Totals	-	-	-	-	2	3	15	1	1	1	2	 	2	 	 	 
2016	12240	722	Coast Guard	-	TEAM	-	-	-	-	2	 	 	 	 	 	 	 	 	 	 	 
2016	12240	722	Coast Guard	-	Totals	-	-	-	-	3	5	27	3	 	2	2	 	1	1	 	 
2016	12240	722	Coast Guard	-	Opponent Totals	-	-	-	-	3	7	44	3	3	1	3	 	 	 	1	 
2016	12240	150	Coe	-	TEAM	-	-	-	-	1	 	 	 	 	 	 	 	 	 	 	 
2016	12240	150	Coe	-	Totals	-	-	-	-	3	11	60	4	3	4	1	 	2	1	 	 
2016	12240	150	Coe	-	Opponent Totals	-	-	-	-	3	11	65	3	5	3	 	 	 	 	 	 
2016	12240	160	Concordia Chicago	-	TEAM	-	-	-	-	1	 	 	 	 	 	 	 	 	 	 	 
2016	12240	160	Concordia Chicago	-	Totals	-	-	-	-	2	5	37	2	3	 	1	1	1	 	 	 
2016	12240	160	Concordia Chicago	-	Opponent Totals	-	-	-	-	2	10	58	3	4	3	 	 	 	 	 	 
2016	12240	1036	Concordia Wisconsin	-	TEAM	-	-	-	-	3	 	 	 	 	 	 	 	 	 	 	 
2016	12240	1036	Concordia Wisconsin	-	Totals	-	-	-	-	3	5	30	3	1	1	1	 	1	1	 	 
2016	12240	1036	Concordia Wisconsin	-	Opponent Totals	-	-	-	-	3	15	90	9	3	3	1	 	 	1	 	 
2016	12240	161	Concordia-M'head	-	TEAM	-	-	-	-	2	 	 	 	 	 	 	 	 	 	 	 
2016	12240	161	Concordia-M'head	-	Totals	-	-	-	-	3	10	64	9	 	1	 	1	 	 	 	 
2016	12240	161	Concordia-M'head	-	Opponent Totals	-	-	-	-	3	6	38	4	1	1	1	1	1	3	 	 
2016	12240	166	Cornell College	-	TEAM	-	-	-	-	2	 	 	 	 	 	 	 	 	 	 	 
2016	12240	166	Cornell College	-	Totals	-	-	-	-	2	6	33	2	2	2	 	2	 	 	 	 
2016	12240	166	Cornell College	-	Opponent Totals	-	-	-	-	2	7	36	2	2	3	 	 	2	3	 	 
2016	12240	30035	Crown (MN)	-	Totals	-	-	-	-	3	9	56	5	4	 	 	 	1	2	 	 
2016	12240	30035	Crown (MN)	-	Opponent Totals	-	-	-	-	3	14	96	10	4	 	1	 	 	1	 	 
2016	12240	170	Curry	-	TEAM	-	-	-	-	1	 	 	 	 	 	 	 	 	 	 	 
2016	12240	170	Curry	-	Totals	-	-	-	-	3	5	30	1	3	1	1	 	1	 	1	 
2016	12240	170	Curry	-	Opponent Totals	-	-	-	-	3	9	55	4	3	2	 	 	 	1	 	 
2016	12240	177	DePauw	-	TEAM	-	-	-	-	2	 	 	 	 	 	 	 	 	 	 	 
2016	12240	177	DePauw	-	Totals	-	-	-	-	2	10	69	7	3	 	2	 	 	 	 	 
2016	12240	177	DePauw	-	Opponent Totals	-	-	-	-	2	2	14	1	1	 	 	 	 	1	 	 
2016	12240	1050	Defiance	-	TEAM	-	-	-	-	3	 	 	 	 	 	 	 	 	 	 	 
2016	12240	1050	Defiance	-	Totals	-	-	-	-	3	1	6	1	 	 	1	 	 	4	 	 
2016	12240	1050	Defiance	-	Opponent Totals	-	-	-	-	3	8	52	5	2	1	1	1	 	2	 	 
2016	12240	179	Delaware Valley	-	TEAM	-	-	-	-	3	 	 	 	 	 	 	 	 	 	 	 
2016	12240	179	Delaware Valley	-	Totals	-	-	-	-	3	3	20	3	 	 	3	1	1	2	1	 
2016	12240	179	Delaware Valley	-	Opponent Totals	-	-	-	-	3	6	36	1	4	1	1	1	 	1	 	 
2016	12240	182	Denison	-	TEAM	-	-	-	-	1	 	 	 	 	 	 	 	 	 	 	 
2016	12240	182	Denison	-	Totals	-	-	-	-	2	9	51	2	4	3	1	 	 	1	1	 
2016	12240	182	Denison	-	Opponent Totals	-	-	-	-	2	2	14	1	1	 	1	 	1	1	 	 
2016	12240	185	Dickinson	-	TEAM	-	-	-	-	2	 	 	 	 	 	 	 	 	 	 	 
2016	12240	185	Dickinson	-	Totals	-	-	-	-	3	8	52	6	1	1	 	 	 	 	 	 
2016	12240	185	Dickinson	-	Opponent Totals	-	-	-	-	3	7	45	4	2	1	1	 	 	 	 	 
2016	12240	192	Dubuque	-	TEAM	-	-	-	-	1	 	 	 	 	 	 	 	 	 	 	 
2016	12240	192	Dubuque	-	Totals	-	-	-	-	3	8	47	4	2	2	 	1	1	 	 	 
2016	12240	192	Dubuque	-	Opponent Totals	-	-	-	-	3	10	66	5	4	1	 	 	1	1	 	 
2016	12240	195	Earlham	-	TEAM	-	-	-	-	2	 	 	 	 	 	 	 	 	 	 	 
2016	12240	195	Earlham	-	Totals	-	-	-	-	3	5	30	 	4	1	 	 	 	1	 	 
2016	12240	195	Earlham	-	Opponent Totals	-	-	-	-	3	21	142	15	6	 	2	 	 	 	 	 
2016	12240	1062	East Tex. Baptist	-	TEAM	-	-	-	-	2	 	 	 	 	 	 	 	 	 	 	 
2016	12240	1062	East Tex. Baptist	-	Totals	-	-	-	-	3	8	52	4	3	1	1	 	1	 	 	 
2016	12240	1062	East Tex. Baptist	-	Opponent Totals	-	-	-	-	3	8	54	6	2	 	 	2	1	1	 	 
2016	12240	212	Elmhurst	-	TEAM	-	-	-	-	2	 	 	 	 	 	 	 	 	 	 	 
2016	12240	212	Elmhurst	-	Totals	-	-	-	-	2	5	23	2	 	3	 	 	 	 	1	 
2016	12240	212	Elmhurst	-	Opponent Totals	-	-	-	-	2	3	17	1	1	1	 	 	 	1	 	 
2016	12240	216	Emory & Henry	-	Totals	-	-	-	-	2	9	54	5	2	2	 	1	 	1	 	 
2016	12240	216	Emory & Henry	-	Opponent Totals	-	-	-	-	2	4	23	3	 	1	1	 	 	1	1	 
2016	12240	8981	Endicott	-	TEAM	-	-	-	-	2	 	 	 	 	 	 	 	 	 	 	 
2016	12240	8981	Endicott	-	Totals	-	-	-	-	2	4	23	1	2	1	1	 	 	1	 	 
2016	12240	8981	Endicott	-	Opponent Totals	-	-	-	-	2	7	49	1	6	 	 	2	 	1	 	 
2016	12240	218	Eureka	-	TEAM	-	-	-	-	2	 	 	 	 	 	 	 	 	 	 	 
2016	12240	218	Eureka	-	Totals	-	-	-	-	3	10	61	6	2	2	4	1	1	1	1	 
2016	12240	218	Eureka	-	Opponent Totals	-	-	-	-	3	7	43	1	5	1	 	1	2	2	 	 
2016	12240	221	FDU-Florham	-	TEAM	-	-	-	-	2	 	 	 	 	 	 	 	 	 	 	 
2016	12240	221	FDU-Florham	-	Totals	-	-	-	-	2	4	27	1	3	 	 	1	 	1	1	 
2016	12240	221	FDU-Florham	-	Opponent Totals	-	-	-	-	2	6	38	5	 	1	 	 	 	 	 	 
2016	12240	225	Ferrum	-	Totals	-	-	-	-	3	8	44	4	1	3	 	1	 	1	 	 
2016	12240	225	Ferrum	-	Opponent Totals	-	-	-	-	3	13	83	6	5	2	 	 	 	1	 	 
2016	12240	30032	Finlandia	-	TEAM	-	-	-	-	2	 	 	 	 	 	 	 	 	 	 	 
2016	12240	30032	Finlandia	-	Totals	-	-	-	-	3	1	3	 	 	1	 	 	 	1	 	 
2016	12240	30032	Finlandia	-	Opponent Totals	-	-	-	-	3	20	131	17	1	2	 	 	 	 	 	 
2016	12240	227	Fitchburg St.	-	TEAM	-	-	-	-	3	 	 	 	 	 	 	 	 	 	 	 
2016	12240	227	Fitchburg St.	-	Totals	-	-	-	-	3	11	72	6	4	1	1	 	 	2	 	 
2016	12240	227	Fitchburg St.	-	Opponent Totals	-	-	-	-	3	7	40	 	5	2	1	 	 	1	 	 
2016	12240	238	Framingham St.	-	TEAM	-	-	-	-	2	 	 	 	 	 	 	 	 	 	 	 
2016	12240	238	Framingham St.	-	Totals	-	-	-	-	3	16	112	3	13	 	 	1	 	 	 	 
2016	12240	238	Framingham St.	-	Opponent Totals	-	-	-	-	3	8	54	4	4	 	 	 	1	1	 	 
2016	12240	239	Frank. & Marsh.	-	TEAM	-	-	-	-	1	 	 	 	 	 	 	 	 	 	 	 
2016	12240	239	Frank. & Marsh.	-	Totals	-	-	-	-	3	9	53	4	3	2	 	 	 	 	 	 
2016	12240	239	Frank. & Marsh.	-	Opponent Totals	-	-	-	-	3	7	35	1	3	3	 	1	 	2	 	 
2016	12240	2694	Franklin	-	TEAM	-	-	-	-	2	 	 	 	 	 	 	 	 	 	 	 
2016	12240	2694	Franklin	-	Totals	-	-	-	-	3	10	66	7	2	1	1	3	 	2	 	 
2016	12240	2694	Franklin	-	Opponent Totals	-	-	-	-	3	9	47	2	3	4	1	 	 	1	1	 
2016	12240	243	Frostburg St.	-	TEAM	-	-	-	-	2	 	 	 	 	 	 	 	 	 	 	 
2016	12240	243	Frostburg St.	-	Totals	-	-	-	-	3	8	48	4	2	2	1	 	1	1	 	 
2016	12240	243	Frostburg St.	-	Opponent Totals	-	-	-	-	3	7	44	2	4	1	 	 	 	 	 	 
2016	12240	245	Gallaudet	-	TEAM	-	-	-	-	2	 	 	 	 	 	 	 	 	 	 	 
2016	12240	245	Gallaudet	-	Totals	-	-	-	-	2	4	26	 	4	 	 	 	1	1	 	 
2016	12240	245	Gallaudet	-	Opponent Totals	-	-	-	-	2	7	44	2	4	1	1	 	1	 	 	 
2016	12240	30084	Geneva	-	TEAM	-	-	-	-	3	 	 	 	 	 	 	 	 	 	 	 
2016	12240	30084	Geneva	-	Totals	-	-	-	-	3	5	32	4	1	 	 	 	 	1	 	 
2016	12240	30084	Geneva	-	Opponent Totals	-	-	-	-	3	11	64	2	6	3	 	 	1	2	 	 
2016	12240	1094	George Fox	-	TEAM	-	-	-	-	2	 	 	 	 	 	 	 	 	 	 	 
2016	12240	1094	George Fox	-	Totals	-	-	-	-	2	6	34	3	1	2	 	1	 	 	1	 
2016	12240	1094	George Fox	-	Opponent Totals	-	-	-	-	2	7	48	5	2	 	 	1	 	2	1	 
2016	12240	258	Gettysburg	-	TEAM	-	-	-	-	2	 	 	 	 	 	 	 	 	 	 	 
2016	12240	258	Gettysburg	-	Totals	-	-	-	-	3	10	61	4	4	2	2	 	1	2	 	 
2016	12240	258	Gettysburg	-	Opponent Totals	-	-	-	-	3	7	35	1	3	3	 	 	 	 	 	 
2016	12240	263	Greensboro	-	TEAM	-	-	-	-	3	 	 	 	 	 	 	 	 	 	 	 
2016	12240	263	Greensboro	-	Totals	-	-	-	-	3	4	28	3	1	 	 	 	2	3	 	 
2016	12240	263	Greensboro	-	Opponent Totals	-	-	-	-	3	13	86	4	8	1	 	1	1	1	 	 
2016	12240	1111	Greenville	-	TEAM	-	-	-	-	2	 	 	 	 	 	 	 	 	 	 	 
2016	12240	1111	Greenville	-	Totals	-	-	-	-	3	6	33	2	2	2	1	 	 	1	1	 
2016	12240	1111	Greenville	-	Opponent Totals	-	-	-	-	3	5	29	2	2	1	 	 	1	 	 	 
2016	12240	264	Grinnell	-	TEAM	-	-	-	-	2	 	 	 	 	 	 	 	 	 	 	 
2016	12240	264	Grinnell	-	Totals	-	-	-	-	2	3	21	 	3	 	 	 	 	1	 	 
2016	12240	264	Grinnell	-	Opponent Totals	-	-	-	-	2	10	68	9	1	 	 	2	 	 	1	 
2016	12240	265	Grove City	-	TEAM	-	-	-	-	1	 	 	 	 	 	 	 	 	 	 	 
2016	12240	265	Grove City	-	Totals	-	-	-	-	2	4	23	 	3	1	 	 	1	2	 	 
2016	12240	265	Grove City	-	Opponent Totals	-	-	-	-	2	5	25	2	1	2	1	 	 	2	 	 
2016	12240	1112	Guilford	-	TEAM	-	-	-	-	3	 	 	 	 	 	 	 	 	 	 	 
2016	12240	1112	Guilford	-	Totals	-	-	-	-	3	16	110	7	9	 	 	1	 	 	1	 
2016	12240	1112	Guilford	-	Opponent Totals	-	-	-	-	3	4	27	3	1	 	 	 	2	3	 	 
2016	12240	266	Gust. Adolphus	-	TEAM	-	-	-	-	3	 	 	 	 	 	 	 	 	 	 	 
2016	12240	266	Gust. Adolphus	-	Totals	-	-	-	-	3	14	98	9	5	 	1	 	 	 	1	 
2016	12240	266	Gust. Adolphus	-	Opponent Totals	-	-	-	-	3	5	34	3	2	 	1	 	 	3	 	 
2016	12240	268	Hamline	-	TEAM	-	-	-	-	2	 	 	 	 	 	 	 	 	 	 	 
2016	12240	268	Hamline	-	Totals	-	-	-	-	3	9	55	4	3	2	 	1	1	1	1	 
2016	12240	268	Hamline	-	Opponent Totals	-	-	-	-	3	5	31	3	1	1	 	 	 	 	1	 
2016	12240	269	Hampden-Sydney	-	TEAM	-	-	-	-	3	 	 	 	 	 	 	 	 	 	 	 
2016	12240	269	Hampden-Sydney	-	Totals	-	-	-	-	3	8	48	3	3	2	1	 	 	1	 	 
2016	12240	269	Hampden-Sydney	-	Opponent Totals	-	-	-	-	3	10	61	6	2	2	 	1	2	4	 	 
2016	12240	1115	Hanover	-	TEAM	-	-	-	-	3	 	 	 	 	 	 	 	 	 	 	 
2016	12240	1115	Hanover	-	Totals	-	-	-	-	3	3	21	1	2	 	1	 	1	1	 	 
2016	12240	1115	Hanover	-	Opponent Totals	-	-	-	-	3	18	126	12	6	 	1	1	1	3	 	 
2016	12240	271	Hardin-Simmons	-	TEAM	-	-	-	-	2	 	 	 	 	 	 	 	 	 	 	 
2016	12240	271	Hardin-Simmons	-	Totals	-	-	-	-	3	10	69	5	5	 	3	 	 	3	 	 
2016	12240	271	Hardin-Simmons	-	Opponent Totals	-	-	-	-	3	3	20	1	2	 	 	 	1	2	 	 
2016	12240	273	Hartwick	-	TEAM	-	-	-	-	2	 	 	 	 	 	 	 	 	 	 	 
2016	12240	273	Hartwick	-	Totals	-	-	-	-	3	3	20	2	1	 	1	 	1	1	 	 
2016	12240	273	Hartwick	-	Opponent Totals	-	-	-	-	3	9	63	6	3	 	2	 	 	4	 	 
2016	12240	278	Heidelberg	-	TEAM	-	-	-	-	1	 	 	 	 	 	 	 	 	 	 	 
2016	12240	278	Heidelberg	-	Totals	-	-	-	-	2	4	23	2	1	1	 	2	 	 	 	 
2016	12240	278	Heidelberg	-	Opponent Totals	-	-	-	-	2	4	28	1	3	 	 	1	 	1	1	 
2016	12240	1124	Hendrix	-	TEAM	-	-	-	-	2	 	 	 	 	 	 	 	 	 	 	 
2016	12240	1124	Hendrix	-	Totals	-	-	-	-	2	9	62	5	4	 	 	1	1	1	1	 
2016	12240	1124	Hendrix	-	Opponent Totals	-	-	-	-	2	6	42	4	2	 	1	 	 	 	 	 
2016	12240	281	Hiram	-	TEAM	-	-	-	-	2	 	 	 	 	 	 	 	 	 	 	 
2016	12240	281	Hiram	-	Totals	-	-	-	-	2	2	9	 	1	1	1	 	1	 	 	 
2016	12240	281	Hiram	-	Opponent Totals	-	-	-	-	2	6	34	4	 	2	 	1	 	 	 	 
2016	12240	282	Hobart	-	TEAM	-	-	-	-	3	 	 	 	 	 	 	 	 	 	 	 
2016	12240	282	Hobart	-	Totals	-	-	-	-	3	4	23	2	1	1	1	2	 	1	 	 
2016	12240	282	Hobart	-	Opponent Totals	-	-	-	-	3	7	41	2	3	2	1	 	 	1	 	 
2016	12240	286	Hope	-	TEAM	-	-	-	-	1	 	 	 	 	 	 	 	 	 	 	 
2016	12240	286	Hope	-	Totals	-	-	-	-	3	9	61	6	3	 	1	 	 	1	 	 
2016	12240	286	Hope	-	Opponent Totals	-	-	-	-	3	9	51	5	1	3	1	 	1	1	1	 
2016	12240	2741	Howard Payne	-	TEAM	-	-	-	-	1	 	 	 	 	 	 	 	 	 	 	 
2016	12240	2741	Howard Payne	-	Totals	-	-	-	-	3	9	46	3	2	4	1	1	1	2	 	 
2016	12240	2741	Howard Payne	-	Opponent Totals	-	-	-	-	3	9	51	2	4	3	1	1	 	 	2	 
2016	12240	1130	Huntingdon	-	Totals	-	-	-	-	2	6	42	2	4	 	1	 	 	 	 	 
2016	12240	1130	Huntingdon	-	Opponent Totals	-	-	-	-	2	6	42	2	4	 	 	 	 	 	 	 
2016	12240	1133	Husson	-	TEAM	-	-	-	-	2	 	 	 	 	 	 	 	 	 	 	 
2016	12240	1133	Husson	-	Totals	-	-	-	-	2	6	39	4	1	1	 	1	 	1	1	 
2016	12240	1133	Husson	-	Opponent Totals	-	-	-	-	2	5	32	3	1	1	 	1	1	1	 	 
2016	12240	300	Ill. Wesleyan	-	TEAM	-	-	-	-	2	 	 	 	 	 	 	 	 	 	 	 
2016	12240	300	Ill. Wesleyan	-	Totals	-	-	-	-	3	13	83	7	4	2	1	 	1	1	 	 
2016	12240	300	Ill. Wesleyan	-	Opponent Totals	-	-	-	-	3	6	38	4	1	1	 	2	2	1	1	 
2016	12240	297	Illinois Col.	-	TEAM	-	-	-	-	1	 	 	 	 	 	 	 	 	 	 	 
2016	12240	297	Illinois Col.	-	Totals	-	-	-	-	2	8	51	1	6	1	 	 	 	 	 	 
2016	12240	297	Illinois Col.	-	Opponent Totals	-	-	-	-	2	9	50	3	3	3	3	 	 	 	 	 
2016	12240	313	Ithaca	-	TEAM	-	-	-	-	1	 	 	 	 	 	 	 	 	 	 	 
2016	12240	313	Ithaca	-	Totals	-	-	-	-	2	6	38	2	3	1	1	 	 	 	 	 
2016	12240	313	Ithaca	-	Opponent Totals	-	-	-	-	2	3	20	3	 	 	 	1	 	 	 	 
2016	12240	320	John Carroll	-	TEAM	-	-	-	-	2	 	 	 	 	 	 	 	 	 	 	 
2016	12240	320	John Carroll	-	Totals	-	-	-	-	2	4	27	1	3	 	 	2	1	1	1	 
2016	12240	320	John Carroll	-	Opponent Totals	-	-	-	-	2	2	9	 	1	1	 	1	 	 	 	 
2016	12240	322	Johns Hopkins	-	TEAM	-	-	-	-	3	 	 	 	 	 	 	 	 	 	 	 
2016	12240	322	Johns Hopkins	-	Totals	-	-	-	-	3	17	107	8	6	3	 	 	 	 	2	 
2016	12240	322	Johns Hopkins	-	Opponent Totals	-	-	-	-	3	5	31	4	 	1	2	 	 	 	 	 
2016	12240	325	Juniata	-	TEAM	-	-	-	-	1	 	 	 	 	 	 	 	 	 	 	 
2016	12240	325	Juniata	-	Totals	-	-	-	-	3	6	28	 	3	3	1	 	 	1	 	 
2016	12240	325	Juniata	-	Opponent Totals	-	-	-	-	3	4	20	1	1	2	 	 	1	 	 	 
2016	12240	326	Kalamazoo	-	TEAM	-	-	-	-	3	 	 	 	 	 	 	 	 	 	 	 
2016	12240	326	Kalamazoo	-	Totals	-	-	-	-	3	12	68	2	6	4	1	 	 	 	 	 
2016	12240	326	Kalamazoo	-	Opponent Totals	-	-	-	-	3	4	19	2	 	2	 	1	2	1	1	 
2016	12240	329	Kean	-	TEAM	-	-	-	-	2	 	 	 	 	 	 	 	 	 	 	 
2016	12240	329	Kean	-	Totals	-	-	-	-	2	7	43	4	2	1	2	1	 	 	 	 
2016	12240	329	Kean	-	Opponent Totals	-	-	-	-	2	2	14	2	 	 	 	 	3	 	 	 
2016	12240	335	Kenyon	-	TEAM	-	-	-	-	2	 	 	 	 	 	 	 	 	 	 	 
2016	12240	335	Kenyon	-	Totals	-	-	-	-	3	11	63	6	2	3	 	1	 	1	 	 
2016	12240	335	Kenyon	-	Opponent Totals	-	-	-	-	3	6	41	4	2	 	 	 	 	 	 	 
2016	12240	336	King's (PA)	-	TEAM	-	-	-	-	1	 	 	 	 	 	 	 	 	 	 	 
2016	12240	336	King's (PA)	-	Totals	-	-	-	-	3	8	51	6	1	1	 	 	 	 	 	 
2016	12240	336	King's (PA)	-	Opponent Totals	-	-	-	-	3	12	70	7	2	3	 	1	 	 	1	 
2016	12240	337	Knox	-	Totals	-	-	-	-	2	6	31	1	3	2	2	 	1	 	 	 
2016	12240	337	Knox	-	Opponent Totals	-	-	-	-	2	7	39	5	 	2	1	1	1	2	1	 
2016	12240	341	La Verne	-	TEAM	-	-	-	-	1	 	 	 	 	 	 	 	 	 	 	 
2016	12240	341	La Verne	-	Totals	-	-	-	-	2	4	27	4	 	 	 	2	 	2	1	 
2016	12240	341	La Verne	-	Opponent Totals	-	-	-	-	2	8	49	3	3	2	1	1	1	 	1	 
2016	12240	1162	LaGrange	-	Totals	-	-	-	-	3	7	47	1	6	 	1	 	1	2	 	 
2016	12240	1162	LaGrange	-	Opponent Totals	-	-	-	-	3	7	37	2	2	3	 	1	1	 	 	 
2016	12240	344	Lake Forest	-	TEAM	-	-	-	-	1	 	 	 	 	 	 	 	 	 	 	 
2016	12240	344	Lake Forest	-	Totals	-	-	-	-	1	3	21	1	2	 	 	 	 	 	 	 
2016	12240	344	Lake Forest	-	Opponent Totals	-	-	-	-	1	2	11	 	1	1	 	1	 	1	1	 
2016	12240	1164	Lakeland	-	TEAM	-	-	-	-	2	 	 	 	 	 	 	 	 	 	 	 
2016	12240	1164	Lakeland	-	Totals	-	-	-	-	2	4	29	3	1	 	 	 	 	2	 	 
2016	12240	1164	Lakeland	-	Opponent Totals	-	-	-	-	2	11	74	8	3	 	1	 	 	1	 	 
2016	12240	348	Lawrence	-	TEAM	-	-	-	-	1	 	 	 	 	 	 	 	 	 	 	 
2016	12240	348	Lawrence	-	Totals	-	-	-	-	3	11	68	7	2	2	1	 	 	1	 	 
2016	12240	348	Lawrence	-	Opponent Totals	-	-	-	-	3	6	37	4	1	1	2	1	1	 	1	 
2016	12240	351	Lebanon Valley	-	TEAM	-	-	-	-	2	 	 	 	 	 	 	 	 	 	 	 
2016	12240	351	Lebanon Valley	-	Totals	-	-	-	-	3	9	54	7	 	2	 	 	 	2	 	 
2016	12240	351	Lebanon Valley	-	Opponent Totals	-	-	-	-	3	6	37	1	4	1	 	 	1	1	 	 
2016	12240	22235	Lewis & Clark	-	Totals	-	-	-	-	2	 	 	 	 	 	 	 	 	1	 	 
2016	12240	22235	Lewis & Clark	-	Opponent Totals	-	-	-	-	2	8	47	5	1	2	 	 	 	 	1	 
2016	12240	1179	Linfield	-	TEAM	-	-	-	-	1	 	 	 	 	 	 	 	 	 	 	 
2016	12240	1179	Linfield	-	Totals	-	-	-	-	1	4	24	1	2	1	 	 	 	 	1	 
2016	12240	1179	Linfield	-	Opponent Totals	-	-	-	-	1	1	7	1	 	 	 	 	 	 	 	 
2016	12240	364	Loras	-	TEAM	-	-	-	-	3	 	 	 	 	 	 	 	 	 	 	 
2016	12240	364	Loras	-	Totals	-	-	-	-	3	12	64	2	5	5	2	1	 	 	 	 
2016	12240	364	Loras	-	Opponent Totals	-	-	-	-	3	14	86	8	3	3	 	 	 	1	 	 
2016	12240	1182	Louisiana Col.	-	TEAM	-	-	-	-	2	 	 	 	 	 	 	 	 	 	 	 
2016	12240	1182	Louisiana Col.	-	Totals	-	-	-	-	2	5	35	 	5	 	1	 	 	 	 	 
2016	12240	1182	Louisiana Col.	-	Opponent Totals	-	-	-	-	2	8	52	5	2	1	 	 	 	 	 	 
2016	12240	372	Luther	-	TEAM	-	-	-	-	2	 	 	 	 	 	 	 	 	 	 	 
2016	12240	372	Luther	-	Totals	-	-	-	-	3	12	80	12	 	 	 	2	 	 	 	 
2016	12240	372	Luther	-	Opponent Totals	-	-	-	-	3	5	22	 	2	3	 	 	 	1	 	 
2016	12240	373	Lycoming	-	TEAM	-	-	-	-	1	 	 	 	 	 	 	 	 	 	 	 
2016	12240	373	Lycoming	-	Totals	-	-	-	-	3	8	54	5	3	 	1	1	 	1	 	 
2016	12240	373	Lycoming	-	Opponent Totals	-	-	-	-	3	10	62	1	7	2	 	 	 	1	 	 
2016	12240	398	MIT	-	Totals	-	-	-	-	3	9	47	2	3	4	 	 	1	 	 	 
2016	12240	398	MIT	-	Opponent Totals	-	-	-	-	3	13	75	6	3	4	 	 	 	 	 	 
2016	12240	377	MacMurray	-	TEAM	-	-	-	-	1	 	 	 	 	 	 	 	 	 	 	 
2016	12240	377	MacMurray	-	Totals	-	-	-	-	2	5	26	3	 	2	 	 	1	 	 	 
2016	12240	377	MacMurray	-	Opponent Totals	-	-	-	-	2	5	29	2	2	1	 	1	 	 	 	 
2016	12240	378	Maine Maritime	-	TEAM	-	-	-	-	1	 	 	 	 	 	 	 	 	 	 	 
2016	12240	378	Maine Maritime	-	Totals	-	-	-	-	2	6	34	3	1	2	 	 	 	1	 	 
2016	12240	378	Maine Maritime	-	Opponent Totals	-	-	-	-	2	5	31	3	1	1	1	1	 	 	2	 
2016	12240	1192	Manchester	-	TEAM	-	-	-	-	1	 	 	 	 	 	 	 	 	 	 	 
2016	12240	1192	Manchester	-	Totals	-	-	-	-	2	7	47	6	1	 	 	 	 	 	 	 
2016	12240	1192	Manchester	-	Opponent Totals	-	-	-	-	2	8	48	4	2	2	 	1	 	 	1	 
2016	12240	1194	Maranatha Baptist	-	Totals	-	-	-	-	2	1	6	1	 	 	 	 	1	 	1	 
2016	12240	1194	Maranatha Baptist	-	Opponent Totals	-	-	-	-	2	9	57	6	2	1	1	 	 	 	 	 
2016	12240	385	Marietta	-	TEAM	-	-	-	-	2	 	 	 	 	 	 	 	 	 	 	 
2016	12240	385	Marietta	-	Totals	-	-	-	-	2	5	35	4	1	 	1	 	1	2	 	 
2016	12240	385	Marietta	-	Opponent Totals	-	-	-	-	2	8	44	3	2	3	 	 	 	2	1	 
2016	12240	8597	Martin Luther	-	TEAM	-	-	-	-	1	 	 	 	 	 	 	 	 	 	 	 
2016	12240	8597	Martin Luther	-	Totals	-	-	-	-	3	8	54	6	2	 	 	 	1	1	 	 
2016	12240	8597	Martin Luther	-	Opponent Totals	-	-	-	-	3	10	64	7	3	 	1	 	 	1	 	 
2016	12240	1203	Mary Hardin-Baylor	-	TEAM	-	-	-	-	1	 	 	 	 	 	 	 	 	 	 	 
2016	12240	1203	Mary Hardin-Baylor	-	Totals	-	-	-	-	1	6	34	2	2	2	 	 	1	 	 	 
2016	12240	1203	Mary Hardin-Baylor	-	Opponent Totals	-	-	-	-	1	 	 	 	 	 	1	 	 	 	 	 
2016	12240	396	Maryville (TN)	-	TEAM	-	-	-	-	2	 	 	 	 	 	 	 	 	 	 	 
2016	12240	396	Maryville (TN)	-	Totals	-	-	-	-	3	7	40	2	3	2	1	 	 	 	2	 
2016	12240	396	Maryville (TN)	-	Opponent Totals	-	-	-	-	3	7	44	3	3	1	 	1	1	2	 	 
2016	12240	399	Mass. Maritime	-	TEAM	-	-	-	-	2	 	 	 	 	 	 	 	 	 	 	 
2016	12240	399	Mass. Maritime	-	Totals	-	-	-	-	2	7	48	4	3	 	1	 	 	 	1	 
2016	12240	399	Mass. Maritime	-	Opponent Totals	-	-	-	-	2	6	34	3	1	2	 	 	1	 	 	 
2016	12240	773	McDaniel	-	TEAM	-	-	-	-	2	 	 	 	 	 	 	 	 	 	 	 
2016	12240	773	McDaniel	-	Totals	-	-	-	-	3	6	22	1	 	5	 	1	 	2	 	 
2016	12240	773	McDaniel	-	Opponent Totals	-	-	-	-	3	13	89	4	9	 	2	1	 	1	 	 
2016	12240	724	Merchant Marine	-	TEAM	-	-	-	-	1	 	 	 	 	 	 	 	 	 	 	 
2016	12240	724	Merchant Marine	-	Totals	-	-	-	-	2	4	28	3	1	 	1	 	 	 	1	 
2016	12240	724	Merchant Marine	-	Opponent Totals	-	-	-	-	2	4	20	1	1	2	 	 	1	 	1	 
2016	12240	412	Methodist	-	TEAM	-	-	-	-	3	 	 	 	 	 	 	 	 	 	 	 
2016	12240	412	Methodist	-	Totals	-	-	-	-	3	5	29	2	2	1	 	 	2	 	 	 
2016	12240	412	Methodist	-	Opponent Totals	-	-	-	-	3	7	45	4	2	1	1	 	 	4	1	 
2016	12240	424	Millikin	-	TEAM	-	-	-	-	2	 	 	 	 	 	 	 	 	 	 	 
2016	12240	424	Millikin	-	Totals	-	-	-	-	2	4	19	1	1	2	 	 	2	 	 	 
2016	12240	424	Millikin	-	Opponent Totals	-	-	-	-	2	5	19	 	1	4	 	 	 	 	 	 
2016	12240	426	Millsaps	-	TEAM	-	-	-	-	2	 	 	 	 	 	 	 	 	 	 	 
2016	12240	426	Millsaps	-	Totals	-	-	-	-	3	11	72	7	4	 	1	 	 	 	1	 
2016	12240	426	Millsaps	-	Opponent Totals	-	-	-	-	3	12	72	4	5	3	1	 	 	 	 	 
2016	12240	1226	Minn.-Morris	-	TEAM	-	-	-	-	3	 	 	 	 	 	 	 	 	 	 	 
2016	12240	1226	Minn.-Morris	-	Totals	-	-	-	-	3	3	16	1	1	1	 	 	1	 	 	 
2016	12240	1226	Minn.-Morris	-	Opponent Totals	-	-	-	-	3	10	53	4	2	4	 	 	 	1	1	 
2016	12240	16142	Misericordia	-	TEAM	-	-	-	-	1	 	 	 	 	 	 	 	 	 	 	 
2016	12240	16142	Misericordia	-	Totals	-	-	-	-	1	4	28	4	 	 	 	 	 	 	 	 
2016	12240	16142	Misericordia	-	Opponent Totals	-	-	-	-	1	4	21	2	 	2	 	 	 	1	 	 
2016	12240	438	Monmouth (IL)	-	TEAM	-	-	-	-	1	 	 	 	 	 	 	 	 	 	 	 
2016	12240	438	Monmouth (IL)	-	Totals	-	-	-	-	2	7	45	4	2	1	1	 	 	 	 	 
2016	12240	438	Monmouth (IL)	-	Opponent Totals	-	-	-	-	2	3	19	3	 	 	 	 	 	 	 	 
2016	12240	442	Montclair St.	-	Totals	-	-	-	-	2	5	31	1	3	1	 	 	 	 	 	 
2016	12240	442	Montclair St.	-	Opponent Totals	-	-	-	-	2	7	38	4	1	2	1	 	 	 	 	 
2016	12240	443	Moravian	-	TEAM	-	-	-	-	2	 	 	 	 	 	 	 	 	 	 	 
2016	12240	443	Moravian	-	Totals	-	-	-	-	2	7	47	6	1	 	 	1	 	1	 	 
2016	12240	443	Moravian	-	Opponent Totals	-	-	-	-	2	5	23	1	1	3	 	1	 	1	 	 
2016	12240	30067	Morrisville St.	-	TEAM	-	-	-	-	1	 	 	 	 	 	 	 	 	 	 	 
2016	12240	30067	Morrisville St.	-	Totals	-	-	-	-	2	3	19	1	2	 	 	 	 	4	 	 
2016	12240	30067	Morrisville St.	-	Opponent Totals	-	-	-	-	2	8	43	2	3	3	1	 	 	 	 	 
2016	12240	27901	Mount Ida	-	TEAM	-	-	-	-	2	 	 	 	 	 	 	 	 	 	 	 
2016	12240	27901	Mount Ida	-	Totals	-	-	-	-	3	3	16	1	1	1	2	1	 	3	 	 
2016	12240	27901	Mount Ida	-	Opponent Totals	-	-	-	-	3	11	67	4	5	2	2	 	1	 	1	 
2016	12240	452	Mount Union	-	TEAM	-	-	-	-	1	 	 	 	 	 	 	 	 	 	 	 
2016	12240	452	Mount Union	-	Totals	-	-	-	-	2	10	65	8	1	1	 	 	 	1	 	 
2016	12240	452	Mount Union	-	Opponent Totals	-	-	-	-	2	 	 	 	 	 	 	 	 	 	 	 
2016	12240	8567	Mt. St. Joseph	-	TEAM	-	-	-	-	2	 	 	 	 	 	 	 	 	 	 	 
2016	12240	8567	Mt. St. Joseph	-	Totals	-	-	-	-	2	5	27	2	1	2	 	 	 	1	 	 
2016	12240	8567	Mt. St. Joseph	-	Opponent Totals	-	-	-	-	2	4	28	2	2	 	 	 	 	2	 	 
2016	12240	453	Muhlenberg	-	TEAM	-	-	-	-	3	 	 	 	 	 	 	 	 	 	 	 
2016	12240	453	Muhlenberg	-	Totals	-	-	-	-	3	9	56	 	8	1	1	 	 	 	 	 
2016	12240	453	Muhlenberg	-	Opponent Totals	-	-	-	-	3	4	23	2	1	1	1	 	1	4	 	 
2016	12240	455	Muskingum	-	TEAM	-	-	-	-	1	 	 	 	 	 	 	 	 	 	 	 
2016	12240	455	Muskingum	-	Totals	-	-	-	-	2	2	10	1	 	1	 	 	 	 	 	 
2016	12240	455	Muskingum	-	Opponent Totals	-	-	-	-	2	9	63	8	1	 	 	 	1	1	 	 
2016	12240	491	N.C. Wesleyan	-	TEAM	-	-	-	-	1	 	 	 	 	 	 	 	 	 	 	 
2016	12240	491	N.C. Wesleyan	-	Totals	-	-	-	-	3	7	36	1	3	3	1	 	1	1	 	 
2016	12240	491	N.C. Wesleyan	-	Opponent Totals	-	-	-	-	3	10	57	6	1	3	1	 	 	 	 	 
2016	12240	462	Neb. Wesleyan	-	TEAM	-	-	-	-	3	 	 	 	 	 	 	 	 	 	 	 
2016	12240	462	Neb. Wesleyan	-	Totals	-	-	-	-	3	5	27	1	2	2	 	 	 	 	1	 
2016	12240	462	Neb. Wesleyan	-	Opponent Totals	-	-	-	-	3	15	85	8	2	5	 	 	 	1	1	 
2016	12240	484	Nichols	-	TEAM	-	-	-	-	1	 	 	 	 	 	 	 	 	 	 	 
2016	12240	484	Nichols	-	Totals	-	-	-	-	3	5	35	4	1	 	1	 	 	2	 	 
2016	12240	484	Nichols	-	Opponent Totals	-	-	-	-	3	10	56	5	2	3	 	 	1	1	1	 
2016	12240	492	North Central (IL)	-	TEAM	-	-	-	-	1	 	 	 	 	 	 	 	 	 	 	 
2016	12240	492	North Central (IL)	-	Totals	-	-	-	-	2	4	28	2	2	 	 	 	 	1	1	 
2016	12240	492	North Central (IL)	-	Opponent Totals	-	-	-	-	2	4	28	2	2	 	1	 	1	 	 	 
2016	12240	496	North Park	-	TEAM	-	-	-	-	2	 	 	 	 	 	 	 	 	 	 	 
2016	12240	496	North Park	-	Totals	-	-	-	-	3	7	33	 	3	4	 	 	 	2	 	 
2016	12240	496	North Park	-	Opponent Totals	-	-	-	-	3	9	58	5	3	1	1	1	 	 	 	 
2016	12240	30031	Northwestern-St. Paul	-	TEAM	-	-	-	-	3	 	 	 	 	 	 	 	 	 	 	 
2016	12240	30031	Northwestern-St. Paul	-	Totals	-	-	-	-	3	11	68	8	1	2	1	 	 	 	 	 
2016	12240	30031	Northwestern-St. Paul	-	Opponent Totals	-	-	-	-	3	4	22	 	3	1	1	 	2	1	 	 
2016	12240	511	Norwich	-	TEAM	-	-	-	-	3	 	 	 	 	 	 	 	 	 	 	 
2016	12240	511	Norwich	-	Totals	-	-	-	-	3	5	31	4	 	1	2	 	 	2	 	 
2016	12240	511	Norwich	-	Opponent Totals	-	-	-	-	3	10	61	4	4	2	1	 	 	 	 	 
2016	12240	516	Occidental	-	TEAM	-	-	-	-	1	 	 	 	 	 	 	 	 	 	 	 
2016	12240	516	Occidental	-	Totals	-	-	-	-	1	6	40	2	4	 	 	 	 	 	 	 
2016	12240	516	Occidental	-	Opponent Totals	-	-	-	-	1	2	14	 	2	 	 	1	 	 	 	 
2016	12240	517	Ohio Northern	-	TEAM	-	-	-	-	2	 	 	 	 	 	 	 	 	 	 	 
2016	12240	517	Ohio Northern	-	Totals	-	-	-	-	2	7	42	4	2	1	3	1	1	1	 	 
2016	12240	517	Ohio Northern	-	Opponent Totals	-	-	-	-	2	6	29	2	1	3	 	 	 	 	 	 
2016	12240	520	Ohio Wesleyan	-	TEAM	-	-	-	-	1	 	 	 	 	 	 	 	 	 	 	 
2016	12240	520	Ohio Wesleyan	-	Totals	-	-	-	-	2	3	21	2	1	 	1	 	 	 	 	 
2016	12240	520	Ohio Wesleyan	-	Opponent Totals	-	-	-	-	2	10	62	3	5	2	 	 	2	 	 	 
2016	12240	525	Olivet	-	TEAM	-	-	-	-	3	 	 	 	 	 	 	 	 	 	 	 
2016	12240	525	Olivet	-	Totals	-	-	-	-	3	18	121	12	6	 	1	1	 	2	 	 
2016	12240	525	Olivet	-	Opponent Totals	-	-	-	-	3	4	27	2	2	 	2	 	 	 	 	 
2016	12240	531	Otterbein	-	TEAM	-	-	-	-	1	 	 	 	 	 	 	 	 	 	 	 
2016	12240	531	Otterbein	-	Totals	-	-	-	-	2	4	24	2	1	1	 	 	1	1	 	 
2016	12240	531	Otterbein	-	Opponent Totals	-	-	-	-	2	7	43	6	 	1	2	 	 	1	 	 
2016	12240	2751	Pacific (OR)	-	TEAM	-	-	-	-	2	 	 	 	 	 	 	 	 	 	 	 
2016	12240	2751	Pacific (OR)	-	Totals	-	-	-	-	2	8	53	3	5	 	1	 	1	 	 	 
2016	12240	2751	Pacific (OR)	-	Opponent Totals	-	-	-	-	2	7	41	4	1	2	1	 	1	 	 	 
2016	12240	548	Plymouth St.	-	TEAM	-	-	-	-	2	 	 	 	 	 	 	 	 	 	 	 
2016	12240	548	Plymouth St.	-	Totals	-	-	-	-	3	3	12	 	1	2	1	 	1	2	1	 
2016	12240	548	Plymouth St.	-	Opponent Totals	-	-	-	-	3	8	51	5	2	1	2	2	 	2	 	 
2016	12240	549	Pomona-Pitzer	-	TEAM	-	-	-	-	1	 	 	 	 	 	 	 	 	 	 	 
2016	12240	549	Pomona-Pitzer	-	Totals	-	-	-	-	2	4	20	1	1	2	 	2	 	 	 	 
2016	12240	549	Pomona-Pitzer	-	Opponent Totals	-	-	-	-	2	3	21	3	 	 	 	 	 	1	 	 
2016	12240	557	Puget Sound	-	TEAM	-	-	-	-	2	 	 	 	 	 	 	 	 	 	 	 
2016	12240	557	Puget Sound	-	Totals	-	-	-	-	2	5	29	1	3	1	2	1	2	 	 	 
2016	12240	557	Puget Sound	-	Opponent Totals	-	-	-	-	2	8	53	3	5	 	1	1	 	1	 	 
2016	12240	565	Randolph-Macon	-	TEAM	-	-	-	-	1	 	 	 	 	 	 	 	 	 	 	 
2016	12240	565	Randolph-Macon	-	Totals	-	-	-	-	3	8	48	5	1	2	1	1	 	4	 	 
2016	12240	565	Randolph-Macon	-	Opponent Totals	-	-	-	-	3	9	55	3	4	2	 	 	 	 	1	 
2016	12240	567	Redlands	-	TEAM	-	-	-	-	2	 	 	 	 	 	 	 	 	 	 	 
2016	12240	567	Redlands	-	Totals	-	-	-	-	2	5	35	3	2	 	 	 	 	 	 	 
2016	12240	567	Redlands	-	Opponent Totals	-	-	-	-	2	11	68	7	2	2	1	1	 	 	 	 
2016	12240	570	Rensselaer	-	TEAM	-	-	-	-	3	 	 	 	 	 	 	 	 	 	 	 
2016	12240	570	Rensselaer	-	Totals	-	-	-	-	3	12	84	6	6	 	2	 	 	1	 	 
2016	12240	570	Rensselaer	-	Opponent Totals	-	-	-	-	3	4	23	2	1	1	 	 	 	2	 	 
2016	12240	573	Rhodes	-	TEAM	-	-	-	-	2	 	 	 	 	 	 	 	 	 	 	 
2016	12240	573	Rhodes	-	Totals	-	-	-	-	3	7	49	5	2	 	 	 	1	1	 	 
2016	12240	573	Rhodes	-	Opponent Totals	-	-	-	-	3	5	27	1	2	2	 	2	 	 	 	 
2016	12240	577	Ripon	-	TEAM	-	-	-	-	1	 	 	 	 	 	 	 	 	 	 	 
2016	12240	577	Ripon	-	Totals	-	-	-	-	2	4	22	3	 	1	 	 	 	 	 	 
2016	12240	577	Ripon	-	Opponent Totals	-	-	-	-	2	2	10	 	1	1	 	1	 	1	 	 
2016	12240	581	Rochester (NY)	-	TEAM	-	-	-	-	1	 	 	 	 	 	 	 	 	 	 	 
2016	12240	581	Rochester (NY)	-	Totals	-	-	-	-	2	10	66	7	2	1	 	 	 	2	 	 
2016	12240	581	Rochester (NY)	-	Opponent Totals	-	-	-	-	2	2	13	1	1	 	 	1	 	 	1	 
2016	12240	582	Rockford	-	TEAM	-	-	-	-	2	 	 	 	 	 	 	 	 	 	 	 
2016	12240	582	Rockford	-	Totals	-	-	-	-	2	4	24	2	1	1	1	2	 	1	 	 
2016	12240	582	Rockford	-	Opponent Totals	-	-	-	-	2	4	23	3	 	1	 	 	 	 	 	 
2016	12240	585	Rose-Hulman	-	TEAM	-	-	-	-	2	 	 	 	 	 	 	 	 	 	 	 
2016	12240	585	Rose-Hulman	-	Totals	-	-	-	-	3	12	71	4	5	3	3	 	 	3	1	 
2016	12240	585	Rose-Hulman	-	Opponent Totals	-	-	-	-	3	4	28	1	3	 	1	 	 	1	 	 
2016	12240	259	Rowan	-	TEAM	-	-	-	-	1	 	 	 	 	 	 	 	 	 	 	 
2016	12240	259	Rowan	-	Totals	-	-	-	-	2	5	22	2	 	3	 	 	 	 	1	 
2016	12240	259	Rowan	-	Opponent Totals	-	-	-	-	2	2	6	 	 	2	 	1	 	2	 	 
2016	12240	168	SUNY Cortland	-	TEAM	-	-	-	-	2	 	 	 	 	 	 	 	 	 	 	 
2016	12240	168	SUNY Cortland	-	Totals	-	-	-	-	3	10	66	4	5	1	1	 	2	1	 	 
2016	12240	168	SUNY Cortland	-	Opponent Totals	-	-	-	-	3	10	62	4	4	2	 	1	 	 	 	 
2016	12240	478	SUNY Maritime	-	TEAM	-	-	-	-	2	 	 	 	 	 	 	 	 	 	 	 
2016	12240	478	SUNY Maritime	-	Totals	-	-	-	-	3	5	27	2	1	2	 	1	1	 	2	 
2016	12240	478	SUNY Maritime	-	Opponent Totals	-	-	-	-	3	6	41	4	2	 	 	 	 	1	 	 
2016	12240	602	Saint John's (MN)	-	TEAM	-	-	-	-	1	 	 	 	 	 	 	 	 	 	 	 
2016	12240	602	Saint John's (MN)	-	Totals	-	-	-	-	1	4	28	2	2	 	 	 	 	 	 	 
2016	12240	602	Saint John's (MN)	-	Opponent Totals	-	-	-	-	1	2	9	1	 	1	 	1	 	 	 	 
2016	12240	30064	Saint Vincent	-	TEAM	-	-	-	-	3	 	 	 	 	 	 	 	 	 	 	 
2016	12240	30064	Saint Vincent	-	Totals	-	-	-	-	3	3	17	 	2	1	 	 	 	2	 	 
2016	12240	30064	Saint Vincent	-	Opponent Totals	-	-	-	-	3	12	83	5	7	 	1	1	1	1	 	 
2016	12240	622	Salisbury	-	TEAM	-	-	-	-	1	 	 	 	 	 	 	 	 	 	 	 
2016	12240	622	Salisbury	-	Totals	-	-	-	-	2	8	42	4	1	3	1	 	 	1	 	 
2016	12240	622	Salisbury	-	Opponent Totals	-	-	-	-	2	5	31	1	3	1	 	 	 	2	 	 
2016	12240	623	Salve Regina	-	TEAM	-	-	-	-	2	 	 	 	 	 	 	 	 	 	 	 
2016	12240	623	Salve Regina	-	Totals	-	-	-	-	2	3	21	1	2	 	2	 	 	2	1	 
2016	12240	623	Salve Regina	-	Opponent Totals	-	-	-	-	2	3	16	1	1	1	1	1	1	 	 	 
2016	12240	652	Sewanee	-	TEAM	-	-	-	-	2	 	 	 	 	 	 	 	 	 	 	 
2016	12240	652	Sewanee	-	Totals	-	-	-	-	3	6	34	2	2	2	 	1	 	1	 	 
2016	12240	652	Sewanee	-	Opponent Totals	-	-	-	-	3	4	28	2	2	 	 	1	 	 	 	 
2016	12240	637	Shenandoah	-	TEAM	-	-	-	-	1	 	 	 	 	 	 	 	 	 	 	 
2016	12240	637	Shenandoah	-	Totals	-	-	-	-	3	13	81	7	4	2	2	 	 	1	 	 
2016	12240	637	Shenandoah	-	Opponent Totals	-	-	-	-	3	7	36	3	1	3	 	 	 	1	 	 
2016	12240	641	Simpson	-	TEAM	-	-	-	-	1	 	 	 	 	 	 	 	 	 	 	 
2016	12240	641	Simpson	-	Totals	-	-	-	-	1	2	14	2	 	 	1	 	 	 	1	 
2016	12240	641	Simpson	-	Opponent Totals	-	-	-	-	1	2	14	2	 	 	 	 	 	1	 	 
2016	12240	8746	Southwestern (TX)	-	TEAM	-	-	-	-	3	 	 	 	 	 	 	 	 	 	 	 
2016	12240	8746	Southwestern (TX)	-	Totals	-	-	-	-	3	5	33	2	3	 	1	 	 	1	 	 
2016	12240	8746	Southwestern (TX)	-	Opponent Totals	-	-	-	-	3	4	23	1	2	1	 	1	 	1	 	 
2016	12240	673	Springfield	-	TEAM	-	-	-	-	2	 	 	 	 	 	 	 	 	 	 	 
2016	12240	673	Springfield	-	Totals	-	-	-	-	3	8	52	7	 	1	1	 	 	1	 	 
2016	12240	673	Springfield	-	Opponent Totals	-	-	-	-	3	11	61	3	4	4	 	 	 	2	 	 
2016	12240	601	St. John Fisher	-	Totals	-	-	-	-	2	1	3	 	 	1	1	 	 	 	 	 
2016	12240	601	St. John Fisher	-	Opponent Totals	-	-	-	-	2	10	59	2	5	3	1	 	1	1	 	 
2016	12240	607	St. Lawrence	-	TEAM	-	-	-	-	2	 	 	 	 	 	 	 	 	 	 	 
2016	12240	607	St. Lawrence	-	Totals	-	-	-	-	3	9	62	5	4	 	1	 	 	 	 	 
2016	12240	607	St. Lawrence	-	Opponent Totals	-	-	-	-	3	5	33	4	1	 	1	 	 	4	 	 
2016	12240	614	St. Norbert	-	TEAM	-	-	-	-	1	 	 	 	 	 	 	 	 	 	 	 
2016	12240	614	St. Norbert	-	Totals	-	-	-	-	1	2	9	1	 	1	 	 	 	 	 	 
2016	12240	614	St. Norbert	-	Opponent Totals	-	-	-	-	1	1	6	1	 	 	 	1	2	 	 	 
2016	12240	615	St. Olaf	-	TEAM	-	-	-	-	2	 	 	 	 	 	 	 	 	 	 	 
2016	12240	615	St. Olaf	-	Totals	-	-	-	-	3	5	21	 	2	3	2	 	 	 	 	 
2016	12240	615	St. Olaf	-	Opponent Totals	-	-	-	-	3	10	68	8	2	 	1	 	 	 	 	 
2016	12240	618	St. Scholastica	-	TEAM	-	-	-	-	3	 	 	 	 	 	 	 	 	 	 	 
2016	12240	618	St. Scholastica	-	Totals	-	-	-	-	3	8	46	2	4	2	 	1	 	2	 	 
2016	12240	618	St. Scholastica	-	Opponent Totals	-	-	-	-	3	5	27	3	 	2	2	 	1	 	 	 
2016	12240	620	St. Thomas (MN)	-	TEAM	-	-	-	-	1	 	 	 	 	 	 	 	 	 	 	 
2016	12240	620	St. Thomas (MN)	-	Totals	-	-	-	-	2	10	65	9	 	1	1	1	 	1	 	 
2016	12240	620	St. Thomas (MN)	-	Opponent Totals	-	-	-	-	2	1	7	 	1	 	 	 	1	 	 	 
2016	12240	21852	Stevenson	-	TEAM	-	-	-	-	1	 	 	 	 	 	 	 	 	 	 	 
2016	12240	21852	Stevenson	-	Totals	-	-	-	-	2	5	23	 	2	3	 	 	 	 	 	 
2016	12240	21852	Stevenson	-	Opponent Totals	-	-	-	-	2	4	23	1	2	1	1	1	 	 	 	 
2016	12240	1390	Sul Ross St.	-	TEAM	-	-	-	-	1	 	 	 	 	 	 	 	 	 	 	 
2016	12240	1390	Sul Ross St.	-	Totals	-	-	-	-	2	3	19	1	2	 	 	 	 	 	1	 
2016	12240	1390	Sul Ross St.	-	Opponent Totals	-	-	-	-	2	8	52	1	6	1	1	1	 	 	 	 
2016	12240	685	Susquehanna	-	TEAM	-	-	-	-	1	 	 	 	 	 	 	 	 	 	 	 
2016	12240	685	Susquehanna	-	Totals	-	-	-	-	3	9	63	4	5	 	 	 	 	 	 	 
2016	12240	685	Susquehanna	-	Opponent Totals	-	-	-	-	3	14	93	10	3	1	1	 	 	1	1	 
2016	12240	712	TCNJ	-	TEAM	-	-	-	-	2	 	 	 	 	 	 	 	 	 	 	 
2016	12240	712	TCNJ	-	Totals	-	-	-	-	3	5	31	3	1	1	 	 	2	 	 	 
2016	12240	712	TCNJ	-	Opponent Totals	-	-	-	-	3	7	41	3	2	2	2	2	 	1	1	 
2016	12240	1400	Texas Lutheran	-	TEAM	-	-	-	-	1	 	 	 	 	 	 	 	 	 	 	 
2016	12240	1400	Texas Lutheran	-	Totals	-	-	-	-	3	13	82	5	6	2	 	 	1	 	 	 
2016	12240	1400	Texas Lutheran	-	Opponent Totals	-	-	-	-	3	6	40	2	4	 	2	 	 	1	 	 
2016	12240	707	Thiel	-	TEAM	-	-	-	-	3	 	 	 	 	 	 	 	 	 	 	 
2016	12240	707	Thiel	-	Totals	-	-	-	-	3	7	39	2	3	2	1	 	 	1	1	 
2016	12240	707	Thiel	-	Opponent Totals	-	-	-	-	3	6	38	3	2	1	 	 	 	 	 	 
2016	12240	1402	Thomas More	-	TEAM	-	-	-	-	2	 	 	 	 	 	 	 	 	 	 	 
2016	12240	1402	Thomas More	-	Totals	-	-	-	-	3	20	128	8	9	3	 	1	 	 	 	 
2016	12240	1402	Thomas More	-	Opponent Totals	-	-	-	-	3	2	13	1	1	 	1	 	 	1	 	 
2016	12240	30037	Trine	-	TEAM	-	-	-	-	3	 	 	 	 	 	 	 	 	 	 	 
2016	12240	30037	Trine	-	Totals	-	-	-	-	3	8	48	6	 	2	2	1	 	 	1	 
2016	12240	30037	Trine	-	Opponent Totals	-	-	-	-	3	4	24	2	1	1	 	 	 	1	 	 
2016	12240	715	Trinity (TX)	-	TEAM	-	-	-	-	2	 	 	 	 	 	 	 	 	 	 	 
2016	12240	715	Trinity (TX)	-	Totals	-	-	-	-	3	9	59	3	5	1	1	2	 	 	 	 
2016	12240	715	Trinity (TX)	-	Opponent Totals	-	-	-	-	3	4	21	2	1	1	2	3	 	1	1	 
2016	12240	656	UMass Dartmouth	-	TEAM	-	-	-	-	1	 	 	 	 	 	 	 	 	 	 	 
2016	12240	656	UMass Dartmouth	-	Totals	-	-	-	-	3	9	58	1	7	1	 	 	1	 	 	 
2016	12240	656	UMass Dartmouth	-	Opponent Totals	-	-	-	-	3	7	49	5	2	 	1	 	 	1	 	 
2016	12240	727	Union (NY)	-	TEAM	-	-	-	-	1	 	 	 	 	 	 	 	 	 	 	 
2016	12240	727	Union (NY)	-	Totals	-	-	-	-	3	7	48	5	2	 	1	 	 	 	 	 
2016	12240	727	Union (NY)	-	Opponent Totals	-	-	-	-	3	13	82	6	5	2	1	 	 	 	1	 
2016	12240	730	Ursinus	-	TEAM	-	-	-	-	2	 	 	 	 	 	 	 	 	 	 	 
2016	12240	730	Ursinus	-	Totals	-	-	-	-	3	7	37	3	1	3	2	1	 	1	 	 
2016	12240	730	Ursinus	-	Opponent Totals	-	-	-	-	3	7	42	2	3	2	2	 	 	2	 	 
2016	12240	733	Utica	-	TEAM	-	-	-	-	3	 	 	 	 	 	 	 	 	 	 	 
2016	12240	733	Utica	-	Totals	-	-	-	-	3	13	59	3	2	8	1	 	 	1	 	 
2016	12240	733	Utica	-	Opponent Totals	-	-	-	-	3	8	50	5	2	1	2	1	 	2	 	 
2016	12240	808	WPI	-	TEAM	-	-	-	-	3	 	 	 	 	 	 	 	 	 	 	 
2016	12240	808	WPI	-	Totals	-	-	-	-	3	11	56	4	2	5	1	 	 	 	 	 
2016	12240	808	WPI	-	Opponent Totals	-	-	-	-	3	7	44	3	3	1	2	 	1	 	 	 
2016	12240	747	Wabash	-	TEAM	-	-	-	-	2	 	 	 	 	 	 	 	 	 	 	 
2016	12240	747	Wabash	-	Totals	-	-	-	-	2	13	82	11	 	2	 	 	2	1	 	 
2016	12240	747	Wabash	-	Opponent Totals	-	-	-	-	2	1	3	 	 	1	1	 	 	1	 	 
2016	12240	750	Wartburg	-	TEAM	-	-	-	-	3	 	 	 	 	 	 	 	 	 	 	 
2016	12240	750	Wartburg	-	Totals	-	-	-	-	3	14	93	9	4	1	2	 	 	 	 	 
2016	12240	750	Wartburg	-	Opponent Totals	-	-	-	-	3	10	68	4	6	 	1	 	 	3	 	 
2016	12240	751	Wash. & Jeff.	-	TEAM	-	-	-	-	2	 	 	 	 	 	 	 	 	 	 	 
2016	12240	751	Wash. & Jeff.	-	Totals	-	-	-	-	3	16	108	10	5	1	 	 	 	1	 	 
2016	12240	751	Wash. & Jeff.	-	Opponent Totals	-	-	-	-	3	4	24	3	 	1	1	 	 	 	 	 
2016	12240	752	Wash. & Lee	-	TEAM	-	-	-	-	1	 	 	 	 	 	 	 	 	 	 	 
2016	12240	752	Wash. & Lee	-	Totals	-	-	-	-	1	5	35	5	 	 	 	2	1	 	 	 
2016	12240	752	Wash. & Lee	-	Opponent Totals	-	-	-	-	1	2	14	2	 	 	 	 	 	1	 	 
2016	12240	755	Washington-St. Louis	-	TEAM	-	-	-	-	1	 	 	 	 	 	 	 	 	 	 	 
2016	12240	755	Washington-St. Louis	-	Totals	-	-	-	-	2	7	41	3	2	2	 	 	 	1	 	 
2016	12240	755	Washington-St. Louis	-	Opponent Totals	-	-	-	-	2	6	34	2	2	2	 	1	1	1	 	 
2016	12240	1434	Waynesburg	-	TEAM	-	-	-	-	1	 	 	 	 	 	 	 	 	 	 	 
2016	12240	1434	Waynesburg	-	Totals	-	-	-	-	3	10	66	5	4	1	 	 	1	1	 	 
2016	12240	1434	Waynesburg	-	Opponent Totals	-	-	-	-	3	5	30	2	2	1	 	 	 	 	 	 
2016	12240	763	Wesley	-	TEAM	-	-	-	-	1	 	 	 	 	 	 	 	 	 	 	 
2016	12240	763	Wesley	-	Totals	-	-	-	-	2	11	67	3	6	2	1	 	 	 	 	 
2016	12240	763	Wesley	-	Opponent Totals	-	-	-	-	2	5	27	3	 	2	 	 	2	1	 	 
2016	12240	770	Western Conn. St.	-	TEAM	-	-	-	-	2	 	 	 	 	 	 	 	 	 	 	 
2016	12240	770	Western Conn. St.	-	Totals	-	-	-	-	3	13	79	10	 	3	1	 	 	2	1	 
2016	12240	770	Western Conn. St.	-	Opponent Totals	-	-	-	-	3	4	26	1	3	 	 	 	 	2	 	 
2016	12240	775	Western New Eng.	-	TEAM	-	-	-	-	2	 	 	 	 	 	 	 	 	 	 	 
2016	12240	775	Western New Eng.	-	Totals	-	-	-	-	3	14	85	7	4	3	 	1	 	1	 	 
2016	12240	775	Western New Eng.	-	Opponent Totals	-	-	-	-	3	3	21	3	 	 	1	 	1	 	 	 
2016	12240	777	Westfield St.	-	TEAM	-	-	-	-	2	 	 	 	 	 	 	 	 	 	 	 
2016	12240	777	Westfield St.	-	Totals	-	-	-	-	3	7	45	3	3	1	 	 	1	 	 	 
2016	12240	777	Westfield St.	-	Opponent Totals	-	-	-	-	3	6	38	4	1	1	 	1	 	1	 	 
2016	12240	1450	Westminster (MO)	-	TEAM	-	-	-	-	2	 	 	 	 	 	 	 	 	 	 	 
2016	12240	1450	Westminster (MO)	-	Totals	-	-	-	-	3	8	44	1	4	3	1	1	 	 	 	 
2016	12240	1450	Westminster (MO)	-	Opponent Totals	-	-	-	-	3	8	42	4	1	3	 	 	1	1	 	 
2016	12240	1451	Westminster (PA)	-	Totals	-	-	-	-	3	6	38	3	2	1	1	 	 	 	 	 
2016	12240	1451	Westminster (PA)	-	Opponent Totals	-	-	-	-	3	9	54	6	1	2	1	 	1	 	 	 
2016	12240	778	Wheaton (IL)	-	TEAM	-	-	-	-	2	 	 	 	 	 	 	 	 	 	 	 
2016	12240	778	Wheaton (IL)	-	Totals	-	-	-	-	3	12	80	6	5	1	1	 	1	1	 	 
2016	12240	778	Wheaton (IL)	-	Opponent Totals	-	-	-	-	3	5	31	3	1	1	1	 	2	 	 	 
2016	12240	781	Whittier	-	Totals	-	-	-	-	2	4	20	1	1	2	 	 	 	 	 	 
2016	12240	781	Whittier	-	Opponent Totals	-	-	-	-	2	9	52	3	3	3	 	 	 	 	1	 
2016	12240	1454	Whitworth	-	TEAM	-	-	-	-	1	 	 	 	 	 	 	 	 	 	 	 
2016	12240	1454	Whitworth	-	Totals	-	-	-	-	1	4	25	 	3	1	 	 	 	 	1	 
2016	12240	1454	Whitworth	-	Opponent Totals	-	-	-	-	1	2	11	 	1	1	 	 	 	 	 	 
2016	12240	783	Widener	-	Totals	-	-	-	-	1	1	3	 	 	1	 	1	 	2	 	 
2016	12240	783	Widener	-	Opponent Totals	-	-	-	-	1	1	3	 	 	1	 	 	 	 	 	 
2016	12240	784	Wilkes	-	TEAM	-	-	-	-	1	 	 	 	 	 	 	 	 	 	 	 
2016	12240	784	Wilkes	-	Totals	-	-	-	-	3	7	43	 	6	1	1	 	1	4	 	 
2016	12240	784	Wilkes	-	Opponent Totals	-	-	-	-	3	5	33	3	2	 	1	 	1	2	1	 
2016	12240	785	Willamette	-	TEAM	-	-	-	-	1	 	 	 	 	 	 	 	 	 	 	 
2016	12240	785	Willamette	-	Totals	-	-	-	-	2	4	23	1	2	1	2	2	 	 	 	 
2016	12240	785	Willamette	-	Opponent Totals	-	-	-	-	2	7	41	3	2	2	 	1	 	 	 	 
2016	12240	1461	Wilmington (OH)	-	TEAM	-	-	-	-	1	 	 	 	 	 	 	 	 	 	 	 
2016	12240	1461	Wilmington (OH)	-	Totals	-	-	-	-	1	 	 	 	 	 	 	 	1	 	 	 
2016	12240	1461	Wilmington (OH)	-	Opponent Totals	-	-	-	-	1	2	10	 	1	1	1	 	 	1	 	 
2016	12240	8911	Wis. Lutheran	-	TEAM	-	-	-	-	3	 	 	 	 	 	 	 	 	 	 	 
2016	12240	8911	Wis. Lutheran	-	Totals	-	-	-	-	3	6	35	2	2	2	1	1	1	2	1	 
2016	12240	8911	Wis. Lutheran	-	Opponent Totals	-	-	-	-	3	8	44	2	3	3	1	 	 	 	 	 
2016	12240	793	Wis.-Eau Claire	-	Totals	-	-	-	-	3	5	31	3	1	1	1	1	3	 	 	 
2016	12240	793	Wis.-Eau Claire	-	Opponent Totals	-	-	-	-	3	11	72	9	1	1	1	 	 	1	 	 
2016	12240	795	Wis.-La Crosse	-	TEAM	-	-	-	-	3	 	 	 	 	 	 	 	 	 	 	 
2016	12240	795	Wis.-La Crosse	-	Totals	-	-	-	-	3	3	13	 	1	2	 	 	 	2	 	 
2016	12240	795	Wis.-La Crosse	-	Opponent Totals	-	-	-	-	3	14	86	12	 	2	2	2	 	1	 	 
2016	12240	798	Wis.-Oshkosh	-	TEAM	-	-	-	-	2	 	 	 	 	 	 	 	 	 	 	 
2016	12240	798	Wis.-Oshkosh	-	Totals	-	-	-	-	2	11	67	8	1	2	 	 	 	 	 	 
2016	12240	798	Wis.-Oshkosh	-	Opponent Totals	-	-	-	-	2	4	16	 	1	3	 	 	 	 	1	 
2016	12240	800	Wis.-Platteville	-	Totals	-	-	-	-	3	11	73	5	5	1	 	 	1	1	 	 
2016	12240	800	Wis.-Platteville	-	Opponent Totals	-	-	-	-	3	5	34	3	2	 	1	 	 	1	1	 
2016	12240	801	Wis.-River Falls	-	TEAM	-	-	-	-	1	 	 	 	 	 	 	 	 	 	 	 
2016	12240	801	Wis.-River Falls	-	Totals	-	-	-	-	2	5	33	3	2	 	 	 	 	1	 	 
2016	12240	801	Wis.-River Falls	-	Opponent Totals	-	-	-	-	2	6	43	5	1	 	1	 	 	 	1	 
2016	12240	802	Wis.-Stevens Point	-	Totals	-	-	-	-	1	6	42	2	4	 	 	 	 	 	 	 
2016	12240	802	Wis.-Stevens Point	-	Opponent Totals	-	-	-	-	1	3	18	1	1	1	 	 	 	 	 	 
2016	12240	803	Wis.-Stout	-	TEAM	-	-	-	-	1	 	 	 	 	 	 	 	 	 	 	 
2016	12240	803	Wis.-Stout	-	Totals	-	-	-	-	2	8	48	4	2	2	 	 	 	1	 	 
2016	12240	803	Wis.-Stout	-	Opponent Totals	-	-	-	-	2	6	34	2	2	2	1	 	 	 	 	 
2016	12240	805	Wis.-Whitewater	-	TEAM	-	-	-	-	2	 	 	 	 	 	 	 	 	 	 	 
2016	12240	805	Wis.-Whitewater	-	Totals	-	-	-	-	3	19	117	14	1	4	2	 	 	 	 	 
2016	12240	805	Wis.-Whitewater	-	Opponent Totals	-	-	-	-	3	5	26	2	1	2	 	 	 	 	 	 
2016	12240	806	Wittenberg	-	TEAM	-	-	-	-	2	 	 	 	 	 	 	 	 	 	 	 
2016	12240	806	Wittenberg	-	Totals	-	-	-	-	2	7	49	3	4	 	 	1	1	 	 	 
2016	12240	806	Wittenberg	-	Opponent Totals	-	-	-	-	2	7	48	6	1	 	 	 	 	1	 	 
2016	12240	787	Wm. Paterson	-	TEAM	-	-	-	-	1	 	 	 	 	 	 	 	 	 	 	 
2016	12240	787	Wm. Paterson	-	Totals	-	-	-	-	2	5	23	2	 	3	 	1	 	 	 	 
2016	12240	787	Wm. Paterson	-	Opponent Totals	-	-	-	-	2	4	19	2	 	2	 	 	 	 	1	 
2016	12240	807	Wooster	-	TEAM	-	-	-	-	1	 	 	 	 	 	 	 	 	 	 	 
2016	12240	807	Wooster	-	Totals	-	-	-	-	2	5	31	2	2	1	 	 	 	 	 	 
2016	12240	807	Wooster	-	Opponent Totals	-	-	-	-	2	9	62	5	4	 	 	1	 	1	 	 
2016	12240	809	Worcester St.	-	TEAM	-	-	-	-	1	 	 	 	 	 	 	 	 	 	 	 
2016	12240	809	Worcester St.	-	Totals	-	-	-	-	1	2	9	 	1	1	1	1	1	 	 	 
2016	12240	809	Worcester St.	-	Opponent Totals	-	-	-	-	1	2	15	1	1	 	1	 	 	1	 	 
