2015	11980	721	Air Force	-	TEAM	-	-	-	-	9	1	 	 	""	 	0.00	0.00	""	0.000	0.00
2015	11980	721	Air Force	-	Totals	-	-	-	-	13	206	117	4	1,893	15	154.13	9.00	16.179	0.568	145.62
2015	11980	721	Air Force	-	Opponent Totals	-	-	-	-	13	434	239	10	3,369	20	130.87	18.38	14.096	0.551	259.15
2015	11980	5	Akron	-	TEAM	-	-	-	-	8	1	 	 	0	 	0.00	0.00	""	0.000	0.00
2015	11980	5	Akron	-	Totals	-	-	-	-	12	528	284	14	2,995	14	104.88	23.67	10.546	0.538	249.58
2015	11980	5	Akron	-	Opponent Totals	-	-	-	-	12	402	225	13	2,670	20	121.71	18.75	11.867	0.560	222.50
2015	11980	8	Alabama	-	TEAM	-	-	-	-	8	1	 	 	0	 	0.00	0.00	""	0.000	0.00
2015	11980	8	Alabama	-	Totals	-	-	-	-	14	451	290	10	3,890	32	155.73	20.71	13.414	0.643	277.86
2015	11980	8	Alabama	-	Opponent Totals	-	-	-	-	14	493	268	11	3,164	19	116.53	19.14	11.806	0.544	226.00
2015	11980	27	Appalachian St.	-	TEAM	-	-	-	-	7	 	 	 	""	 	""	0.00	""	""	0.00
2015	11980	27	Appalachian St.	-	Totals	-	-	-	-	12	340	205	11	2,637	21	139.36	17.08	12.863	0.603	219.75
2015	11980	27	Appalachian St.	-	Opponent Totals	-	-	-	-	12	356	210	12	2,342	17	123.27	17.50	11.152	0.590	195.17
2015	11980	29	Arizona	-	TEAM	-	-	-	-	14	3	 	 	0	 	0.00	0.00	""	0.000	0.00
2015	11980	29	Arizona	-	Totals	-	-	-	-	14	564	320	10	3,945	29	128.91	22.86	12.328	0.567	281.79
2015	11980	29	Arizona	-	Opponent Totals	-	-	-	-	14	534	349	13	3,937	28	139.72	24.93	11.281	0.654	281.21
2015	11980	28	Arizona St.	-	TEAM	-	-	-	-	9	2	 	 	""	 	0.00	0.00	""	0.000	0.00
2015	11980	28	Arizona St.	-	Totals	-	-	-	-	13	467	281	9	3,556	34	144.30	21.62	12.655	0.602	273.54
2015	11980	28	Arizona St.	-	Opponent Totals	-	-	-	-	13	453	269	14	3,376	22	131.83	20.69	12.550	0.594	259.69
2015	11980	31	Arkansas	-	TEAM	-	-	-	-	8	1	 	 	0	 	0.00	0.00	""	0.000	0.00
2015	11980	31	Arkansas	-	Totals	-	-	-	-	13	359	199	6	2,444	21	128.58	15.31	12.281	0.554	188.00
2015	11980	31	Arkansas	-	Opponent Totals	-	-	-	-	13	392	217	12	2,714	19	123.39	16.69	12.507	0.554	208.77
2015	11980	30	Arkansas St.	-	TEAM	-	-	-	-	9	1	 	 	0	 	0.00	0.00	""	0.000	0.00
2015	11980	30	Arkansas St.	-	Totals	-	-	-	-	13	448	276	8	3,381	25	139.84	21.23	12.250	0.616	260.08
2015	11980	30	Arkansas St.	-	Opponent Totals	-	-	-	-	13	410	238	16	2,808	18	122.26	18.31	11.798	0.580	216.00
2015	11980	725	Army West Point	-	TEAM	-	-	-	-	4	 	 	 	""	 	""	0.00	""	""	0.00
2015	11980	725	Army West Point	-	Totals	-	-	-	-	12	105	50	2	747	3	113.00	4.17	14.940	0.476	62.25
2015	11980	725	Army West Point	-	Opponent Totals	-	-	-	-	12	362	244	11	2,854	31	155.81	20.33	11.697	0.674	237.83
2015	11980	37	Auburn	-	TEAM	-	-	-	-	8	 	 	 	""	 	""	0.00	""	""	0.00
2015	11980	37	Auburn	-	Totals	-	-	-	-	13	332	208	7	2,984	23	156.79	16.00	14.346	0.627	229.54
2015	11980	37	Auburn	-	Opponent Totals	-	-	-	-	13	421	243	22	2,991	22	124.19	18.69	12.309	0.577	230.08
2015	11980	77	BYU	-	TEAM	-	-	-	-	9	1	 	 	0	 	0.00	0.00	""	0.000	0.00
2015	11980	77	BYU	-	Totals	-	-	-	-	13	483	289	12	3,623	32	139.74	22.23	12.536	0.598	278.69
2015	11980	77	BYU	-	Opponent Totals	-	-	-	-	13	549	318	14	3,506	25	121.49	24.46	11.025	0.579	269.69
2015	11980	47	Ball St.	-	TEAM	-	-	-	-	8	2	 	 	""	 	0.00	0.00	""	0.000	0.00
2015	11980	47	Ball St.	-	Totals	-	-	-	-	12	409	232	7	2,590	19	121.82	19.33	11.164	0.567	215.83
2015	11980	47	Ball St.	-	Opponent Totals	-	-	-	-	12	402	250	10	2,853	16	129.96	20.83	11.412	0.622	237.75
2015	11980	51	Baylor	-	TEAM	-	-	-	-	9	1	 	 	0	 	0.00	0.00	""	0.000	0.00
2015	11980	51	Baylor	-	Totals	-	-	-	-	13	519	323	8	4,757	38	160.31	24.85	14.728	0.622	365.92
2015	11980	51	Baylor	-	Opponent Totals	-	-	-	-	13	456	249	13	3,434	24	129.53	19.15	13.791	0.546	264.15
2015	11980	66	Boise St.	-	TEAM	-	-	-	-	11	 	 	 	""	 	""	0.00	""	""	0.00
2015	11980	66	Boise St.	-	Totals	-	-	-	-	14	451	310	15	3,926	27	154.96	22.14	12.665	0.687	280.43
2015	11980	66	Boise St.	-	Opponent Totals	-	-	-	-	14	488	280	22	3,260	18	116.65	20.00	11.643	0.574	232.86
2015	11980	67	Boston College	-	TEAM	-	-	-	-	10	3	 	 	0	 	0.00	0.00	""	0.000	0.00
2015	11980	67	Boston College	-	Totals	-	-	-	-	13	243	135	10	1,681	13	123.09	10.38	12.452	0.556	129.31
2015	11980	67	Boston College	-	Opponent Totals	-	-	-	-	13	423	264	9	2,987	20	133.08	20.31	11.314	0.624	229.77
2015	11980	71	Bowling Green	-	TEAM	-	-	-	-	10	 	 	 	""	 	""	0.00	""	""	0.00
2015	11980	71	Bowling Green	-	Totals	-	-	-	-	14	547	317	13	3,639	17	119.34	22.64	11.479	0.580	259.93
2015	11980	71	Bowling Green	-	Opponent Totals	-	-	-	-	14	588	353	16	4,080	25	126.91	25.21	11.558	0.600	291.43
2015	11980	86	Buffalo	-	TEAM	-	-	-	-	6	2	 	 	""	 	0.00	0.00	""	0.000	0.00
2015	11980	86	Buffalo	-	Totals	-	-	-	-	11	367	235	12	2,855	32	151.61	21.36	12.149	0.640	259.55
2015	11980	86	Buffalo	-	Opponent Totals	-	-	-	-	11	295	149	2	2,448	17	137.88	13.55	16.430	0.505	222.55
2015	11980	107	California	-	TEAM	-	-	-	-	5	1	 	 	""	 	0.00	0.00	""	0.000	0.00
2015	11980	107	California	-	Totals	-	-	-	-	12	535	329	10	4,152	37	145.77	27.42	12.620	0.615	346.00
2015	11980	107	California	-	Opponent Totals	-	-	-	-	12	544	356	12	4,406	42	154.54	29.67	12.376	0.654	367.17
2015	11980	129	Central Mich.	-	TEAM	-	-	-	-	9	 	 	 	""	 	""	0.00	""	""	0.00
2015	11980	129	Central Mich.	-	Totals	-	-	-	-	13	382	243	13	3,157	27	149.55	18.69	12.992	0.636	242.85
2015	11980	129	Central Mich.	-	Opponent Totals	-	-	-	-	13	423	249	14	3,023	24	131.00	19.15	12.141	0.589	232.54
2015	11980	458	Charlotte	-	TEAM	-	-	-	-	8	2	 	 	""	 	0.00	0.00	""	0.000	0.00
2015	11980	458	Charlotte	-	Totals	-	-	-	-	11	350	189	11	2,915	19	135.59	17.18	15.423	0.540	265.00
2015	11980	458	Charlotte	-	Opponent Totals	-	-	-	-	11	478	299	13	3,126	19	125.16	27.18	10.455	0.626	284.18
2015	11980	140	Cincinnati	-	TEAM	-	-	-	-	8	1	 	 	0	 	0.00	0.00	""	0.000	0.00
2015	11980	140	Cincinnati	-	Totals	-	-	-	-	13	491	294	14	3,947	35	145.22	22.62	13.425	0.599	303.62
2015	11980	140	Cincinnati	-	Opponent Totals	-	-	-	-	13	454	276	8	3,320	22	1,776.17	276.00	157.719	7.932	3,320.00
2015	11980	147	Clemson	-	TEAM	-	-	-	-	11	1	 	 	0	 	0.00	0.00	""	0.000	0.00
2015	11980	147	Clemson	-	Totals	-	-	-	-	13	451	292	12	3,404	23	139.65	22.46	11.658	0.647	261.85
2015	11980	147	Clemson	-	Opponent Totals	-	-	-	-	13	388	194	12	2,046	12	98.32	14.92	10.546	0.500	157.38
2015	11980	157	Colorado	-	TEAM	-	-	-	-	5	 	 	 	0	 	""	0.00	""	""	0.00
2015	11980	157	Colorado	-	Totals	-	-	-	-	12	545	348	15	3,415	29	128.54	29.00	9.813	0.639	284.58
2015	11980	157	Colorado	-	Opponent Totals	-	-	-	-	12	408	244	3	3,074	35	149.93	20.33	12.598	0.598	256.17
2015	11980	156	Colorado St.	-	TEAM	-	-	-	-	6	 	 	 	""	 	""	0.00	""	""	0.00
2015	11980	156	Colorado St.	-	Totals	-	-	-	-	13	447	286	7	4,181	34	164.52	22.00	14.619	0.640	321.62
2015	11980	156	Colorado St.	-	Opponent Totals	-	-	-	-	13	433	238	13	2,915	14	116.18	18.31	12.248	0.550	224.23
2015	11980	193	Duke	-	TEAM	-	-	-	-	7	 	 	 	""	 	""	0.00	""	""	0.00
2015	11980	193	Duke	-	Totals	-	-	-	-	13	471	268	8	2,814	23	119.80	20.62	10.500	0.569	216.46
2015	11980	193	Duke	-	Opponent Totals	-	-	-	-	13	421	235	11	2,688	14	1,522.35	235.00	148.546	7.323	2,688.00
2015	11980	196	East Carolina	-	TEAM	-	-	-	-	6	4	 	 	0	 	0.00	0.00	""	0.000	0.00
2015	11980	196	East Carolina	-	Totals	-	-	-	-	13	637	402	11	4,835	31	139.47	30.92	12.027	0.631	371.92
2015	11980	196	East Carolina	-	Opponent Totals	-	-	-	-	13	500	284	14	3,322	20	120.21	21.85	11.697	0.568	255.54
2015	11980	204	Eastern Mich.	-	TEAM	-	-	-	-	4	 	 	 	""	 	""	0.00	""	""	0.00
2015	11980	204	Eastern Mich.	-	Totals	-	-	-	-	12	320	167	11	1,821	13	106.52	13.92	10.904	0.522	151.75
2015	11980	204	Eastern Mich.	-	Opponent Totals	-	-	-	-	12	374	247	6	3,298	27	160.73	20.58	13.352	0.660	274.83
2015	11980	231	FIU	-	TEAM	-	-	-	-	6	2	 	 	0	 	0.00	0.00	""	0.000	0.00
2015	11980	231	FIU	-	Totals	-	-	-	-	12	324	171	10	2,016	15	114.15	14.25	11.789	0.528	168.00
2015	11980	231	FIU	-	Opponent Totals	-	-	-	-	12	338	181	14	2,440	17	122.50	15.08	13.481	0.536	203.33
2015	11980	229	Fla. Atlantic	-	TEAM	-	-	-	-	2	 	 	 	 	 	""	0.00	""	""	0.00
2015	11980	229	Fla. Atlantic	-	Totals	-	-	-	-	12	365	206	5	2,394	18	125.07	17.17	11.621	0.564	199.50
2015	11980	229	Fla. Atlantic	-	Opponent Totals	-	-	-	-	12	404	238	8	2,864	18	129.20	19.83	12.034	0.589	238.67
2015	11980	235	Florida	-	TEAM	-	-	-	-	9	1	 	 	""	 	0.00	0.00	""	0.000	0.00
2015	11980	235	Florida	-	Totals	-	-	-	-	12	324	169	14	2,159	18	117.83	14.08	12.775	0.522	179.92
2015	11980	235	Florida	-	Opponent Totals	-	-	-	-	12	429	228	16	2,563	15	107.41	19.00	11.241	0.531	213.58
2015	11980	234	Florida St.	-	TEAM	-	-	-	-	9	 	 	 	""	 	""	0.00	""	""	0.00
2015	11980	234	Florida St.	-	Totals	-	-	-	-	14	516	330	20	4,246	26	141.95	23.57	12.867	0.640	303.29
2015	11980	234	Florida St.	-	Opponent Totals	-	-	-	-	14	435	248	14	3,175	22	128.57	17.71	12.802	0.570	226.79
2015	11980	96	Fresno St.	-	TEAM	-	-	-	-	10	2	 	 	""	 	0.00	0.00	""	0.000	0.00
2015	11980	96	Fresno St.	-	Totals	-	-	-	-	14	530	299	21	3,132	25	113.70	21.36	10.475	0.564	223.71
2015	11980	96	Fresno St.	-	Opponent Totals	-	-	-	-	14	403	243	9	3,557	32	2,212.83	243.00	216.346	8.210	3,557.00
2015	11980	253	Ga. Southern	-	TEAM	-	-	-	-	4	 	 	 	""	 	""	0.00	""	""	0.00
2015	11980	253	Ga. Southern	-	Totals	-	-	-	-	12	155	90	4	1,286	7	137.50	7.50	14.289	0.581	107.17
2015	11980	253	Ga. Southern	-	Opponent Totals	-	-	-	-	12	417	244	13	2,813	18	123.19	20.33	11.529	0.585	234.42
2015	11980	257	Georgia	-	TEAM	-	-	-	-	11	 	 	 	""	 	""	0.00	""	""	0.00
2015	11980	257	Georgia	-	Totals	-	-	-	-	13	322	217	6	2,599	24	156.06	16.69	11.977	0.674	199.92
2015	11980	257	Georgia	-	Opponent Totals	-	-	-	-	13	379	204	16	2,215	13	105.79	15.69	10.858	0.538	170.38
2015	11980	254	Georgia St.	-	TEAM	-	-	-	-	6	2	 	 	0	 	0.00	0.00	""	0.000	0.00
2015	11980	254	Georgia St.	-	Totals	-	-	-	-	12	446	264	18	3,348	23	131.20	22.00	12.682	0.592	279.00
2015	11980	254	Georgia St.	-	Opponent Totals	-	-	-	-	12	326	222	3	2,324	23	149.42	18.50	10.468	0.681	193.67
2015	11980	255	Georgia Tech	-	TEAM	-	-	-	-	7	2	 	 	""	 	0.00	0.00	""	0.000	0.00
2015	11980	255	Georgia Tech	-	Totals	-	-	-	-	14	203	106	6	1,882	19	155.07	7.57	17.755	0.522	134.43
2015	11980	255	Georgia Tech	-	Opponent Totals	-	-	-	-	14	448	282	18	3,412	19	132.88	20.14	12.099	0.629	243.71
2015	11980	277	Hawaii	-	TEAM	-	-	-	-	9	3	 	 	0	 	0.00	0.00	""	0.000	0.00
2015	11980	277	Hawaii	-	Totals	-	-	-	-	13	469	231	14	2,794	15	103.88	17.77	12.095	0.493	214.92
2015	11980	277	Hawaii	-	Opponent Totals	-	-	-	-	13	421	243	11	3,196	26	136.64	18.69	13.152	0.577	245.85
2015	11980	288	Houston	-	TEAM	-	-	-	-	9	4	 	 	0	 	0.00	0.00	""	0.000	0.00
2015	11980	288	Houston	-	Totals	-	-	-	-	13	450	272	15	2,993	18	122.85	20.92	11.004	0.604	230.23
2015	11980	288	Houston	-	Opponent Totals	-	-	-	-	13	412	230	19	2,601	15	111.65	17.69	11.309	0.558	200.08
2015	11980	295	Idaho	-	TEAM	-	-	-	-	2	 	 	 	 	 	""	0.00	""	""	0.00
2015	11980	295	Idaho	-	Totals	-	-	-	-	11	442	257	20	3,031	13	116.40	23.36	11.794	0.581	275.55
2015	11980	295	Idaho	-	Opponent Totals	-	-	-	-	11	252	159	8	2,382	18	159.72	14.45	14.981	0.631	216.55
2015	11980	301	Illinois	-	TEAM	-	-	-	-	7	 	 	 	""	 	""	0.00	""	""	0.00
2015	11980	301	Illinois	-	Totals	-	-	-	-	13	470	287	12	3,247	25	131.54	22.08	11.314	0.611	249.77
2015	11980	301	Illinois	-	Opponent Totals	-	-	-	-	13	370	214	7	2,824	20	136.00	16.46	13.196	0.578	217.23
2015	11980	306	Indiana	-	TEAM	-	-	-	-	3	1	 	 	0	 	0.00	0.00	""	0.000	0.00
2015	11980	306	Indiana	-	Totals	-	-	-	-	12	313	168	9	1,697	7	100.85	14.00	10.101	0.537	141.42
2015	11980	306	Indiana	-	Opponent Totals	-	-	-	-	12	440	271	13	3,013	24	131.20	22.58	11.118	0.616	251.08
2015	11980	312	Iowa	-	TEAM	-	-	-	-	7	 	 	 	""	 	""	0.00	""	""	0.00
2015	11980	312	Iowa	-	Totals	-	-	-	-	13	437	265	7	3,081	21	132.52	20.38	11.626	0.606	237.00
2015	11980	312	Iowa	-	Opponent Totals	-	-	-	-	13	352	189	13	2,287	18	117.76	14.54	12.101	0.537	175.92
2015	11980	311	Iowa St.	-	TEAM	-	-	-	-	4	2	 	 	 	 	0.00	0.00	""	0.000	0.00
2015	11980	311	Iowa St.	-	Totals	-	-	-	-	12	510	282	11	2,981	21	113.67	23.50	10.571	0.553	248.42
2015	11980	311	Iowa St.	-	Opponent Totals	-	-	-	-	12	451	280	10	3,392	20	135.46	23.33	12.114	0.621	282.67
2015	11980	328	Kansas	-	TEAM	-	-	-	-	10	 	 	 	""	 	""	0.00	""	""	0.00
2015	11980	328	Kansas	-	Totals	-	-	-	-	12	376	204	13	2,435	14	114.03	17.00	11.936	0.543	202.92
2015	11980	328	Kansas	-	Opponent Totals	-	-	-	-	12	399	233	9	2,922	22	133.60	19.42	12.541	0.584	243.50
2015	11980	327	Kansas St.	-	TEAM	-	-	-	-	7	 	 	 	""	 	""	0.00	""	""	0.00
2015	11980	327	Kansas St.	-	Totals	-	-	-	-	13	415	271	8	3,736	23	155.36	20.85	13.786	0.653	287.38
2015	11980	327	Kansas St.	-	Opponent Totals	-	-	-	-	13	439	273	15	2,977	20	127.35	21.00	10.905	0.622	229.00
2015	11980	331	Kent St.	-	TEAM	-	-	-	-	4	 	 	 	""	 	""	0.00	""	""	0.00
2015	11980	331	Kent St.	-	Totals	-	-	-	-	11	442	244	17	2,570	16	108.30	22.18	10.533	0.552	233.64
2015	11980	331	Kent St.	-	Opponent Totals	-	-	-	-	11	331	188	8	2,379	18	130.28	17.09	12.654	0.568	216.27
2015	11980	334	Kentucky	-	TEAM	-	-	-	-	2	1	 	 	 	 	0.00	0.00	""	0.000	0.00
2015	11980	334	Kentucky	-	Totals	-	-	-	-	12	405	228	11	2,774	14	119.81	19.00	12.167	0.563	231.17
2015	11980	334	Kentucky	-	Opponent Totals	-	-	-	-	12	377	217	15	2,589	22	126.55	18.08	11.931	0.576	215.75
2015	11980	365	LSU	-	TEAM	-	-	-	-	12	2	 	 	""	 	0.00	0.00	""	0.000	0.00
2015	11980	365	LSU	-	Totals	-	-	-	-	13	276	138	9	2,118	17	128.27	10.62	15.348	0.500	162.92
2015	11980	365	LSU	-	Opponent Totals	-	-	-	-	13	385	199	10	2,134	10	101.62	15.31	10.724	0.517	164.15
2015	11980	671	La.-Lafayette	-	TEAM	-	-	-	-	9	2	 	 	0	 	0.00	0.00	""	0.000	0.00
2015	11980	671	La.-Lafayette	-	Totals	-	-	-	-	13	370	238	9	2,489	15	129.34	18.31	10.458	0.643	191.46
2015	11980	671	La.-Lafayette	-	Opponent Totals	-	-	-	-	13	443	288	7	3,427	19	140.99	22.15	11.899	0.650	263.62
2015	11980	498	La.-Monroe	-	TEAM	-	-	-	-	9	2	 	 	0	 	0.00	0.00	""	0.000	0.00
2015	11980	498	La.-Monroe	-	Totals	-	-	-	-	12	529	317	7	3,359	15	119.97	26.42	10.596	0.599	279.92
2015	11980	498	La.-Monroe	-	Opponent Totals	-	-	-	-	12	337	196	11	2,279	16	124.11	16.33	11.628	0.582	189.92
2015	11980	366	Louisiana Tech	-	TEAM	-	-	-	-	8	3	 	 	0	 	0.00	0.00	""	0.000	0.00
2015	11980	366	Louisiana Tech	-	Totals	-	-	-	-	14	467	270	13	3,531	30	136.96	19.29	13.078	0.578	252.21
2015	11980	366	Louisiana Tech	-	Opponent Totals	-	-	-	-	14	528	314	26	3,420	19	115.91	22.43	10.892	0.595	244.29
2015	11980	367	Louisville	-	TEAM	-	-	-	-	8	1	 	 	""	 	0.00	0.00	""	0.000	0.00
2015	11980	367	Louisville	-	Totals	-	-	-	-	13	428	237	10	3,276	21	131.19	18.23	13.823	0.554	252.00
2015	11980	367	Louisville	-	Opponent Totals	-	-	-	-	13	410	221	26	2,595	14	105.65	17.00	11.742	0.539	199.62
2015	11980	388	Marshall	-	TEAM	-	-	-	-	7	1	 	 	0	 	0.00	0.00	""	0.000	0.00
2015	11980	388	Marshall	-	Totals	-	-	-	-	14	473	279	13	4,022	40	152.82	19.93	14.416	0.590	287.29
2015	11980	388	Marshall	-	Opponent Totals	-	-	-	-	14	466	254	13	2,756	21	113.48	18.14	10.850	0.545	196.86
2015	11980	392	Maryland	-	TEAM	-	-	-	-	10	 	 	 	""	 	""	0.00	""	""	0.00
2015	11980	392	Maryland	-	Totals	-	-	-	-	13	418	228	14	2,863	19	120.38	17.54	12.557	0.545	220.23
2015	11980	392	Maryland	-	Opponent Totals	-	-	-	-	13	456	253	9	3,046	19	121.40	19.46	12.040	0.555	234.31
2015	11980	400	Massachusetts	-	TEAM	-	-	-	-	7	1	 	 	""	 	0.00	0.00	""	0.000	0.00
2015	11980	400	Massachusetts	-	Totals	-	-	-	-	12	492	269	13	3,741	27	131.37	22.42	13.907	0.547	311.75
2015	11980	400	Massachusetts	-	Opponent Totals	-	-	-	-	12	442	269	12	3,069	26	133.17	22.42	11.409	0.609	255.75
2015	11980	404	Memphis	-	TEAM	-	-	-	-	10	 	 	 	""	 	""	0.00	""	""	0.00
2015	11980	404	Memphis	-	Totals	-	-	-	-	13	418	262	9	3,076	23	138.35	20.15	11.740	0.627	236.62
2015	11980	404	Memphis	-	Opponent Totals	-	-	-	-	13	494	264	17	2,964	14	106.31	20.31	11.227	0.534	228.00
2015	11980	415	Miami (FL)	-	TEAM	-	-	-	-	10	 	 	 	""	 	""	0.00	""	""	0.00
2015	11980	415	Miami (FL)	-	Totals	-	-	-	-	13	391	227	12	3,249	26	143.66	17.46	14.313	0.581	249.92
2015	11980	415	Miami (FL)	-	Opponent Totals	-	-	-	-	13	397	229	10	2,503	14	117.24	17.62	10.930	0.577	192.54
2015	11980	414	Miami (OH)	-	TEAM	-	-	-	-	3	 	 	 	""	 	""	0.00	""	""	0.00
2015	11980	414	Miami (OH)	-	Totals	-	-	-	-	12	468	226	10	3,333	23	120.06	18.83	14.748	0.483	277.75
2015	11980	414	Miami (OH)	-	Opponent Totals	-	-	-	-	12	392	242	11	2,812	23	135.74	20.17	11.620	0.617	234.33
2015	11980	418	Michigan	-	TEAM	-	-	-	-	5	 	 	 	""	 	""	0.00	""	""	0.00
2015	11980	418	Michigan	-	Totals	-	-	-	-	12	326	189	18	2,042	10	109.67	15.75	10.804	0.580	170.17
2015	11980	418	Michigan	-	Opponent Totals	-	-	-	-	12	343	205	5	2,324	14	127.23	17.08	11.337	0.598	193.67
2015	11980	416	Michigan St.	-	TEAM	-	-	-	-	9	 	 	 	""	 	""	0.00	""	""	0.00
2015	11980	416	Michigan St.	-	Totals	-	-	-	-	13	400	236	9	3,453	26	148.46	18.15	14.631	0.590	265.62
2015	11980	416	Michigan St.	-	Opponent Totals	-	-	-	-	13	444	234	18	2,955	17	113.14	18.00	12.628	0.527	227.31
2015	11980	419	Middle Tenn.	-	TEAM	-	-	-	-	8	 	 	 	""	 	""	0.00	""	""	0.00
2015	11980	419	Middle Tenn.	-	Totals	-	-	-	-	12	343	224	13	2,610	17	138.00	18.67	11.652	0.653	217.50
2015	11980	419	Middle Tenn.	-	Opponent Totals	-	-	-	-	12	422	259	13	3,236	26	139.96	21.58	12.494	0.614	269.67
2015	11980	428	Minnesota	-	TEAM	-	-	-	-	11	3	 	 	0	 	0.00	0.00	""	0.000	0.00
2015	11980	428	Minnesota	-	Totals	-	-	-	-	13	254	127	9	1,844	12	119.49	9.77	14.520	0.500	141.85
2015	11980	428	Minnesota	-	Opponent Totals	-	-	-	-	13	406	233	15	2,515	20	118.29	17.92	10.794	0.574	193.46
2015	11980	430	Mississippi St.	-	TEAM	-	-	-	-	9	 	 	 	""	 	""	0.00	""	""	0.00
2015	11980	430	Mississippi St.	-	Totals	-	-	-	-	13	423	261	12	3,649	31	152.68	20.08	13.981	0.617	280.69
2015	11980	430	Mississippi St.	-	Opponent Totals	-	-	-	-	13	506	264	16	3,547	17	115.82	20.31	13.436	0.522	272.85
2015	11980	434	Missouri	-	TEAM	-	-	-	-	10	 	 	 	""	 	""	0.00	""	""	0.00
2015	11980	434	Missouri	-	Totals	-	-	-	-	14	415	221	13	2,648	25	120.47	15.79	11.982	0.533	189.14
2015	11980	434	Missouri	-	Opponent Totals	-	-	-	-	14	474	288	12	2,978	18	121.00	20.57	10.340	0.608	212.71
2015	11980	726	Navy	-	TEAM	-	-	-	-	10	3	 	 	0	 	0.00	0.00	""	0.000	0.00
2015	11980	726	Navy	-	Totals	-	-	-	-	13	130	62	5	1,058	9	131.21	4.77	17.065	0.477	81.38
2015	11980	726	Navy	-	Opponent Totals	-	-	-	-	13	379	247	13	2,668	22	136.60	19.00	10.802	0.652	205.23
2015	11980	463	Nebraska	-	TEAM	-	-	-	-	11	2	 	 	0	 	0.00	0.00	""	0.000	0.00
2015	11980	463	Nebraska	-	Totals	-	-	-	-	13	359	190	12	2,757	24	132.81	14.62	14.511	0.529	212.08
2015	11980	463	Nebraska	-	Opponent Totals	-	-	-	-	13	441	214	13	2,676	15	104.83	16.46	12.505	0.485	205.85
2015	11980	466	Nevada	-	TEAM	-	-	-	-	10	 	 	 	""	 	""	0.00	""	""	0.00
2015	11980	466	Nevada	-	Totals	-	-	-	-	13	406	239	11	2,498	18	119.76	18.38	10.452	0.589	192.15
2015	11980	466	Nevada	-	Opponent Totals	-	-	-	-	13	503	332	13	3,479	26	135.99	25.54	10.479	0.660	267.62
2015	11980	473	New Mexico	-	TEAM	-	-	-	-	10	 	 	 	""	 	""	0.00	""	""	0.00
2015	11980	473	New Mexico	-	Totals	-	-	-	-	12	149	76	6	1,069	7	118.72	6.33	14.066	0.510	89.08
2015	11980	473	New Mexico	-	Opponent Totals	-	-	-	-	12	359	217	11	3,000	18	141.06	18.08	13.825	0.604	250.00
2015	11980	472	New Mexico St.	-	TEAM	-	-	-	-	5	 	 	 	""	 	""	0.00	""	""	0.00
2015	11980	472	New Mexico St.	-	Totals	-	-	-	-	12	452	278	24	2,899	19	118.63	23.17	10.428	0.615	241.58
2015	11980	472	New Mexico St.	-	Opponent Totals	-	-	-	-	12	299	187	11	2,094	16	131.67	15.58	11.198	0.625	174.50
2015	11980	457	North Carolina	-	TEAM	-	-	-	-	6	 	 	 	""	 	""	0.00	""	""	0.00
2015	11980	457	North Carolina	-	Totals	-	-	-	-	13	509	315	13	3,619	29	135.30	24.23	11.489	0.619	278.38
2015	11980	457	North Carolina	-	Opponent Totals	-	-	-	-	13	392	230	12	3,346	31	150.35	17.69	14.548	0.587	257.38
2015	11980	490	North Carolina St.	-	TEAM	-	-	-	-	10	1	 	 	""	 	0.00	0.00	""	0.000	0.00
2015	11980	490	North Carolina St.	-	Totals	-	-	-	-	13	381	224	6	2,652	24	134.90	17.23	11.839	0.588	204.00
2015	11980	490	North Carolina St.	-	Opponent Totals	-	-	-	-	13	405	226	10	2,661	19	121.54	17.38	11.774	0.558	204.69
2015	11980	497	North Texas	-	TEAM	-	-	-	-	7	1	 	 	""	 	0.00	0.00	""	0.000	0.00
2015	11980	497	North Texas	-	Totals	-	-	-	-	12	331	181	13	2,073	13	112.40	15.08	11.453	0.547	172.75
2015	11980	497	North Texas	-	Opponent Totals	-	-	-	-	12	362	216	12	2,492	19	128.18	18.00	11.537	0.597	207.67
2015	11980	503	Northern Ill.	-	TEAM	-	-	-	-	11	2	 	 	0	 	0.00	0.00	""	0.000	0.00
2015	11980	503	Northern Ill.	-	Totals	-	-	-	-	14	385	229	3	2,689	19	132.88	16.36	11.742	0.595	192.07
2015	11980	503	Northern Ill.	-	Opponent Totals	-	-	-	-	14	456	265	14	3,199	18	123.93	18.93	12.072	0.581	228.50
2015	11980	509	Northwestern	-	TEAM	-	-	-	-	7	 	 	 	""	 	""	0.00	""	""	0.00
2015	11980	509	Northwestern	-	Totals	-	-	-	-	12	455	261	14	2,598	10	106.42	21.75	9.954	0.574	216.50
2015	11980	509	Northwestern	-	Opponent Totals	-	-	-	-	12	397	220	15	2,572	17	116.41	18.33	11.691	0.554	214.33
2015	11980	513	Notre Dame	-	TEAM	-	-	-	-	9	1	 	 	0	 	0.00	0.00	""	0.000	0.00
2015	11980	513	Notre Dame	-	Totals	-	-	-	-	13	463	277	14	3,711	30	142.49	21.31	13.397	0.598	285.46
2015	11980	513	Notre Dame	-	Opponent Totals	-	-	-	-	13	413	249	16	3,029	23	132.53	19.15	12.165	0.603	233.00
2015	11980	519	Ohio	-	TEAM	-	-	-	-	7	 	 	 	""	 	""	0.00	""	""	0.00
2015	11980	519	Ohio	-	Totals	-	-	-	-	12	375	202	9	2,474	11	114.16	16.83	12.248	0.539	206.17
2015	11980	519	Ohio	-	Opponent Totals	-	-	-	-	12	434	255	12	3,137	22	130.67	21.25	12.302	0.588	261.42
2015	11980	518	Ohio St.	-	TEAM	-	-	-	-	10	 	 	 	""	 	""	0.00	""	""	0.00
2015	11980	518	Ohio St.	-	Totals	-	-	-	-	15	409	260	12	3,707	42	167.72	17.33	14.258	0.636	247.13
2015	11980	518	Ohio St.	-	Opponent Totals	-	-	-	-	15	495	276	25	3,016	17	108.17	18.40	10.928	0.558	201.07
2015	11980	522	Oklahoma	-	TEAM	-	-	-	-	6	2	 	 	""	 	0.00	0.00	""	0.000	0.00
2015	11980	522	Oklahoma	-	Totals	-	-	-	-	13	386	210	17	2,646	17	117.71	16.15	12.600	0.544	203.54
2015	11980	522	Oklahoma	-	Opponent Totals	-	-	-	-	13	510	287	12	3,591	23	125.60	22.08	12.512	0.563	276.23
2015	11980	521	Oklahoma St.	-	TEAM	-	-	-	-	12	1	 	 	""	 	0.00	0.00	""	0.000	0.00
2015	11980	521	Oklahoma St.	-	Totals	-	-	-	-	13	401	222	17	3,149	19	128.48	17.08	14.185	0.554	242.23
2015	11980	521	Oklahoma St.	-	Opponent Totals	-	-	-	-	13	453	275	12	3,499	23	137.05	21.15	12.724	0.607	269.15
2015	11980	523	Old Dominion	-	TEAM	-	-	-	-	5	 	 	 	""	 	""	0.00	""	""	0.00
2015	11980	523	Old Dominion	-	Totals	-	-	-	-	11	408	258	15	3,228	27	144.18	23.45	12.512	0.632	293.45
2015	11980	523	Old Dominion	-	Opponent Totals	-	-	-	-	11	315	220	5	2,623	26	163.85	20.00	11.923	0.698	238.45
2015	11980	433	Ole Miss	-	TEAM	-	-	-	-	6	2	 	 	0	 	0.00	0.00	""	0.000	0.00
2015	11980	433	Ole Miss	-	Totals	-	-	-	-	13	428	258	15	3,427	24	139.03	19.85	13.283	0.603	263.62
2015	11980	433	Ole Miss	-	Opponent Totals	-	-	-	-	13	402	240	22	2,497	12	110.78	18.46	10.404	0.597	192.08
2015	11980	529	Oregon	-	TEAM	-	-	-	-	8	 	 	 	""	 	""	0.00	""	""	0.00
2015	11980	529	Oregon	-	Totals	-	-	-	-	15	474	326	4	4,687	44	180.78	21.73	14.377	0.688	312.47
2015	11980	529	Oregon	-	Opponent Totals	-	-	-	-	15	581	351	13	3,964	21	125.18	23.40	11.293	0.604	264.27
2015	11980	528	Oregon St.	-	TEAM	-	-	-	-	7	1	 	 	0	 	0.00	0.00	""	0.000	0.00
2015	11980	528	Oregon St.	-	Totals	-	-	-	-	12	472	290	8	3,305	15	127.36	24.17	11.397	0.614	275.42
2015	11980	528	Oregon St.	-	Opponent Totals	-	-	-	-	12	435	256	11	2,977	20	126.45	21.33	11.629	0.589	248.08
2015	11980	539	Penn St.	-	TEAM	-	-	-	-	9	1	 	 	0	 	0.00	0.00	""	0.000	0.00
2015	11980	539	Penn St.	-	Totals	-	-	-	-	13	497	276	15	3,034	13	109.41	21.23	10.993	0.555	233.38
2015	11980	539	Penn St.	-	Opponent Totals	-	-	-	-	13	406	215	16	2,317	10	101.14	16.54	10.777	0.530	178.23
2015	11980	545	Pittsburgh	-	TEAM	-	-	-	-	12	2	 	 	0	 	0.00	0.00	""	0.000	0.00
2015	11980	545	Pittsburgh	-	Totals	-	-	-	-	13	308	188	7	2,417	17	140.63	14.46	12.856	0.610	185.92
2015	11980	545	Pittsburgh	-	Opponent Totals	-	-	-	-	13	372	199	10	2,586	17	121.59	15.31	12.995	0.535	198.92
2015	11980	559	Purdue	-	TEAM	-	-	-	-	9	 	 	 	""	 	""	0.00	""	""	0.00
2015	11980	559	Purdue	-	Totals	-	-	-	-	12	434	233	16	2,249	16	102.01	19.42	9.652	0.537	187.42
2015	11980	559	Purdue	-	Opponent Totals	-	-	-	-	12	390	223	10	2,687	18	125.16	18.58	12.049	0.572	223.92
2015	11980	574	Rice	-	TEAM	-	-	-	-	9	 	 	 	""	 	""	0.00	""	""	0.00
2015	11980	574	Rice	-	Totals	-	-	-	-	13	352	204	8	3,009	25	148.65	15.69	14.750	0.580	231.46
2015	11980	574	Rice	-	Opponent Totals	-	-	-	-	13	414	226	9	3,034	27	133.32	17.38	13.425	0.546	233.38
2015	11980	587	Rutgers	-	TEAM	-	-	-	-	11	1	 	 	""	 	0.00	0.00	""	0.000	0.00
2015	11980	587	Rutgers	-	Totals	-	-	-	-	13	357	199	13	2,956	22	138.35	15.31	14.854	0.557	227.38
2015	11980	587	Rutgers	-	Opponent Totals	-	-	-	-	13	402	241	7	2,996	18	133.85	18.54	12.432	0.600	230.46
2015	11980	663	SMU	-	TEAM	-	-	-	-	3	 	 	 	""	 	""	0.00	""	""	0.00
2015	11980	663	SMU	-	Totals	-	-	-	-	12	430	230	14	2,024	6	91.12	19.17	8.800	0.535	168.67
2015	11980	663	SMU	-	Opponent Totals	-	-	-	-	12	364	230	6	3,164	27	157.38	19.17	13.757	0.632	263.67
2015	11980	626	San Diego St.	-	TEAM	-	-	-	-	7	 	 	 	""	 	""	0.00	""	""	0.00
2015	11980	626	San Diego St.	-	Totals	-	-	-	-	13	349	183	15	2,319	10	109.11	14.08	12.672	0.524	178.38
2015	11980	626	San Diego St.	-	Opponent Totals	-	-	-	-	13	355	198	14	2,321	10	112.10	15.23	11.722	0.558	178.54
2015	11980	630	San Jose St.	-	TEAM	-	-	-	-	5	 	 	 	""	 	""	0.00	""	""	0.00
2015	11980	630	San Jose St.	-	Totals	-	-	-	-	12	450	283	14	3,038	16	125.11	23.58	10.735	0.629	253.17
2015	11980	630	San Jose St.	-	Opponent Totals	-	-	-	-	12	241	134	6	1,414	6	108.12	11.17	10.552	0.556	117.83
2015	11980	646	South Ala.	-	TEAM	-	-	-	-	9	1	 	 	0	 	0.00	0.00	""	0.000	0.00
2015	11980	646	South Ala.	-	Totals	-	-	-	-	13	412	218	17	2,561	17	110.49	16.77	11.748	0.529	197.00
2015	11980	646	South Ala.	-	Opponent Totals	-	-	-	-	13	386	216	6	2,767	19	129.31	16.62	12.810	0.560	212.85
2015	11980	648	South Carolina	-	TEAM	-	-	-	-	5	1	 	 	""	 	0.00	0.00	""	0.000	0.00
2015	11980	648	South Carolina	-	Totals	-	-	-	-	13	468	277	11	3,671	28	140.12	21.31	13.253	0.592	282.38
2015	11980	648	South Carolina	-	Opponent Totals	-	-	-	-	13	390	242	11	2,866	16	131.68	18.62	11.843	0.621	220.46
2015	11980	651	South Fla.	-	TEAM	-	-	-	-	9	 	 	 	""	 	""	0.00	""	""	0.00
2015	11980	651	South Fla.	-	Totals	-	-	-	-	12	364	179	11	2,361	11	107.59	14.92	13.190	0.492	196.75
2015	11980	651	South Fla.	-	Opponent Totals	-	-	-	-	12	362	249	6	2,638	16	141.27	20.75	10.594	0.688	219.83
2015	11980	657	Southern California	-	TEAM	-	-	-	-	8	 	 	 	""	 	""	0.00	""	""	0.00
2015	11980	657	Southern California	-	Totals	-	-	-	-	13	460	318	5	3,856	39	165.35	24.46	12.126	0.691	296.62
2015	11980	657	Southern California	-	Opponent Totals	-	-	-	-	13	548	322	14	3,569	20	120.40	24.77	11.084	0.588	274.54
2015	11980	664	Southern Miss.	-	TEAM	-	-	-	-	9	1	 	 	""	 	0.00	0.00	""	0.000	0.00
2015	11980	664	Southern Miss.	-	Totals	-	-	-	-	12	482	277	15	3,231	14	117.14	23.08	11.664	0.575	269.25
2015	11980	664	Southern Miss.	-	Opponent Totals	-	-	-	-	12	363	231	7	2,821	23	145.97	19.25	12.212	0.636	235.08
2015	11980	674	Stanford	-	TEAM	-	-	-	-	11	1	 	 	0	 	0.00	0.00	""	0.000	0.00
2015	11980	674	Stanford	-	Totals	-	-	-	-	13	381	248	8	2,988	20	144.09	19.08	12.048	0.651	229.85
2015	11980	674	Stanford	-	Opponent Totals	-	-	-	-	13	430	245	12	2,313	12	105.79	18.85	9.441	0.570	177.92
2015	11980	688	Syracuse	-	TEAM	-	-	-	-	4	1	 	 	""	 	0.00	0.00	""	0.000	0.00
2015	11980	688	Syracuse	-	Totals	-	-	-	-	12	383	207	17	2,209	6	98.79	17.25	10.671	0.540	184.08
2015	11980	688	Syracuse	-	Opponent Totals	-	-	-	-	12	345	225	8	2,519	19	1,693.64	225.00	137.633	7.800	2,519.00
2015	11980	698	TCU	-	TEAM	-	-	-	-	5	 	 	 	""	 	""	0.00	""	""	0.00
2015	11980	698	TCU	-	Totals	-	-	-	-	13	529	325	11	4,240	37	147.69	25.00	13.046	0.614	326.15
2015	11980	698	TCU	-	Opponent Totals	-	-	-	-	13	445	216	26	3,029	17	106.64	16.62	14.023	0.485	233.00
2015	11980	690	Temple	-	TEAM	-	-	-	-	8	1	 	 	""	 	0.00	0.00	""	0.000	0.00
2015	11980	690	Temple	-	Totals	-	-	-	-	12	403	214	16	2,408	13	106.00	17.83	11.252	0.531	200.67
2015	11980	690	Temple	-	Opponent Totals	-	-	-	-	12	367	216	11	2,243	9	112.29	18.00	10.384	0.589	186.92
2015	11980	694	Tennessee	-	TEAM	-	-	-	-	7	1	 	 	0	 	0.00	0.00	""	0.000	0.00
2015	11980	694	Tennessee	-	Totals	-	-	-	-	13	453	281	14	2,914	23	126.64	21.62	10.370	0.620	224.15
2015	11980	694	Tennessee	-	Opponent Totals	-	-	-	-	13	377	201	16	2,551	16	115.67	15.46	12.692	0.533	196.23
2015	11980	703	Texas	-	TEAM	-	-	-	-	10	 	 	 	""	 	""	0.00	""	""	0.00
2015	11980	703	Texas	-	Totals	-	-	-	-	13	418	243	11	2,599	14	116.15	18.69	10.695	0.581	199.92
2015	11980	703	Texas	-	Opponent Totals	-	-	-	-	13	419	247	15	2,395	13	110.04	19.00	9.696	0.589	184.23
2015	11980	697	Texas A&M	-	TEAM	-	-	-	-	6	 	 	 	""	 	""	0.00	""	""	0.00
2015	11980	697	Texas A&M	-	Totals	-	-	-	-	13	514	332	15	3,971	39	148.69	25.54	11.961	0.646	305.46
2015	11980	697	Texas A&M	-	Opponent Totals	-	-	-	-	13	431	242	5	3,052	19	127.86	18.62	12.612	0.561	234.77
2015	11980	670	Texas St.	-	TEAM	-	-	-	-	8	1	 	 	0	 	0.00	0.00	""	0.000	0.00
2015	11980	670	Texas St.	-	Totals	-	-	-	-	12	382	250	7	2,711	22	140.40	20.83	10.844	0.654	225.92
2015	11980	670	Texas St.	-	Opponent Totals	-	-	-	-	12	416	262	13	2,919	18	129.95	21.83	11.141	0.630	243.25
2015	11980	700	Texas Tech	-	TEAM	-	-	-	-	7	1	 	 	""	 	0.00	0.00	""	0.000	0.00
2015	11980	700	Texas Tech	-	Totals	-	-	-	-	12	559	332	18	4,213	40	139.87	27.67	12.690	0.594	351.08
2015	11980	700	Texas Tech	-	Opponent Totals	-	-	-	-	12	386	228	6	3,038	27	145.15	19.00	13.325	0.591	253.17
2015	11980	709	Toledo	-	TEAM	-	-	-	-	9	 	 	 	""	 	""	0.00	""	""	0.00
2015	11980	709	Toledo	-	Totals	-	-	-	-	13	397	243	9	3,044	24	141.03	18.69	12.527	0.612	234.15
2015	11980	709	Toledo	-	Opponent Totals	-	-	-	-	13	481	293	10	3,792	37	148.36	22.54	12.942	0.609	291.69
2015	11980	716	Troy	-	TEAM	-	-	-	-	5	1	 	 	""	 	0.00	0.00	""	0.000	0.00
2015	11980	716	Troy	-	Totals	-	-	-	-	12	357	238	4	2,385	12	131.64	19.83	10.021	0.667	198.75
2015	11980	716	Troy	-	Opponent Totals	-	-	-	-	12	333	205	11	2,495	19	136.72	17.08	12.171	0.616	207.92
2015	11980	718	Tulane	-	TEAM	-	-	-	-	8	1	 	 	""	 	0.00	0.00	""	0.000	0.00
2015	11980	718	Tulane	-	Totals	-	-	-	-	12	443	240	18	2,415	13	101.53	20.00	10.062	0.542	201.25
2015	11980	718	Tulane	-	Opponent Totals	-	-	-	-	12	377	220	17	2,759	18	126.57	18.33	12.541	0.584	229.92
2015	11980	719	Tulsa	-	TEAM	-	-	-	-	7	2	 	 	0	 	0.00	0.00	""	0.000	0.00
2015	11980	719	Tulsa	-	Totals	-	-	-	-	12	481	263	18	3,176	23	118.44	21.92	12.076	0.547	264.67
2015	11980	719	Tulsa	-	Opponent Totals	-	-	-	-	12	374	232	8	3,265	29	156.67	19.33	14.073	0.620	272.08
2015	11980	9	UAB	-	TEAM	-	-	-	-	9	2	 	 	0	 	0.00	0.00	""	0.000	0.00
2015	11980	9	UAB	-	Totals	-	-	-	-	12	328	203	12	2,637	17	139.21	16.92	12.990	0.619	219.75
2015	11980	9	UAB	-	Opponent Totals	-	-	-	-	12	384	204	9	2,772	24	129.70	17.00	13.588	0.531	231.00
2015	11980	128	UCF	-	TEAM	-	-	-	-	10	1	 	 	""	 	0.00	0.00	""	0.000	0.00
2015	11980	128	UCF	-	Totals	-	-	-	-	13	416	233	15	3,059	23	128.81	17.92	13.129	0.560	235.31
2015	11980	128	UCF	-	Opponent Totals	-	-	-	-	13	441	243	18	2,525	17	107.76	18.69	10.391	0.551	194.23
2015	11980	110	UCLA	-	TEAM	-	-	-	-	11	3	 	 	0	 	0.00	0.00	""	0.000	0.00
2015	11980	110	UCLA	-	Totals	-	-	-	-	13	435	298	6	3,358	24	148.80	22.92	11.268	0.685	258.31
2015	11980	110	UCLA	-	Opponent Totals	-	-	-	-	13	497	306	11	3,258	22	126.82	23.54	10.647	0.616	250.62
2015	11980	164	UConn	-	TEAM	-	-	-	-	5	1	 	 	0	 	0.00	0.00	""	0.000	0.00
2015	11980	164	UConn	-	Totals	-	-	-	-	12	340	185	12	2,032	12	109.20	15.42	10.984	0.544	169.33
2015	11980	164	UConn	-	Opponent Totals	-	-	-	-	12	389	229	8	2,505	21	126.66	19.08	10.939	0.589	208.75
2015	11980	465	UNLV	-	TEAM	-	-	-	-	6	3	 	 	""	 	0.00	0.00	""	0.000	0.00
2015	11980	465	UNLV	-	Totals	-	-	-	-	13	498	268	22	3,357	16	112.21	20.62	12.526	0.538	258.23
2015	11980	465	UNLV	-	Opponent Totals	-	-	-	-	13	337	194	7	2,855	25	149.06	14.92	14.716	0.576	219.62
2015	11980	704	UTEP	-	TEAM	-	-	-	-	11	 	 	 	""	 	""	0.00	""	""	0.00
2015	11980	704	UTEP	-	Totals	-	-	-	-	13	287	159	6	1,858	12	119.40	12.23	11.686	0.554	142.92
2015	11980	704	UTEP	-	Opponent Totals	-	-	-	-	13	321	166	11	2,486	19	129.45	12.77	14.976	0.517	191.23
2015	11980	706	UTSA	-	TEAM	-	-	-	-	9	 	 	 	""	 	""	0.00	""	""	0.00
2015	11980	706	UTSA	-	Totals	-	-	-	-	12	356	203	12	2,104	7	106.41	16.92	10.365	0.570	175.33
2015	11980	706	UTSA	-	Opponent Totals	-	-	-	-	12	377	217	9	2,754	18	129.90	18.08	12.691	0.576	229.50
2015	11980	732	Utah	-	TEAM	-	-	-	-	6	1	 	 	""	 	0.00	0.00	""	0.000	0.00
2015	11980	732	Utah	-	Totals	-	-	-	-	13	378	229	8	2,570	20	130.92	17.62	11.223	0.606	197.69
2015	11980	732	Utah	-	Opponent Totals	-	-	-	-	13	450	267	12	3,206	23	130.71	20.54	12.007	0.593	246.62
2015	11980	731	Utah St.	-	TEAM	-	-	-	-	10	1	 	 	""	 	0.00	0.00	""	0.000	0.00
2015	11980	731	Utah St.	-	Totals	-	-	-	-	14	389	243	11	2,782	20	133.85	17.36	11.449	0.625	198.71
2015	11980	731	Utah St.	-	Opponent Totals	-	-	-	-	14	489	265	19	3,155	16	111.42	18.93	11.906	0.542	225.36
2015	11980	736	Vanderbilt	-	TEAM	-	-	-	-	8	 	 	 	""	 	""	0.00	""	""	0.00
2015	11980	736	Vanderbilt	-	Totals	-	-	-	-	12	357	180	19	2,149	13	102.36	15.00	11.939	0.504	179.08
2015	11980	736	Vanderbilt	-	Opponent Totals	-	-	-	-	12	346	215	6	2,620	19	140.40	17.92	12.186	0.621	218.33
2015	11980	746	Virginia	-	TEAM	-	-	-	-	9	2	 	 	0	 	0.00	0.00	""	0.000	0.00
2015	11980	746	Virginia	-	Totals	-	-	-	-	12	432	248	16	2,837	18	118.91	20.67	11.440	0.574	236.42
2015	11980	746	Virginia	-	Opponent Totals	-	-	-	-	12	394	218	15	2,790	19	123.11	18.17	12.798	0.553	232.50
2015	11980	742	Virginia Tech	-	TEAM	-	-	-	-	12	1	 	 	0	 	0.00	0.00	""	0.000	0.00
2015	11980	742	Virginia Tech	-	Totals	-	-	-	-	13	456	271	15	2,826	19	118.66	20.85	10.428	0.594	217.38
2015	11980	742	Virginia Tech	-	Opponent Totals	-	-	-	-	13	384	183	12	2,587	13	109.17	14.08	14.137	0.477	199.00
2015	11980	749	Wake Forest	-	TEAM	-	-	-	-	7	 	 	 	""	 	""	0.00	""	""	0.00
2015	11980	749	Wake Forest	-	Totals	-	-	-	-	12	385	225	14	2,116	12	107.62	18.75	9.404	0.584	176.33
2015	11980	749	Wake Forest	-	Opponent Totals	-	-	-	-	12	348	211	6	2,239	12	1,487.32	211.00	123.282	0.606	186.58
2015	11980	756	Washington	-	TEAM	-	-	-	-	10	1	 	 	0	 	0.00	0.00	""	0.000	0.00
2015	11980	756	Washington	-	Totals	-	-	-	-	14	400	255	6	2,801	19	135.25	18.21	10.984	0.637	200.07
2015	11980	756	Washington	-	Opponent Totals	-	-	-	-	14	539	343	13	4,012	26	137.26	24.50	11.697	0.636	286.57
2015	11980	754	Washington St.	-	TEAM	-	-	-	-	4	2	 	 	0	 	0.00	0.00	""	0.000	0.00
2015	11980	754	Washington St.	-	Totals	-	-	-	-	12	771	510	18	5,732	45	143.19	42.50	11.239	0.661	477.67
2015	11980	754	Washington St.	-	Opponent Totals	-	-	-	-	12	429	276	3	3,559	33	158.01	23.00	12.895	0.643	296.58
2015	11980	768	West Virginia	-	TEAM	-	-	-	-	8	1	 	 	0	 	0.00	0.00	""	0.000	0.00
2015	11980	768	West Virginia	-	Totals	-	-	-	-	13	534	340	10	4,121	26	140.82	26.15	12.121	0.637	317.00
2015	11980	768	West Virginia	-	Opponent Totals	-	-	-	-	13	455	241	12	3,006	18	116.24	18.54	12.473	0.530	231.23
2015	11980	772	Western Ky.	-	TEAM	-	-	-	-	8	 	 	 	""	 	""	0.00	""	""	0.00
2015	11980	772	Western Ky.	-	Totals	-	-	-	-	13	557	378	10	4,866	49	166.69	29.08	12.873	0.679	374.31
2015	11980	772	Western Ky.	-	Opponent Totals	-	-	-	-	13	420	267	13	3,759	33	158.49	20.54	14.079	0.636	289.15
2015	11980	774	Western Mich.	-	TEAM	-	-	-	-	12	1	 	 	""	 	0.00	0.00	""	0.000	0.00
2015	11980	774	Western Mich.	-	Totals	-	-	-	-	13	372	253	10	3,475	26	164.17	19.46	13.735	0.680	267.31
2015	11980	774	Western Mich.	-	Opponent Totals	-	-	-	-	13	412	222	13	2,829	18	119.67	17.08	12.743	0.539	217.62
2015	11980	796	Wisconsin	-	TEAM	-	-	-	-	9	 	 	 	""	 	""	0.00	""	""	0.00
2015	11980	796	Wisconsin	-	Totals	-	-	-	-	14	322	177	16	2,082	15	114.72	12.64	11.763	0.550	148.71
2015	11980	796	Wisconsin	-	Opponent Totals	-	-	-	-	14	347	170	6	2,352	15	116.73	12.14	13.835	0.490	168.00
2015	11980	811	Wyoming	-	TEAM	-	-	-	-	6	1	 	 	""	 	0.00	0.00	""	0.000	0.00
2015	11980	811	Wyoming	-	Totals	-	-	-	-	12	375	212	10	2,733	12	122.98	17.67	12.892	0.565	227.75
2015	11980	811	Wyoming	-	Opponent Totals	-	-	-	-	12	325	214	3	2,733	22	156.98	17.83	12.771	0.658	227.75
