2016	12240	4	Adrian	-	TEAM	-	-	-	-	3	2	-8	 	8	-4.00	 	-2.67	 
2016	12240	4	Adrian	-	Totals	-	-	-	-	3	144	622	698	76	4.32	5	207.33	 
2016	12240	4	Adrian	-	Opponent Totals	-	-	-	-	3	84	295	376	81	3.51	6	98.33	 
2016	12240	15	Albion	-	TEAM	-	-	-	-	2	1	0	 	 	0.00	 	0.00	 
2016	12240	15	Albion	-	Totals	-	-	-	-	3	141	1,071	1,126	55	7.60	14	357.00	 
2016	12240	15	Albion	-	Opponent Totals	-	-	-	-	3	115	521	597	76	4.53	6	173.67	 
2016	12240	16	Albright	-	TEAM	-	-	-	-	2	2	-1	 	1	-0.50	 	-0.50	 
2016	12240	16	Albright	-	Totals	-	-	-	-	2	75	110	201	91	1.47	1	55.00	 
2016	12240	16	Albright	-	Opponent Totals	-	-	-	-	2	70	305	358	53	4.36	2	152.50	 
2016	12240	18	Alfred	-	TEAM	-	-	-	-	3	5	-27	 	27	-5.40	 	-9.00	 
2016	12240	18	Alfred	-	Totals	-	-	-	-	3	128	502	657	155	3.92	8	167.33	 
2016	12240	18	Alfred	-	Opponent Totals	-	-	-	-	3	122	461	566	105	3.78	2	153.67	 
2016	12240	19	Allegheny	-	TEAM	-	-	-	-	3	1	-1	 	1	-1.00	 	-0.33	 
2016	12240	19	Allegheny	-	Totals	-	-	-	-	3	87	17	216	199	0.20	1	5.67	 
2016	12240	19	Allegheny	-	Opponent Totals	-	-	-	-	3	151	801	884	83	5.30	12	267.00	 
2016	12240	21	Alma	-	TEAM	-	-	-	-	1	 	""	 	 	""	 	0.00	 
2016	12240	21	Alma	-	Totals	-	-	-	-	3	97	507	557	50	5.23	11	169.00	 
2016	12240	21	Alma	-	Opponent Totals	-	-	-	-	3	139	523	644	121	3.76	7	174.33	 
2016	12240	939	Anderson (IN)	-	TEAM	-	-	-	-	2	1	-21	 	21	-21.00	 	-10.50	 
2016	12240	939	Anderson (IN)	-	Totals	-	-	-	-	3	96	83	293	210	0.86	1	27.67	 
2016	12240	939	Anderson (IN)	-	Opponent Totals	-	-	-	-	3	155	889	997	108	5.74	12	296.33	 
2016	12240	26	Anna Maria	-	TEAM	-	-	-	-	2	2	-21	 	21	-10.50	 	-10.50	 
2016	12240	26	Anna Maria	-	Totals	-	-	-	-	3	133	382	506	124	2.87	1	127.33	 
2016	12240	26	Anna Maria	-	Opponent Totals	-	-	-	-	3	87	295	348	53	3.39	6	98.33	 
2016	12240	38	Augsburg	-	TEAM	-	-	-	-	3	2	-2	 	2	-1.00	 	-0.67	 
2016	12240	38	Augsburg	-	Totals	-	-	-	-	3	127	852	912	60	6.71	13	284.00	 
2016	12240	38	Augsburg	-	Opponent Totals	-	-	-	-	3	124	457	520	63	3.69	7	152.33	 
2016	12240	40	Augustana (IL)	-	TEAM	-	-	-	-	2	3	-6	 	6	-2.00	 	-3.00	 
2016	12240	40	Augustana (IL)	-	Totals	-	-	-	-	3	150	989	1,062	73	6.59	12	329.67	 
2016	12240	40	Augustana (IL)	-	Opponent Totals	-	-	-	-	3	106	494	586	92	4.66	6	164.67	 
2016	12240	42	Aurora	-	TEAM	-	-	-	-	2	6	-87	 	87	-14.50	 	-43.50	 
2016	12240	42	Aurora	-	Totals	-	-	-	-	2	80	129	320	191	1.61	3	64.50	 
2016	12240	42	Aurora	-	Opponent Totals	-	-	-	-	2	66	321	341	20	4.86	5	160.50	 
2016	12240	953	Austin	-	TEAM	-	-	-	-	2	3	-14	 	14	-4.67	 	-7.00	 
2016	12240	953	Austin	-	Totals	-	-	-	-	2	96	369	438	69	3.84	5	184.50	 
2016	12240	953	Austin	-	Opponent Totals	-	-	-	-	2	87	328	412	84	3.77	4	164.00	 
2016	12240	44	Averett	-	TEAM	-	-	-	-	2	1	-13	 	13	-13.00	 	-6.50	 
2016	12240	44	Averett	-	Totals	-	-	-	-	3	97	353	453	100	3.64	6	117.67	 
2016	12240	44	Averett	-	Opponent Totals	-	-	-	-	3	185	1,297	1,338	41	7.01	16	432.33	 
2016	12240	46	Baldwin Wallace	-	TEAM	-	-	-	-	2	3	-3	 	3	-1.00	 	-1.50	 
2016	12240	46	Baldwin Wallace	-	Totals	-	-	-	-	2	83	402	457	55	4.84	6	201.00	 
2016	12240	46	Baldwin Wallace	-	Opponent Totals	-	-	-	-	2	88	442	474	32	5.02	5	221.00	 
2016	12240	26107	Becker	-	TEAM	-	-	-	-	2	2	-2	 	2	-1.00	 	-1.00	 
2016	12240	26107	Becker	-	Totals	-	-	-	-	2	79	366	472	106	4.63	3	183.00	 
2016	12240	26107	Becker	-	Opponent Totals	-	-	-	-	2	89	408	508	100	4.58	3	204.00	 
2016	12240	53	Beloit	-	TEAM	-	-	-	-	1	2	-2	 	2	-1.00	 	-2.00	 
2016	12240	53	Beloit	-	Totals	-	-	-	-	3	138	768	828	60	5.57	11	256.00	 
2016	12240	53	Beloit	-	Opponent Totals	-	-	-	-	3	107	417	476	59	3.90	4	139.00	 
2016	12240	296	Benedictine (IL)	-	TEAM	-	-	-	-	1	2	-4	 	4	-2.00	 	-4.00	 
2016	12240	296	Benedictine (IL)	-	Totals	-	-	-	-	3	89	229	288	59	2.57	2	76.33	 
2016	12240	296	Benedictine (IL)	-	Opponent Totals	-	-	-	-	3	106	434	478	44	4.09	6	144.67	 
2016	12240	973	Berry	-	TEAM	-	-	-	-	2	2	-10	 	10	-5.00	 	-5.00	 
2016	12240	973	Berry	-	Totals	-	-	-	-	3	129	404	497	93	3.13	1	134.67	 
2016	12240	973	Berry	-	Opponent Totals	-	-	-	-	3	128	448	547	99	3.50	2	149.33	 
2016	12240	59	Bethany (WV)	-	TEAM	-	-	-	-	3	1	-11	 	11	-11.00	 	-3.67	 
2016	12240	59	Bethany (WV)	-	Totals	-	-	-	-	3	98	426	544	118	4.35	7	142.00	 
2016	12240	59	Bethany (WV)	-	Opponent Totals	-	-	-	-	3	135	542	642	100	4.01	5	180.67	 
2016	12240	60	Bethel (MN)	-	Totals	-	-	-	-	3	139	753	813	60	5.42	6	251.00	 
2016	12240	60	Bethel (MN)	-	Opponent Totals	-	-	-	-	3	76	380	412	32	5.00	3	126.67	 
2016	12240	28593	Birmingham-So.	-	Totals	-	-	-	-	2	84	342	423	81	4.07	4	171.00	 
2016	12240	28593	Birmingham-So.	-	Opponent Totals	-	-	-	-	2	64	265	296	31	4.14	2	132.50	 
2016	12240	987	Bluffton	-	TEAM	-	-	-	-	1	 	""	 	 	""	 	0.00	 
2016	12240	987	Bluffton	-	Totals	-	-	-	-	2	89	380	406	26	4.27	2	190.00	 
2016	12240	987	Bluffton	-	Opponent Totals	-	-	-	-	2	72	333	393	60	4.62	4	166.50	 
2016	12240	75	Bridgewater (VA)	-	TEAM	-	-	-	-	1	 	""	 	 	""	 	0.00	 
2016	12240	75	Bridgewater (VA)	-	Totals	-	-	-	-	3	92	297	357	60	3.23	5	99.00	 
2016	12240	75	Bridgewater (VA)	-	Opponent Totals	-	-	-	-	3	154	902	974	72	5.86	7	300.67	 
2016	12240	76	Bridgewater St.	-	TEAM	-	-	-	-	2	2	-2	 	2	-1.00	 	-1.00	 
2016	12240	76	Bridgewater St.	-	Totals	-	-	-	-	3	153	660	733	73	4.31	6	220.00	 
2016	12240	76	Bridgewater St.	-	Opponent Totals	-	-	-	-	3	88	510	564	54	5.80	6	170.00	 
2016	12240	78	Brockport	-	TEAM	-	-	-	-	1	2	-1	 	1	-0.50	 	-1.00	 
2016	12240	78	Brockport	-	Totals	-	-	-	-	2	89	491	511	20	5.52	6	245.50	 
2016	12240	78	Brockport	-	Opponent Totals	-	-	-	-	2	61	183	262	79	3.00	1	91.50	 
2016	12240	84	Buena Vista	-	TEAM	-	-	-	-	1	1	-6	 	6	-6.00	 	-6.00	 
2016	12240	84	Buena Vista	-	Totals	-	-	-	-	2	74	172	269	97	2.32	2	86.00	 
2016	12240	84	Buena Vista	-	Opponent Totals	-	-	-	-	2	79	458	480	22	5.80	6	229.00	 
2016	12240	85	Buffalo St.	-	TEAM	-	-	-	-	1	3	-27	 	27	-9.00	 	-27.00	 
2016	12240	85	Buffalo St.	-	Totals	-	-	-	-	1	45	339	369	30	7.53	4	339.00	 
2016	12240	85	Buffalo St.	-	Opponent Totals	-	-	-	-	1	24	15	50	35	0.62	 	15.00	 
2016	12240	105	Cal Lutheran	-	TEAM	-	-	-	-	2	1	-2	 	2	-2.00	 	-1.00	 
2016	12240	105	Cal Lutheran	-	Totals	-	-	-	-	2	95	410	447	37	4.32	5	205.00	 
2016	12240	105	Cal Lutheran	-	Opponent Totals	-	-	-	-	2	67	205	270	65	3.06	1	102.50	 
2016	12240	117	Capital	-	TEAM	-	-	-	-	1	 	""	 	 	""	 	0.00	 
2016	12240	117	Capital	-	Totals	-	-	-	-	2	111	700	747	47	6.31	10	350.00	 
2016	12240	117	Capital	-	Opponent Totals	-	-	-	-	2	62	339	352	13	5.47	4	169.50	 
2016	12240	118	Carleton	-	TEAM	-	-	-	-	2	1	-20	 	20	-20.00	 	-10.00	 
2016	12240	118	Carleton	-	Totals	-	-	-	-	3	136	692	752	60	5.09	8	230.67	 
2016	12240	118	Carleton	-	Opponent Totals	-	-	-	-	3	113	632	676	44	5.59	8	210.67	 
2016	12240	119	Carnegie Mellon	-	Totals	-	-	-	-	2	80	561	610	49	7.01	3	280.50	 
2016	12240	119	Carnegie Mellon	-	Opponent Totals	-	-	-	-	2	92	360	432	72	3.91	2	180.00	 
2016	12240	120	Carroll (WI)	-	TEAM	-	-	-	-	2	1	-1	 	1	-1.00	 	-0.50	 
2016	12240	120	Carroll (WI)	-	Totals	-	-	-	-	2	86	380	452	72	4.42	4	190.00	 
2016	12240	120	Carroll (WI)	-	Opponent Totals	-	-	-	-	2	69	292	309	17	4.23	3	146.00	 
2016	12240	121	Carthage	-	TEAM	-	-	-	-	1	1	-14	 	14	-14.00	 	-14.00	 
2016	12240	121	Carthage	-	Totals	-	-	-	-	2	61	277	327	50	4.54	2	138.50	 
2016	12240	121	Carthage	-	Opponent Totals	-	-	-	-	2	91	405	457	52	4.45	5	202.50	 
2016	12240	122	Case	-	TEAM	-	-	-	-	1	2	0	 	 	0.00	 	0.00	 
2016	12240	122	Case	-	Totals	-	-	-	-	2	70	358	397	39	5.11	4	179.00	 
2016	12240	122	Case	-	Opponent Totals	-	-	-	-	2	60	106	167	61	1.77	 	53.00	 
2016	12240	123	Castleton	-	Totals	-	-	-	-	2	63	120	180	60	1.90	3	60.00	 
2016	12240	123	Castleton	-	Opponent Totals	-	-	-	-	2	77	365	416	51	4.74	1	182.50	 
2016	12240	124	Catholic	-	Totals	-	-	-	-	3	115	393	479	86	3.42	4	131.00	 
2016	12240	124	Catholic	-	Opponent Totals	-	-	-	-	3	136	529	602	73	3.89	5	176.33	 
2016	12240	126	Central (IA)	-	TEAM	-	-	-	-	1	 	""	 	 	""	 	0.00	 
2016	12240	126	Central (IA)	-	Totals	-	-	-	-	3	111	482	523	41	4.34	7	160.67	 
2016	12240	126	Central (IA)	-	Opponent Totals	-	-	-	-	3	108	179	279	100	1.66	2	59.67	 
2016	12240	132	Centre	-	TEAM	-	-	-	-	1	 	""	 	 	""	 	0.00	 
2016	12240	132	Centre	-	Totals	-	-	-	-	3	153	1,003	1,079	76	6.56	12	334.33	 
2016	12240	132	Centre	-	Opponent Totals	-	-	-	-	3	91	253	339	86	2.78	2	84.33	 
2016	12240	134	Chapman	-	TEAM	-	-	-	-	1	1	0	 	 	0.00	 	0.00	 
2016	12240	134	Chapman	-	Totals	-	-	-	-	1	32	98	117	19	3.06	1	98.00	 
2016	12240	134	Chapman	-	Opponent Totals	-	-	-	-	1	40	146	184	38	3.65	1	146.00	 
2016	12240	137	Chicago	-	TEAM	-	-	-	-	2	5	-8	 	8	-1.60	 	-4.00	 
2016	12240	137	Chicago	-	Totals	-	-	-	-	2	64	157	195	38	2.45	1	78.50	 
2016	12240	137	Chicago	-	Opponent Totals	-	-	-	-	2	77	443	465	22	5.75	5	221.50	 
2016	12240	139	Chris. Newport	-	TEAM	-	-	-	-	2	4	-10	 	10	-2.50	 	-5.00	 
2016	12240	139	Chris. Newport	-	Totals	-	-	-	-	3	117	294	390	96	2.51	5	98.00	 
2016	12240	139	Chris. Newport	-	Opponent Totals	-	-	-	-	3	103	497	561	64	4.83	6	165.67	 
2016	12240	142	Claremont-M-S	-	TEAM	-	-	-	-	2	2	-4	 	4	-2.00	 	-2.00	 
2016	12240	142	Claremont-M-S	-	Totals	-	-	-	-	2	95	474	507	33	4.99	5	237.00	 
2016	12240	142	Claremont-M-S	-	Opponent Totals	-	-	-	-	2	56	159	196	37	2.84	1	79.50	 
2016	12240	722	Coast Guard	-	TEAM	-	-	-	-	2	2	-2	 	2	-1.00	 	-1.00	 
2016	12240	722	Coast Guard	-	Totals	-	-	-	-	3	74	194	261	67	2.62	5	64.67	 
2016	12240	722	Coast Guard	-	Opponent Totals	-	-	-	-	3	146	722	772	50	4.95	3	240.67	 
2016	12240	150	Coe	-	TEAM	-	-	-	-	1	1	-6	 	6	-6.00	 	-6.00	 
2016	12240	150	Coe	-	Totals	-	-	-	-	3	111	515	578	63	4.64	5	171.67	 
2016	12240	150	Coe	-	Opponent Totals	-	-	-	-	3	109	524	565	41	4.81	5	174.67	 
2016	12240	160	Concordia Chicago	-	TEAM	-	-	-	-	1	 	""	 	 	""	 	0.00	 
2016	12240	160	Concordia Chicago	-	Totals	-	-	-	-	2	64	213	272	59	3.33	2	106.50	 
2016	12240	160	Concordia Chicago	-	Opponent Totals	-	-	-	-	2	98	483	500	17	4.93	5	241.50	 
2016	12240	1036	Concordia Wisconsin	-	TEAM	-	-	-	-	3	2	-9	 	9	-4.50	 	-3.00	 
2016	12240	1036	Concordia Wisconsin	-	Totals	-	-	-	-	3	109	357	485	128	3.28	4	119.00	 
2016	12240	1036	Concordia Wisconsin	-	Opponent Totals	-	-	-	-	3	106	612	689	77	5.77	11	204.00	 
2016	12240	161	Concordia-M'head	-	TEAM	-	-	-	-	2	2	-3	 	3	-1.50	 	-1.50	 
2016	12240	161	Concordia-M'head	-	Totals	-	-	-	-	3	129	530	577	47	4.11	9	176.67	 
2016	12240	161	Concordia-M'head	-	Opponent Totals	-	-	-	-	3	105	384	451	67	3.66	5	128.00	 
2016	12240	166	Cornell College	-	TEAM	-	-	-	-	2	5	-21	 	21	-4.20	 	-10.50	 
2016	12240	166	Cornell College	-	Totals	-	-	-	-	2	78	254	300	46	3.26	2	127.00	 
2016	12240	166	Cornell College	-	Opponent Totals	-	-	-	-	2	90	411	503	92	4.57	3	205.50	 
2016	12240	30035	Crown (MN)	-	Totals	-	-	-	-	3	104	467	556	89	4.49	6	155.67	 
2016	12240	30035	Crown (MN)	-	Opponent Totals	-	-	-	-	3	129	728	759	31	5.64	10	242.67	 
2016	12240	170	Curry	-	TEAM	-	-	-	-	1	2	-2	 	2	-1.00	 	-2.00	 
2016	12240	170	Curry	-	Totals	-	-	-	-	3	60	101	169	68	1.68	1	33.67	 
2016	12240	170	Curry	-	Opponent Totals	-	-	-	-	3	143	592	670	78	4.14	5	197.33	 
2016	12240	177	DePauw	-	TEAM	-	-	-	-	2	 	""	 	 	""	 	0.00	 
2016	12240	177	DePauw	-	Totals	-	-	-	-	2	97	640	661	21	6.60	8	320.00	 
2016	12240	177	DePauw	-	Opponent Totals	-	-	-	-	2	85	122	292	170	1.44	2	61.00	 
2016	12240	1050	Defiance	-	TEAM	-	-	-	-	3	 	""	 	 	""	 	0.00	 
2016	12240	1050	Defiance	-	Totals	-	-	-	-	3	99	277	343	66	2.80	1	92.33	 
2016	12240	1050	Defiance	-	Opponent Totals	-	-	-	-	3	134	695	748	53	5.19	6	231.67	 
2016	12240	179	Delaware Valley	-	TEAM	-	-	-	-	3	5	-36	 	36	-7.20	 	-12.00	 
2016	12240	179	Delaware Valley	-	Totals	-	-	-	-	3	120	706	808	102	5.88	8	235.33	 
2016	12240	179	Delaware Valley	-	Opponent Totals	-	-	-	-	3	105	407	443	36	3.88	1	135.67	 
2016	12240	182	Denison	-	TEAM	-	-	-	-	1	1	-2	 	2	-2.00	 	-2.00	 
2016	12240	182	Denison	-	Totals	-	-	-	-	2	75	245	303	58	3.27	2	122.50	 
2016	12240	182	Denison	-	Opponent Totals	-	-	-	-	2	67	207	270	63	3.09	1	103.50	 
2016	12240	185	Dickinson	-	TEAM	-	-	-	-	2	2	-16	 	16	-8.00	 	-8.00	 
2016	12240	185	Dickinson	-	Totals	-	-	-	-	3	154	679	766	87	4.41	6	226.33	 
2016	12240	185	Dickinson	-	Opponent Totals	-	-	-	-	3	102	350	417	67	3.43	6	116.67	 
2016	12240	192	Dubuque	-	TEAM	-	-	-	-	1	3	-10	 	10	-3.33	 	-10.00	 
2016	12240	192	Dubuque	-	Totals	-	-	-	-	3	104	359	423	64	3.45	4	119.67	 
2016	12240	192	Dubuque	-	Opponent Totals	-	-	-	-	3	97	358	432	74	3.69	7	119.33	 
2016	12240	195	Earlham	-	TEAM	-	-	-	-	2	2	-25	 	25	-12.50	 	-12.50	 
2016	12240	195	Earlham	-	Totals	-	-	-	-	3	95	26	236	210	0.27	 	8.67	 
2016	12240	195	Earlham	-	Opponent Totals	-	-	-	-	3	163	1,102	1,149	47	6.76	16	367.33	 
2016	12240	1062	East Tex. Baptist	-	TEAM	-	-	-	-	2	6	-15	 	15	-2.50	 	-7.50	 
2016	12240	1062	East Tex. Baptist	-	Totals	-	-	-	-	3	111	526	611	85	4.74	7	175.33	 
2016	12240	1062	East Tex. Baptist	-	Opponent Totals	-	-	-	-	3	138	432	553	121	3.13	6	144.00	 
2016	12240	212	Elmhurst	-	TEAM	-	-	-	-	2	4	-24	 	24	-6.00	 	-12.00	 
2016	12240	212	Elmhurst	-	Totals	-	-	-	-	2	96	545	604	59	5.68	4	272.50	 
2016	12240	212	Elmhurst	-	Opponent Totals	-	-	-	-	2	71	265	358	93	3.73	1	132.50	 
2016	12240	216	Emory & Henry	-	Totals	-	-	-	-	2	78	359	386	27	4.60	5	179.50	 
2016	12240	216	Emory & Henry	-	Opponent Totals	-	-	-	-	2	110	288	384	96	2.62	3	144.00	 
2016	12240	8981	Endicott	-	TEAM	-	-	-	-	2	 	""	 	 	""	 	0.00	 
2016	12240	8981	Endicott	-	Totals	-	-	-	-	2	55	152	183	31	2.76	1	76.00	 
2016	12240	8981	Endicott	-	Opponent Totals	-	-	-	-	2	77	241	346	105	3.13	2	120.50	 
2016	12240	218	Eureka	-	TEAM	-	-	-	-	2	1	-2	 	2	-2.00	 	-1.00	 
2016	12240	218	Eureka	-	Totals	-	-	-	-	3	114	599	632	33	5.25	7	199.67	 
2016	12240	218	Eureka	-	Opponent Totals	-	-	-	-	3	105	380	462	82	3.62	2	126.67	 
2016	12240	221	FDU-Florham	-	TEAM	-	-	-	-	2	2	-4	 	4	-2.00	 	-2.00	 
2016	12240	221	FDU-Florham	-	Totals	-	-	-	-	2	78	233	278	45	2.99	1	116.50	 
2016	12240	221	FDU-Florham	-	Opponent Totals	-	-	-	-	2	77	288	340	52	3.74	7	144.00	 
2016	12240	225	Ferrum	-	Totals	-	-	-	-	3	161	702	815	113	4.36	5	234.00	 
2016	12240	225	Ferrum	-	Opponent Totals	-	-	-	-	3	107	586	621	35	5.48	8	195.33	 
2016	12240	30032	Finlandia	-	TEAM	-	-	-	-	2	1	-10	 	10	-10.00	 	-5.00	 
2016	12240	30032	Finlandia	-	Totals	-	-	-	-	3	102	94	198	104	0.92	 	31.33	 
2016	12240	30032	Finlandia	-	Opponent Totals	-	-	-	-	3	145	1,051	1,089	38	7.25	22	350.33	 
2016	12240	227	Fitchburg St.	-	TEAM	-	-	-	-	3	3	-30	 	30	-10.00	 	-10.00	 
2016	12240	227	Fitchburg St.	-	Totals	-	-	-	-	3	137	476	583	107	3.47	6	158.67	 
2016	12240	227	Fitchburg St.	-	Opponent Totals	-	-	-	-	3	74	159	248	89	2.15	 	53.00	 
2016	12240	238	Framingham St.	-	TEAM	-	-	-	-	2	2	-3	 	3	-1.50	 	-1.50	 
2016	12240	238	Framingham St.	-	Totals	-	-	-	-	3	103	387	452	65	3.76	3	129.00	 
2016	12240	238	Framingham St.	-	Opponent Totals	-	-	-	-	3	97	279	352	73	2.88	5	93.00	 
2016	12240	239	Frank. & Marsh.	-	TEAM	-	-	-	-	1	3	-4	 	4	-1.33	 	-4.00	 
2016	12240	239	Frank. & Marsh.	-	Totals	-	-	-	-	3	137	564	619	55	4.12	5	188.00	 
2016	12240	239	Frank. & Marsh.	-	Opponent Totals	-	-	-	-	3	110	547	594	47	4.97	3	182.33	 
2016	12240	2694	Franklin	-	TEAM	-	-	-	-	2	2	-20	 	20	-10.00	 	-10.00	 
2016	12240	2694	Franklin	-	Totals	-	-	-	-	3	120	487	572	85	4.06	8	162.33	 
2016	12240	2694	Franklin	-	Opponent Totals	-	-	-	-	3	104	382	508	126	3.67	2	127.33	 
2016	12240	243	Frostburg St.	-	TEAM	-	-	-	-	2	2	0	 	 	0.00	 	0.00	 
2016	12240	243	Frostburg St.	-	Totals	-	-	-	-	3	137	578	638	60	4.22	5	192.67	 
2016	12240	243	Frostburg St.	-	Opponent Totals	-	-	-	-	3	105	323	449	126	3.08	2	107.67	 
2016	12240	245	Gallaudet	-	TEAM	-	-	-	-	2	2	-17	 	17	-8.50	 	-8.50	 
2016	12240	245	Gallaudet	-	Totals	-	-	-	-	2	67	117	228	111	1.75	 	58.50	 
2016	12240	245	Gallaudet	-	Opponent Totals	-	-	-	-	2	81	332	399	67	4.10	3	166.00	 
2016	12240	30084	Geneva	-	TEAM	-	-	-	-	3	5	-33	2	35	-6.60	 	-11.00	2
2016	12240	30084	Geneva	-	Totals	-	-	-	-	3	118	270	425	155	2.29	4	90.00	 
2016	12240	30084	Geneva	-	Opponent Totals	-	-	-	-	3	113	302	426	124	2.67	2	100.67	 
2016	12240	1094	George Fox	-	TEAM	-	-	-	-	2	 	""	 	 	""	 	0.00	 
2016	12240	1094	George Fox	-	Totals	-	-	-	-	2	65	267	281	14	4.11	5	133.50	 
2016	12240	1094	George Fox	-	Opponent Totals	-	-	-	-	2	99	467	517	50	4.72	5	233.50	 
2016	12240	258	Gettysburg	-	TEAM	-	-	-	-	2	5	-14	 	14	-2.80	 	-7.00	 
2016	12240	258	Gettysburg	-	Totals	-	-	-	-	3	161	892	971	79	5.54	5	297.33	 
2016	12240	258	Gettysburg	-	Opponent Totals	-	-	-	-	3	98	299	345	46	3.05	1	99.67	 
2016	12240	263	Greensboro	-	TEAM	-	-	-	-	3	3	-19	 	19	-6.33	 	-6.33	 
2016	12240	263	Greensboro	-	Totals	-	-	-	-	3	98	324	405	81	3.31	4	108.00	 
2016	12240	263	Greensboro	-	Opponent Totals	-	-	-	-	3	116	393	518	125	3.39	6	131.00	 
2016	12240	1111	Greenville	-	TEAM	-	-	-	-	2	 	""	 	 	""	 	0.00	 
2016	12240	1111	Greenville	-	Totals	-	-	-	-	3	181	795	849	54	4.39	4	265.00	 
2016	12240	1111	Greenville	-	Opponent Totals	-	-	-	-	3	108	245	342	97	2.27	2	81.67	 
2016	12240	264	Grinnell	-	TEAM	-	-	-	-	2	2	-17	 	17	-8.50	 	-8.50	 
2016	12240	264	Grinnell	-	Totals	-	-	-	-	2	74	108	216	108	1.46	 	54.00	 
2016	12240	264	Grinnell	-	Opponent Totals	-	-	-	-	2	97	781	804	23	8.05	12	390.50	 
2016	12240	265	Grove City	-	TEAM	-	-	-	-	1	4	-40	 	40	-10.00	 	-40.00	 
2016	12240	265	Grove City	-	Totals	-	-	-	-	2	65	19	149	130	0.29	 	9.50	 
2016	12240	265	Grove City	-	Opponent Totals	-	-	-	-	2	79	281	344	63	3.56	2	140.50	 
2016	12240	1112	Guilford	-	TEAM	-	-	-	-	3	2	-3	 	3	-1.50	 	-1.00	 
2016	12240	1112	Guilford	-	Totals	-	-	-	-	3	153	764	820	56	4.99	9	254.67	 
2016	12240	1112	Guilford	-	Opponent Totals	-	-	-	-	3	72	150	249	99	2.08	3	50.00	 
2016	12240	266	Gust. Adolphus	-	TEAM	-	-	-	-	3	2	-8	 	8	-4.00	 	-2.67	 
2016	12240	266	Gust. Adolphus	-	Totals	-	-	-	-	3	107	643	662	19	6.01	11	214.33	 
2016	12240	266	Gust. Adolphus	-	Opponent Totals	-	-	-	-	3	113	303	436	133	2.68	3	101.00	 
2016	12240	268	Hamline	-	TEAM	-	-	-	-	2	4	0	 	 	0.00	 	0.00	 
2016	12240	268	Hamline	-	Totals	-	-	-	-	3	121	448	548	100	3.70	5	149.33	 
2016	12240	268	Hamline	-	Opponent Totals	-	-	-	-	3	106	318	445	127	3.00	5	106.00	 
2016	12240	269	Hampden-Sydney	-	TEAM	-	-	-	-	3	4	-5	 	5	-1.25	 	-1.67	 
2016	12240	269	Hampden-Sydney	-	Totals	-	-	-	-	3	92	392	485	93	4.26	5	130.67	 
2016	12240	269	Hampden-Sydney	-	Opponent Totals	-	-	-	-	3	144	601	694	93	4.17	7	200.33	 
2016	12240	1115	Hanover	-	TEAM	-	-	-	-	3	3	-16	 	16	-5.33	 	-5.33	 
2016	12240	1115	Hanover	-	Totals	-	-	-	-	3	93	197	300	103	2.12	1	65.67	 
2016	12240	1115	Hanover	-	Opponent Totals	-	-	-	-	3	154	1,090	1,136	46	7.08	14	363.33	 
2016	12240	271	Hardin-Simmons	-	TEAM	-	-	-	-	2	1	-1	 	1	-1.00	 	-0.50	 
2016	12240	271	Hardin-Simmons	-	Totals	-	-	-	-	3	120	483	587	104	4.03	6	161.00	 
2016	12240	271	Hardin-Simmons	-	Opponent Totals	-	-	-	-	3	123	361	488	127	2.93	1	361.00	 
2016	12240	273	Hartwick	-	TEAM	-	-	-	-	2	3	-3	 	3	-1.00	 	-1.50	 
2016	12240	273	Hartwick	-	Totals	-	-	-	-	3	72	304	421	117	4.22	3	101.33	 
2016	12240	273	Hartwick	-	Opponent Totals	-	-	-	-	3	141	723	801	78	5.13	7	241.00	 
2016	12240	278	Heidelberg	-	TEAM	-	-	-	-	1	 	""	 	 	""	 	0.00	 
2016	12240	278	Heidelberg	-	Totals	-	-	-	-	2	95	380	461	81	4.00	3	190.00	 
2016	12240	278	Heidelberg	-	Opponent Totals	-	-	-	-	2	87	220	273	53	2.53	1	110.00	 
2016	12240	1124	Hendrix	-	TEAM	-	-	-	-	2	2	-47	 	47	-23.50	 	-23.50	 
2016	12240	1124	Hendrix	-	Totals	-	-	-	-	2	82	306	399	93	3.73	5	153.00	 
2016	12240	1124	Hendrix	-	Opponent Totals	-	-	-	-	2	108	414	529	115	3.83	5	207.00	 
2016	12240	281	Hiram	-	TEAM	-	-	-	-	2	2	-2	 	2	-1.00	 	-1.00	 
2016	12240	281	Hiram	-	Totals	-	-	-	-	2	62	281	358	77	4.53	1	140.50	 
2016	12240	281	Hiram	-	Opponent Totals	-	-	-	-	2	103	436	500	64	4.23	5	218.00	 
2016	12240	282	Hobart	-	TEAM	-	-	-	-	3	6	-69	-7	62	-11.50	 	-23.00	 
2016	12240	282	Hobart	-	Totals	-	-	-	-	3	117	291	421	130	2.49	5	97.00	 
2016	12240	282	Hobart	-	Opponent Totals	-	-	-	-	3	98	176	276	100	1.80	2	58.67	 
2016	12240	286	Hope	-	TEAM	-	-	-	-	1	 	""	 	 	""	 	0.00	 
2016	12240	286	Hope	-	Totals	-	-	-	-	3	96	438	523	85	4.56	7	146.00	 
2016	12240	286	Hope	-	Opponent Totals	-	-	-	-	3	146	699	773	74	4.79	5	233.00	 
2016	12240	2741	Howard Payne	-	TEAM	-	-	-	-	1	 	""	 	 	""	 	0.00	 
2016	12240	2741	Howard Payne	-	Totals	-	-	-	-	3	126	412	509	97	3.27	3	137.33	 
2016	12240	2741	Howard Payne	-	Opponent Totals	-	-	-	-	3	120	467	557	90	3.89	5	155.67	 
2016	12240	1130	Huntingdon	-	Totals	-	-	-	-	2	97	578	619	41	5.96	5	289.00	 
2016	12240	1130	Huntingdon	-	Opponent Totals	-	-	-	-	2	66	236	323	87	3.58	2	118.00	 
2016	12240	1133	Husson	-	TEAM	-	-	-	-	2	2	-26	 	26	-13.00	 	-13.00	 
2016	12240	1133	Husson	-	Totals	-	-	-	-	2	109	451	561	110	4.14	5	225.50	 
2016	12240	1133	Husson	-	Opponent Totals	-	-	-	-	2	77	134	248	114	1.74	3	67.00	 
2016	12240	300	Ill. Wesleyan	-	TEAM	-	-	-	-	2	6	-28	 	28	-4.67	 	-14.00	 
2016	12240	300	Ill. Wesleyan	-	Totals	-	-	-	-	3	125	751	838	87	6.01	9	250.33	 
2016	12240	300	Ill. Wesleyan	-	Opponent Totals	-	-	-	-	3	100	256	316	60	2.56	4	85.33	 
2016	12240	297	Illinois Col.	-	TEAM	-	-	-	-	1	 	""	 	 	""	 	0.00	 
2016	12240	297	Illinois Col.	-	Totals	-	-	-	-	2	49	219	254	35	4.47	1	109.50	 
2016	12240	297	Illinois Col.	-	Opponent Totals	-	-	-	-	2	92	182	350	168	1.98	3	91.00	 
2016	12240	313	Ithaca	-	TEAM	-	-	-	-	1	1	-2	 	2	-2.00	 	-2.00	 
2016	12240	313	Ithaca	-	Totals	-	-	-	-	2	67	125	172	47	1.87	2	62.50	 
2016	12240	313	Ithaca	-	Opponent Totals	-	-	-	-	2	58	130	168	38	2.24	3	65.00	 
2016	12240	320	John Carroll	-	TEAM	-	-	-	-	2	5	-7	 	7	-1.40	 	-3.50	 
2016	12240	320	John Carroll	-	Totals	-	-	-	-	2	70	235	261	26	3.36	1	117.50	 
2016	12240	320	John Carroll	-	Opponent Totals	-	-	-	-	2	90	238	377	139	2.64	1	119.00	 
2016	12240	322	Johns Hopkins	-	TEAM	-	-	-	-	3	6	-20	 	20	-3.33	 	-6.67	 
2016	12240	322	Johns Hopkins	-	Totals	-	-	-	-	3	158	866	914	48	5.48	11	288.67	 
2016	12240	322	Johns Hopkins	-	Opponent Totals	-	-	-	-	3	108	352	429	77	3.26	4	117.33	 
2016	12240	325	Juniata	-	TEAM	-	-	-	-	1	 	""	 	 	""	 	0.00	 
2016	12240	325	Juniata	-	Totals	-	-	-	-	3	94	300	371	71	3.19	 	100.00	 
2016	12240	325	Juniata	-	Opponent Totals	-	-	-	-	3	140	569	643	74	4.06	2	189.67	 
2016	12240	326	Kalamazoo	-	TEAM	-	-	-	-	3	2	-6	 	6	-3.00	 	-2.00	 
2016	12240	326	Kalamazoo	-	Totals	-	-	-	-	3	123	463	516	53	3.76	2	154.33	 
2016	12240	326	Kalamazoo	-	Opponent Totals	-	-	-	-	3	116	253	354	101	2.18	2	84.33	 
2016	12240	329	Kean	-	TEAM	-	-	-	-	2	3	-8	 	8	-2.67	 	-4.00	 
2016	12240	329	Kean	-	Totals	-	-	-	-	2	103	680	704	24	6.60	7	340.00	 
2016	12240	329	Kean	-	Opponent Totals	-	-	-	-	2	78	245	299	54	3.14	2	122.50	 
2016	12240	335	Kenyon	-	TEAM	-	-	-	-	2	1	-1	 	1	-1.00	 	-0.50	 
2016	12240	335	Kenyon	-	Totals	-	-	-	-	3	135	653	707	54	4.84	7	217.67	 
2016	12240	335	Kenyon	-	Opponent Totals	-	-	-	-	3	124	531	642	111	4.28	6	177.00	 
2016	12240	336	King's (PA)	-	TEAM	-	-	-	-	1	 	""	 	 	""	 	0.00	 
2016	12240	336	King's (PA)	-	Totals	-	-	-	-	3	101	364	458	94	3.60	7	121.33	 
2016	12240	336	King's (PA)	-	Opponent Totals	-	-	-	-	3	119	425	504	79	3.57	8	141.67	 
2016	12240	337	Knox	-	Totals	-	-	-	-	2	60	278	304	26	4.63	3	139.00	 
2016	12240	337	Knox	-	Opponent Totals	-	-	-	-	2	82	535	555	20	6.52	5	267.50	 
2016	12240	341	La Verne	-	TEAM	-	-	-	-	1	1	-4	 	4	-4.00	 	-4.00	 
2016	12240	341	La Verne	-	Totals	-	-	-	-	2	86	348	410	62	4.05	4	174.00	 
2016	12240	341	La Verne	-	Opponent Totals	-	-	-	-	2	70	303	330	27	4.33	5	151.50	 
2016	12240	1162	LaGrange	-	Totals	-	-	-	-	3	84	192	264	72	2.29	1	64.00	 
2016	12240	1162	LaGrange	-	Opponent Totals	-	-	-	-	3	138	640	725	85	4.64	4	213.33	 
2016	12240	344	Lake Forest	-	TEAM	-	-	-	-	1	1	-1	 	1	-1.00	 	-1.00	 
2016	12240	344	Lake Forest	-	Totals	-	-	-	-	1	53	190	204	14	3.58	2	190.00	 
2016	12240	344	Lake Forest	-	Opponent Totals	-	-	-	-	1	31	161	165	4	5.19	1	161.00	 
2016	12240	1164	Lakeland	-	TEAM	-	-	-	-	2	 	""	 	 	""	 	0.00	 
2016	12240	1164	Lakeland	-	Totals	-	-	-	-	2	62	207	257	50	3.34	3	103.50	 
2016	12240	1164	Lakeland	-	Opponent Totals	-	-	-	-	2	118	587	684	97	4.97	8	293.50	 
2016	12240	348	Lawrence	-	TEAM	-	-	-	-	1	 	""	 	 	""	 	0.00	 
2016	12240	348	Lawrence	-	Totals	-	-	-	-	3	110	459	527	68	4.17	8	153.00	 
2016	12240	348	Lawrence	-	Opponent Totals	-	-	-	-	3	134	755	867	112	5.63	10	251.67	 
2016	12240	351	Lebanon Valley	-	TEAM	-	-	-	-	2	1	-13	1	14	-13.00	 	-6.50	1
2016	12240	351	Lebanon Valley	-	Totals	-	-	-	-	3	152	828	922	94	5.45	10	276.00	 
2016	12240	351	Lebanon Valley	-	Opponent Totals	-	-	-	-	3	117	593	657	64	5.07	2	197.67	 
2016	12240	22235	Lewis & Clark	-	Totals	-	-	-	-	2	50	92	169	77	1.84	1	46.00	 
2016	12240	22235	Lewis & Clark	-	Opponent Totals	-	-	-	-	2	93	468	514	46	5.03	5	234.00	 
2016	12240	1179	Linfield	-	TEAM	-	-	-	-	1	2	-30	 	30	-15.00	 	-30.00	 
2016	12240	1179	Linfield	-	Totals	-	-	-	-	1	40	146	184	38	3.65	1	146.00	 
2016	12240	1179	Linfield	-	Opponent Totals	-	-	-	-	1	32	98	117	19	3.06	1	98.00	 
2016	12240	364	Loras	-	TEAM	-	-	-	-	3	1	-7	 	7	-7.00	 	-2.33	 
2016	12240	364	Loras	-	Totals	-	-	-	-	3	121	396	512	116	3.27	2	132.00	 
2016	12240	364	Loras	-	Opponent Totals	-	-	-	-	3	120	709	800	91	5.91	12	236.33	 
2016	12240	1182	Louisiana Col.	-	TEAM	-	-	-	-	2	1	-11	 	11	-11.00	 	-5.50	 
2016	12240	1182	Louisiana Col.	-	Totals	-	-	-	-	2	53	228	327	99	4.30	 	114.00	 
2016	12240	1182	Louisiana Col.	-	Opponent Totals	-	-	-	-	2	108	692	712	20	6.41	7	346.00	 
2016	12240	372	Luther	-	TEAM	-	-	-	-	2	5	-10	 	10	-2.00	 	-5.00	 
2016	12240	372	Luther	-	Totals	-	-	-	-	3	172	1,211	1,254	43	7.04	15	403.67	 
2016	12240	372	Luther	-	Opponent Totals	-	-	-	-	3	103	315	444	129	3.06	1	105.00	 
2016	12240	373	Lycoming	-	TEAM	-	-	-	-	1	3	-8	 	8	-2.67	 	-8.00	 
2016	12240	373	Lycoming	-	Totals	-	-	-	-	3	140	547	654	107	3.91	5	182.33	 
2016	12240	373	Lycoming	-	Opponent Totals	-	-	-	-	3	100	247	309	62	2.47	1	82.33	 
2016	12240	398	MIT	-	Totals	-	-	-	-	3	107	412	502	90	3.85	2	137.33	 
2016	12240	398	MIT	-	Opponent Totals	-	-	-	-	3	158	732	883	151	4.63	8	244.00	 
2016	12240	377	MacMurray	-	TEAM	-	-	-	-	1	 	""	 	 	""	 	0.00	 
2016	12240	377	MacMurray	-	Totals	-	-	-	-	2	100	452	516	64	4.52	3	226.00	 
2016	12240	377	MacMurray	-	Opponent Totals	-	-	-	-	2	82	484	510	26	5.90	4	242.00	 
2016	12240	378	Maine Maritime	-	TEAM	-	-	-	-	1	 	""	 	 	""	 	0.00	 
2016	12240	378	Maine Maritime	-	Totals	-	-	-	-	2	116	691	763	72	5.96	5	345.50	 
2016	12240	378	Maine Maritime	-	Opponent Totals	-	-	-	-	2	99	703	758	55	7.10	7	351.50	 
2016	12240	1192	Manchester	-	TEAM	-	-	-	-	1	1	-1	 	1	-1.00	 	-1.00	 
2016	12240	1192	Manchester	-	Totals	-	-	-	-	2	95	555	611	56	5.84	7	277.50	 
2016	12240	1192	Manchester	-	Opponent Totals	-	-	-	-	2	83	498	552	54	6.00	4	249.00	 
2016	12240	1194	Maranatha Baptist	-	Totals	-	-	-	-	2	59	92	158	66	1.56	1	46.00	 
2016	12240	1194	Maranatha Baptist	-	Opponent Totals	-	-	-	-	2	103	570	605	35	5.53	7	285.00	 
2016	12240	385	Marietta	-	TEAM	-	-	-	-	2	3	-5	 	5	-1.67	 	-2.50	 
2016	12240	385	Marietta	-	Totals	-	-	-	-	2	79	366	401	35	4.63	4	183.00	 
2016	12240	385	Marietta	-	Opponent Totals	-	-	-	-	2	86	233	304	71	2.71	3	116.50	 
2016	12240	8597	Martin Luther	-	TEAM	-	-	-	-	1	 	""	 	 	""	 	0.00	 
2016	12240	8597	Martin Luther	-	Totals	-	-	-	-	3	154	706	747	41	4.58	6	235.33	 
2016	12240	8597	Martin Luther	-	Opponent Totals	-	-	-	-	3	106	565	621	56	5.33	9	188.33	 
2016	12240	1203	Mary Hardin-Baylor	-	TEAM	-	-	-	-	1	 	""	 	 	""	 	0.00	 
2016	12240	1203	Mary Hardin-Baylor	-	Totals	-	-	-	-	1	52	246	269	23	4.73	3	246.00	 
2016	12240	1203	Mary Hardin-Baylor	-	Opponent Totals	-	-	-	-	1	41	68	119	51	1.66	 	68.00	 
2016	12240	396	Maryville (TN)	-	TEAM	-	-	-	-	2	1	-2	 	2	-2.00	 	-1.00	 
2016	12240	396	Maryville (TN)	-	Totals	-	-	-	-	3	145	592	673	81	4.08	5	197.33	 
2016	12240	396	Maryville (TN)	-	Opponent Totals	-	-	-	-	3	125	490	561	71	3.92	3	163.33	 
2016	12240	399	Mass. Maritime	-	TEAM	-	-	-	-	2	2	-10	 	10	-5.00	 	-5.00	 
2016	12240	399	Mass. Maritime	-	Totals	-	-	-	-	2	100	717	759	42	7.17	6	358.50	 
2016	12240	399	Mass. Maritime	-	Opponent Totals	-	-	-	-	2	112	673	732	59	6.01	5	336.50	 
2016	12240	773	McDaniel	-	TEAM	-	-	-	-	2	1	-3	 	3	-3.00	 	-1.50	 
2016	12240	773	McDaniel	-	Totals	-	-	-	-	3	117	437	528	91	3.74	1	145.67	 
2016	12240	773	McDaniel	-	Opponent Totals	-	-	-	-	3	154	759	871	112	4.93	6	253.00	 
2016	12240	724	Merchant Marine	-	TEAM	-	-	-	-	1	1	-2	 	2	-2.00	 	-2.00	 
2016	12240	724	Merchant Marine	-	Totals	-	-	-	-	2	105	503	551	48	4.79	3	251.50	 
2016	12240	724	Merchant Marine	-	Opponent Totals	-	-	-	-	2	73	241	268	27	3.30	1	120.50	 
2016	12240	412	Methodist	-	TEAM	-	-	-	-	3	5	-6	 	6	-1.20	 	-2.00	 
2016	12240	412	Methodist	-	Totals	-	-	-	-	3	109	235	373	138	2.16	3	78.33	 
2016	12240	412	Methodist	-	Opponent Totals	-	-	-	-	3	150	521	618	97	3.47	5	173.67	 
2016	12240	424	Millikin	-	TEAM	-	-	-	-	2	2	-10	 	10	-5.00	 	-5.00	 
2016	12240	424	Millikin	-	Totals	-	-	-	-	2	76	203	240	37	2.67	1	101.50	 
2016	12240	424	Millikin	-	Opponent Totals	-	-	-	-	2	91	271	316	45	2.98	 	135.50	 
2016	12240	426	Millsaps	-	TEAM	-	-	-	-	2	2	0	1	1	0.00	 	0.00	1
2016	12240	426	Millsaps	-	Totals	-	-	-	-	3	133	565	656	91	4.25	8	188.33	 
2016	12240	426	Millsaps	-	Opponent Totals	-	-	-	-	3	99	438	507	69	9.35	6	146.00	 
2016	12240	1226	Minn.-Morris	-	TEAM	-	-	-	-	3	1	-1	 	1	-1.00	 	-0.33	 
2016	12240	1226	Minn.-Morris	-	Totals	-	-	-	-	3	100	188	304	116	1.88	1	62.67	 
2016	12240	1226	Minn.-Morris	-	Opponent Totals	-	-	-	-	3	146	624	705	81	4.27	6	208.00	 
2016	12240	16142	Misericordia	-	TEAM	-	-	-	-	1	1	-1	 	1	-1.00	 	-1.00	 
2016	12240	16142	Misericordia	-	Totals	-	-	-	-	1	41	233	242	9	5.68	4	233.00	 
2016	12240	16142	Misericordia	-	Opponent Totals	-	-	-	-	1	47	221	243	22	4.70	3	221.00	 
2016	12240	438	Monmouth (IL)	-	TEAM	-	-	-	-	1	2	-7	 	7	-3.50	 	-7.00	 
2016	12240	438	Monmouth (IL)	-	Totals	-	-	-	-	2	98	362	398	36	3.69	4	181.00	 
2016	12240	438	Monmouth (IL)	-	Opponent Totals	-	-	-	-	2	71	228	272	44	3.21	3	114.00	 
2016	12240	442	Montclair St.	-	Totals	-	-	-	-	2	50	195	214	19	3.90	1	97.50	 
2016	12240	442	Montclair St.	-	Opponent Totals	-	-	-	-	2	85	499	566	67	5.87	7	249.50	 
2016	12240	443	Moravian	-	TEAM	-	-	-	-	2	5	-28	 	28	-5.60	 	-14.00	 
2016	12240	443	Moravian	-	Totals	-	-	-	-	2	100	392	460	68	3.92	6	196.00	 
2016	12240	443	Moravian	-	Opponent Totals	-	-	-	-	2	68	191	259	68	5.66	1	191.00	 
2016	12240	30067	Morrisville St.	-	TEAM	-	-	-	-	1	1	-1	 	1	-1.00	 	-1.00	 
2016	12240	30067	Morrisville St.	-	Totals	-	-	-	-	2	63	227	300	73	3.60	2	113.50	 
2016	12240	30067	Morrisville St.	-	Opponent Totals	-	-	-	-	2	82	239	306	67	2.91	2	119.50	 
2016	12240	27901	Mount Ida	-	TEAM	-	-	-	-	2	4	-33	 	33	-8.25	 	-16.50	 
2016	12240	27901	Mount Ida	-	Totals	-	-	-	-	3	133	415	519	104	3.12	2	138.33	 
2016	12240	27901	Mount Ida	-	Opponent Totals	-	-	-	-	3	120	687	757	70	5.72	6	229.00	 
2016	12240	452	Mount Union	-	TEAM	-	-	-	-	1	2	0	 	 	0.00	 	0.00	 
2016	12240	452	Mount Union	-	Totals	-	-	-	-	2	105	650	684	34	6.19	9	325.00	 
2016	12240	452	Mount Union	-	Opponent Totals	-	-	-	-	2	70	57	164	107	0.81	 	28.50	 
2016	12240	8567	Mt. St. Joseph	-	TEAM	-	-	-	-	2	2	-16	 	16	-8.00	 	-8.00	 
2016	12240	8567	Mt. St. Joseph	-	Totals	-	-	-	-	2	56	335	383	48	5.98	3	167.50	 
2016	12240	8567	Mt. St. Joseph	-	Opponent Totals	-	-	-	-	2	99	426	478	52	4.30	3	213.00	 
2016	12240	453	Muhlenberg	-	TEAM	-	-	-	-	3	2	-4	 	4	-2.00	 	-1.33	 
2016	12240	453	Muhlenberg	-	Totals	-	-	-	-	3	146	765	866	101	5.24	5	255.00	 
2016	12240	453	Muhlenberg	-	Opponent Totals	-	-	-	-	3	97	203	283	80	2.09	2	67.67	 
2016	12240	455	Muskingum	-	TEAM	-	-	-	-	1	1	-11	 	11	-11.00	 	-11.00	 
2016	12240	455	Muskingum	-	Totals	-	-	-	-	2	80	210	281	71	2.62	1	105.00	 
2016	12240	455	Muskingum	-	Opponent Totals	-	-	-	-	2	95	530	595	65	5.58	9	265.00	 
2016	12240	491	N.C. Wesleyan	-	TEAM	-	-	-	-	1	1	0	 	 	0.00	 	0.00	 
2016	12240	491	N.C. Wesleyan	-	Totals	-	-	-	-	3	98	218	314	96	2.22	1	72.67	 
2016	12240	491	N.C. Wesleyan	-	Opponent Totals	-	-	-	-	3	165	731	807	76	4.43	7	243.67	 
2016	12240	462	Neb. Wesleyan	-	TEAM	-	-	-	-	3	1	-1	 	1	-1.00	 	-0.33	 
2016	12240	462	Neb. Wesleyan	-	Totals	-	-	-	-	3	97	253	299	46	2.61	1	84.33	 
2016	12240	462	Neb. Wesleyan	-	Opponent Totals	-	-	-	-	3	137	529	571	42	3.86	8	529.00	 
2016	12240	484	Nichols	-	TEAM	-	-	-	-	1	 	""	 	 	""	 	0.00	 
2016	12240	484	Nichols	-	Totals	-	-	-	-	3	120	369	450	81	3.08	4	123.00	 
2016	12240	484	Nichols	-	Opponent Totals	-	-	-	-	3	137	461	627	166	3.36	6	153.67	 
2016	12240	492	North Central (IL)	-	TEAM	-	-	-	-	1	3	-4	 	4	-1.33	 	-4.00	 
2016	12240	492	North Central (IL)	-	Totals	-	-	-	-	2	93	499	577	78	5.37	6	249.50	 
2016	12240	492	North Central (IL)	-	Opponent Totals	-	-	-	-	2	78	200	259	59	2.56	3	100.00	 
2016	12240	496	North Park	-	TEAM	-	-	-	-	2	2	-5	 	5	-2.50	 	-2.50	 
2016	12240	496	North Park	-	Totals	-	-	-	-	3	74	240	292	52	3.24	 	80.00	 
2016	12240	496	North Park	-	Opponent Totals	-	-	-	-	3	119	470	560	90	3.95	5	156.67	 
2016	12240	30031	Northwestern-St. Paul	-	TEAM	-	-	-	-	3	5	-8	 	8	-1.60	 	-2.67	 
2016	12240	30031	Northwestern-St. Paul	-	Totals	-	-	-	-	3	130	476	531	55	3.66	8	158.67	 
2016	12240	30031	Northwestern-St. Paul	-	Opponent Totals	-	-	-	-	3	96	232	325	93	2.42	 	77.33	 
2016	12240	511	Norwich	-	TEAM	-	-	-	-	3	2	-32	 	32	-16.00	 	-10.67	 
2016	12240	511	Norwich	-	Totals	-	-	-	-	3	134	339	492	153	2.53	5	113.00	 
2016	12240	511	Norwich	-	Opponent Totals	-	-	-	-	3	121	536	608	72	4.43	4	178.67	 
2016	12240	516	Occidental	-	TEAM	-	-	-	-	1	 	""	 	 	""	 	0.00	 
2016	12240	516	Occidental	-	Totals	-	-	-	-	1	33	132	146	14	4.00	2	132.00	 
2016	12240	516	Occidental	-	Opponent Totals	-	-	-	-	1	17	51	56	5	3.00	 	51.00	 
2016	12240	517	Ohio Northern	-	TEAM	-	-	-	-	2	1	-28	 	28	-28.00	 	-14.00	 
2016	12240	517	Ohio Northern	-	Totals	-	-	-	-	2	77	338	398	60	4.39	4	169.00	 
2016	12240	517	Ohio Northern	-	Opponent Totals	-	-	-	-	2	74	276	305	29	7.11	2	138.00	 
2016	12240	520	Ohio Wesleyan	-	TEAM	-	-	-	-	1	1	-10	 	10	-10.00	 	-10.00	 
2016	12240	520	Ohio Wesleyan	-	Totals	-	-	-	-	2	64	102	189	87	1.59	2	51.00	 
2016	12240	520	Ohio Wesleyan	-	Opponent Totals	-	-	-	-	2	94	347	402	55	3.69	4	173.50	 
2016	12240	525	Olivet	-	TEAM	-	-	-	-	3	7	-6	1	7	-0.86	 	-2.00	1
2016	12240	525	Olivet	-	Totals	-	-	-	-	3	156	780	835	55	5.00	12	260.00	 
2016	12240	525	Olivet	-	Opponent Totals	-	-	-	-	3	93	216	345	129	2.32	2	72.00	 
2016	12240	531	Otterbein	-	TEAM	-	-	-	-	1	1	-13	 	13	-13.00	 	-13.00	 
2016	12240	531	Otterbein	-	Totals	-	-	-	-	2	74	154	227	73	2.08	2	77.00	 
2016	12240	531	Otterbein	-	Opponent Totals	-	-	-	-	2	86	520	568	48	6.05	7	260.00	 
2016	12240	2751	Pacific (OR)	-	TEAM	-	-	-	-	2	3	-30	3	33	-10.00	 	-15.00	3
2016	12240	2751	Pacific (OR)	-	Totals	-	-	-	-	2	61	151	227	76	2.48	3	75.50	 
2016	12240	2751	Pacific (OR)	-	Opponent Totals	-	-	-	-	2	72	259	293	34	3.60	4	129.50	 
2016	12240	548	Plymouth St.	-	TEAM	-	-	-	-	2	2	-7	 	7	-3.50	 	-3.50	 
2016	12240	548	Plymouth St.	-	Totals	-	-	-	-	3	113	363	455	92	3.21	 	121.00	 
2016	12240	548	Plymouth St.	-	Opponent Totals	-	-	-	-	3	118	324	427	103	2.75	5	108.00	 
2016	12240	549	Pomona-Pitzer	-	TEAM	-	-	-	-	1	2	-2	 	2	-1.00	 	-2.00	 
2016	12240	549	Pomona-Pitzer	-	Totals	-	-	-	-	2	73	187	304	117	2.56	1	93.50	 
2016	12240	549	Pomona-Pitzer	-	Opponent Totals	-	-	-	-	2	73	188	264	76	2.58	4	94.00	 
2016	12240	557	Puget Sound	-	TEAM	-	-	-	-	2	1	-2	 	2	-2.00	 	-1.00	 
2016	12240	557	Puget Sound	-	Totals	-	-	-	-	2	51	175	192	17	3.43	1	87.50	 
2016	12240	557	Puget Sound	-	Opponent Totals	-	-	-	-	2	71	291	314	23	4.10	3	145.50	 
2016	12240	565	Randolph-Macon	-	TEAM	-	-	-	-	1	1	-2	 	2	-2.00	 	-2.00	 
2016	12240	565	Randolph-Macon	-	Totals	-	-	-	-	3	153	677	738	61	4.42	7	225.67	 
2016	12240	565	Randolph-Macon	-	Opponent Totals	-	-	-	-	3	137	609	723	114	4.45	6	203.00	 
2016	12240	567	Redlands	-	TEAM	-	-	-	-	2	 	""	 	 	""	 	0.00	 
2016	12240	567	Redlands	-	Totals	-	-	-	-	2	88	233	339	106	2.65	3	116.50	 
2016	12240	567	Redlands	-	Opponent Totals	-	-	-	-	2	83	268	295	27	3.23	7	134.00	 
2016	12240	570	Rensselaer	-	TEAM	-	-	-	-	3	3	-13	 	13	-4.33	 	-4.33	 
2016	12240	570	Rensselaer	-	Totals	-	-	-	-	3	148	614	681	67	4.15	6	204.67	 
2016	12240	570	Rensselaer	-	Opponent Totals	-	-	-	-	3	112	274	444	170	2.45	3	91.33	 
2016	12240	573	Rhodes	-	TEAM	-	-	-	-	2	2	-34	 	34	-17.00	 	-17.00	 
2016	12240	573	Rhodes	-	Totals	-	-	-	-	3	118	347	482	135	2.94	6	115.67	 
2016	12240	573	Rhodes	-	Opponent Totals	-	-	-	-	3	112	145	344	199	1.29	1	48.33	 
2016	12240	577	Ripon	-	TEAM	-	-	-	-	1	1	-1	 	1	-1.00	 	-1.00	 
2016	12240	577	Ripon	-	Totals	-	-	-	-	2	91	220	299	79	2.42	3	110.00	 
2016	12240	577	Ripon	-	Opponent Totals	-	-	-	-	2	74	143	252	109	1.93	 	71.50	 
2016	12240	581	Rochester (NY)	-	TEAM	-	-	-	-	1	 	""	 	 	""	 	0.00	 
2016	12240	581	Rochester (NY)	-	Totals	-	-	-	-	2	107	525	556	31	4.91	7	262.50	 
2016	12240	581	Rochester (NY)	-	Opponent Totals	-	-	-	-	2	75	76	210	134	1.01	1	38.00	 
2016	12240	582	Rockford	-	TEAM	-	-	-	-	2	2	-1	 	1	-0.50	 	-0.50	 
2016	12240	582	Rockford	-	Totals	-	-	-	-	2	90	520	565	45	5.78	6	260.00	 
2016	12240	582	Rockford	-	Opponent Totals	-	-	-	-	2	79	185	257	72	2.34	3	92.50	 
2016	12240	585	Rose-Hulman	-	TEAM	-	-	-	-	2	1	-1	 	1	-1.00	 	-0.50	 
2016	12240	585	Rose-Hulman	-	Totals	-	-	-	-	3	140	475	543	68	3.39	4	158.33	 
2016	12240	585	Rose-Hulman	-	Opponent Totals	-	-	-	-	3	99	341	398	57	3.44	1	113.67	 
2016	12240	259	Rowan	-	TEAM	-	-	-	-	1	 	""	 	 	""	 	0.00	 
2016	12240	259	Rowan	-	Totals	-	-	-	-	2	97	367	420	53	3.78	4	183.50	 
2016	12240	259	Rowan	-	Opponent Totals	-	-	-	-	2	57	127	162	35	2.23	 	63.50	 
2016	12240	168	SUNY Cortland	-	TEAM	-	-	-	-	2	3	-4	 	4	-1.33	 	-2.00	 
2016	12240	168	SUNY Cortland	-	Totals	-	-	-	-	3	118	379	457	78	3.21	5	126.33	 
2016	12240	168	SUNY Cortland	-	Opponent Totals	-	-	-	-	3	116	367	458	91	3.16	4	122.33	 
2016	12240	478	SUNY Maritime	-	TEAM	-	-	-	-	2	3	-6	 	6	-2.00	 	-3.00	 
2016	12240	478	SUNY Maritime	-	Totals	-	-	-	-	3	141	645	699	54	4.57	4	215.00	 
2016	12240	478	SUNY Maritime	-	Opponent Totals	-	-	-	-	3	137	605	672	67	4.42	4	201.67	 
2016	12240	602	Saint John's (MN)	-	TEAM	-	-	-	-	1	1	-8	 	8	-8.00	 	-8.00	 
2016	12240	602	Saint John's (MN)	-	Totals	-	-	-	-	1	40	220	238	18	5.50	4	220.00	 
2016	12240	602	Saint John's (MN)	-	Opponent Totals	-	-	-	-	1	40	152	170	18	3.80	1	152.00	 
2016	12240	30064	Saint Vincent	-	TEAM	-	-	-	-	3	1	-1	 	1	-1.00	 	-0.33	 
2016	12240	30064	Saint Vincent	-	Totals	-	-	-	-	3	108	217	370	153	2.01	 	72.33	 
2016	12240	30064	Saint Vincent	-	Opponent Totals	-	-	-	-	3	102	486	544	58	4.76	5	162.00	 
2016	12240	622	Salisbury	-	TEAM	-	-	-	-	1	 	""	 	 	""	 	0.00	 
2016	12240	622	Salisbury	-	Totals	-	-	-	-	2	91	638	669	31	7.01	6	319.00	 
2016	12240	622	Salisbury	-	Opponent Totals	-	-	-	-	2	55	155	195	40	2.82	1	77.50	 
2016	12240	623	Salve Regina	-	TEAM	-	-	-	-	2	2	0	 	 	0.00	 	0.00	 
2016	12240	623	Salve Regina	-	Totals	-	-	-	-	2	93	536	590	54	5.76	3	268.00	 
2016	12240	623	Salve Regina	-	Opponent Totals	-	-	-	-	2	58	180	254	74	3.10	2	90.00	 
2016	12240	652	Sewanee	-	TEAM	-	-	-	-	2	1	0	 	 	0.00	 	0.00	 
2016	12240	652	Sewanee	-	Totals	-	-	-	-	3	165	478	636	158	2.90	3	159.33	 
2016	12240	652	Sewanee	-	Opponent Totals	-	-	-	-	3	112	691	767	76	6.17	6	230.33	 
2016	12240	637	Shenandoah	-	TEAM	-	-	-	-	1	 	""	 	 	""	 	0.00	 
2016	12240	637	Shenandoah	-	Totals	-	-	-	-	3	149	722	774	52	4.85	7	240.67	 
2016	12240	637	Shenandoah	-	Opponent Totals	-	-	-	-	3	107	348	427	79	3.25	3	116.00	 
2016	12240	641	Simpson	-	TEAM	-	-	-	-	1	2	-13	 	13	-6.50	 	-13.00	 
2016	12240	641	Simpson	-	Totals	-	-	-	-	1	45	210	235	25	4.67	3	210.00	 
2016	12240	641	Simpson	-	Opponent Totals	-	-	-	-	1	41	142	178	36	3.46	3	142.00	 
2016	12240	8746	Southwestern (TX)	-	TEAM	-	-	-	-	3	6	-36	 	36	-6.00	 	-12.00	 
2016	12240	8746	Southwestern (TX)	-	Totals	-	-	-	-	3	130	298	428	130	2.29	2	99.33	 
2016	12240	8746	Southwestern (TX)	-	Opponent Totals	-	-	-	-	3	113	557	675	118	4.93	4	185.67	 
2016	12240	673	Springfield	-	TEAM	-	-	-	-	2	3	-3	 	3	-1.00	 	-1.50	 
2016	12240	673	Springfield	-	Totals	-	-	-	-	3	164	999	1,046	47	6.09	10	333.00	 
2016	12240	673	Springfield	-	Opponent Totals	-	-	-	-	3	120	541	623	82	4.51	3	180.33	 
2016	12240	601	St. John Fisher	-	Totals	-	-	-	-	2	69	144	239	95	2.09	 	72.00	 
2016	12240	601	St. John Fisher	-	Opponent Totals	-	-	-	-	2	75	333	380	47	4.44	2	166.50	 
2016	12240	607	St. Lawrence	-	TEAM	-	-	-	-	2	2	-4	 	4	-2.00	 	-2.00	 
2016	12240	607	St. Lawrence	-	Totals	-	-	-	-	3	91	217	309	92	2.38	5	72.33	 
2016	12240	607	St. Lawrence	-	Opponent Totals	-	-	-	-	3	114	424	517	93	3.72	5	141.33	 
2016	12240	614	St. Norbert	-	TEAM	-	-	-	-	1	 	""	 	 	""	 	0.00	 
2016	12240	614	St. Norbert	-	Totals	-	-	-	-	1	35	165	181	16	4.71	2	165.00	 
2016	12240	614	St. Norbert	-	Opponent Totals	-	-	-	-	1	31	140	167	27	4.52	1	140.00	 
2016	12240	615	St. Olaf	-	TEAM	-	-	-	-	2	2	-1	 	1	-0.50	 	-0.50	 
2016	12240	615	St. Olaf	-	Totals	-	-	-	-	3	89	424	492	68	4.76	1	141.33	 
2016	12240	615	St. Olaf	-	Opponent Totals	-	-	-	-	3	162	969	993	24	5.98	11	323.00	 
2016	12240	618	St. Scholastica	-	TEAM	-	-	-	-	3	2	-47	 	47	-23.50	 	-15.67	 
2016	12240	618	St. Scholastica	-	Totals	-	-	-	-	3	122	368	509	141	3.02	2	122.67	 
2016	12240	618	St. Scholastica	-	Opponent Totals	-	-	-	-	3	116	408	494	86	10.79	3	408.00	 
2016	12240	620	St. Thomas (MN)	-	TEAM	-	-	-	-	1	1	-13	 	13	-13.00	 	-13.00	 
2016	12240	620	St. Thomas (MN)	-	Totals	-	-	-	-	2	75	293	317	24	3.91	9	146.50	 
2016	12240	620	St. Thomas (MN)	-	Opponent Totals	-	-	-	-	2	74	111	225	114	1.50	1	55.50	 
2016	12240	21852	Stevenson	-	TEAM	-	-	-	-	1	1	-5	 	5	-5.00	 	-5.00	 
2016	12240	21852	Stevenson	-	Totals	-	-	-	-	2	71	197	244	47	2.77	 	98.50	 
2016	12240	21852	Stevenson	-	Opponent Totals	-	-	-	-	2	93	260	368	108	2.80	1	130.00	 
2016	12240	1390	Sul Ross St.	-	TEAM	-	-	-	-	1	 	""	 	 	""	 	0.00	 
2016	12240	1390	Sul Ross St.	-	Totals	-	-	-	-	2	60	222	252	30	3.70	2	111.00	 
2016	12240	1390	Sul Ross St.	-	Opponent Totals	-	-	-	-	2	75	358	391	33	4.77	2	179.00	 
2016	12240	685	Susquehanna	-	TEAM	-	-	-	-	1	1	-1	 	1	-1.00	 	-1.00	 
2016	12240	685	Susquehanna	-	Totals	-	-	-	-	3	89	287	355	68	3.22	4	95.67	 
2016	12240	685	Susquehanna	-	Opponent Totals	-	-	-	-	3	166	832	906	74	5.01	11	277.33	 
2016	12240	712	TCNJ	-	TEAM	-	-	-	-	2	1	0	 	 	0.00	 	0.00	 
2016	12240	712	TCNJ	-	Totals	-	-	-	-	3	88	226	303	77	2.57	4	75.33	 
2016	12240	712	TCNJ	-	Opponent Totals	-	-	-	-	3	142	613	683	70	4.32	4	204.33	 
2016	12240	1400	Texas Lutheran	-	TEAM	-	-	-	-	1	 	""	 	 	""	 	0.00	 
2016	12240	1400	Texas Lutheran	-	Totals	-	-	-	-	3	131	692	735	43	5.28	6	230.67	 
2016	12240	1400	Texas Lutheran	-	Opponent Totals	-	-	-	-	3	103	387	506	119	3.76	3	129.00	 
2016	12240	707	Thiel	-	TEAM	-	-	-	-	3	1	-1	 	1	-1.00	 	-0.33	 
2016	12240	707	Thiel	-	Totals	-	-	-	-	3	123	518	628	110	4.21	4	172.67	 
2016	12240	707	Thiel	-	Opponent Totals	-	-	-	-	3	85	507	599	92	5.96	8	169.00	 
2016	12240	1402	Thomas More	-	TEAM	-	-	-	-	2	5	-31	 	31	-6.20	 	-15.50	 
2016	12240	1402	Thomas More	-	Totals	-	-	-	-	3	115	786	851	65	6.83	10	262.00	 
2016	12240	1402	Thomas More	-	Opponent Totals	-	-	-	-	3	95	191	309	118	2.01	1	63.67	 
2016	12240	30037	Trine	-	TEAM	-	-	-	-	3	4	-7	 	7	-1.75	 	-2.33	 
2016	12240	30037	Trine	-	Totals	-	-	-	-	3	142	858	939	81	6.04	7	286.00	 
2016	12240	30037	Trine	-	Opponent Totals	-	-	-	-	3	125	561	638	77	4.49	4	187.00	 
2016	12240	715	Trinity (TX)	-	TEAM	-	-	-	-	2	2	-3	 	3	-1.50	 	-1.50	 
2016	12240	715	Trinity (TX)	-	Totals	-	-	-	-	3	118	520	570	50	4.41	5	173.33	 
2016	12240	715	Trinity (TX)	-	Opponent Totals	-	-	-	-	3	93	310	392	82	3.33	2	103.33	 
2016	12240	656	UMass Dartmouth	-	TEAM	-	-	-	-	1	 	""	 	 	""	 	0.00	 
2016	12240	656	UMass Dartmouth	-	Totals	-	-	-	-	3	94	619	690	71	6.59	3	206.33	 
2016	12240	656	UMass Dartmouth	-	Opponent Totals	-	-	-	-	3	139	720	786	66	5.18	8	240.00	 
2016	12240	727	Union (NY)	-	TEAM	-	-	-	-	1	1	-30	 	30	-30.00	 	-30.00	 
2016	12240	727	Union (NY)	-	Totals	-	-	-	-	3	96	318	420	102	3.31	5	106.00	 
2016	12240	727	Union (NY)	-	Opponent Totals	-	-	-	-	3	133	661	713	52	4.97	8	220.33	 
2016	12240	730	Ursinus	-	TEAM	-	-	-	-	2	 	""	 	 	""	 	0.00	 
2016	12240	730	Ursinus	-	Totals	-	-	-	-	3	116	347	444	97	2.99	3	115.67	 
2016	12240	730	Ursinus	-	Opponent Totals	-	-	-	-	3	151	554	637	83	3.67	2	184.67	 
2016	12240	733	Utica	-	TEAM	-	-	-	-	3	3	-3	 	3	-1.00	 	-1.00	 
2016	12240	733	Utica	-	Totals	-	-	-	-	3	126	511	561	50	4.06	4	170.33	 
2016	12240	733	Utica	-	Opponent Totals	-	-	-	-	3	101	395	488	93	3.91	6	131.67	 
2016	12240	808	WPI	-	TEAM	-	-	-	-	3	6	-56	 	56	-9.33	 	-18.67	 
2016	12240	808	WPI	-	Totals	-	-	-	-	3	128	383	501	118	2.99	4	127.67	 
2016	12240	808	WPI	-	Opponent Totals	-	-	-	-	3	108	269	359	90	2.49	3	89.67	 
2016	12240	747	Wabash	-	TEAM	-	-	-	-	2	3	-4	 	4	-1.33	 	-2.00	 
2016	12240	747	Wabash	-	Totals	-	-	-	-	2	114	541	561	20	4.75	12	270.50	 
2016	12240	747	Wabash	-	Opponent Totals	-	-	-	-	2	47	-41	74	115	-0.87	 	-20.50	 
2016	12240	750	Wartburg	-	TEAM	-	-	-	-	3	8	-5	 	5	-0.62	 	-1.67	 
2016	12240	750	Wartburg	-	Totals	-	-	-	-	3	125	529	583	54	4.23	10	176.33	 
2016	12240	750	Wartburg	-	Opponent Totals	-	-	-	-	3	122	567	682	115	4.65	4	189.00	 
2016	12240	751	Wash. & Jeff.	-	TEAM	-	-	-	-	2	3	-5	 	5	-1.67	 	-2.50	 
2016	12240	751	Wash. & Jeff.	-	Totals	-	-	-	-	3	134	510	634	124	3.81	11	170.00	 
2016	12240	751	Wash. & Jeff.	-	Opponent Totals	-	-	-	-	3	126	683	741	58	5.42	5	227.67	 
2016	12240	752	Wash. & Lee	-	TEAM	-	-	-	-	1	 	""	 	 	""	 	0.00	 
2016	12240	752	Wash. & Lee	-	Totals	-	-	-	-	1	80	649	665	16	8.11	9	649.00	 
2016	12240	752	Wash. & Lee	-	Opponent Totals	-	-	-	-	1	32	161	166	5	5.03	3	161.00	 
2016	12240	755	Washington-St. Louis	-	TEAM	-	-	-	-	1	1	-21	 	21	-21.00	 	-21.00	 
2016	12240	755	Washington-St. Louis	-	Totals	-	-	-	-	2	64	247	285	38	3.86	3	123.50	 
2016	12240	755	Washington-St. Louis	-	Opponent Totals	-	-	-	-	2	102	573	645	72	5.62	5	286.50	 
2016	12240	1434	Waynesburg	-	TEAM	-	-	-	-	1	3	-31	 	31	-10.33	 	-31.00	 
2016	12240	1434	Waynesburg	-	Totals	-	-	-	-	3	103	388	476	88	3.77	5	129.33	 
2016	12240	1434	Waynesburg	-	Opponent Totals	-	-	-	-	3	112	405	478	73	3.62	2	135.00	 
2016	12240	763	Wesley	-	TEAM	-	-	-	-	1	1	-1	 	1	-1.00	 	-1.00	 
2016	12240	763	Wesley	-	Totals	-	-	-	-	2	76	488	514	26	6.42	3	244.00	 
2016	12240	763	Wesley	-	Opponent Totals	-	-	-	-	2	81	197	265	68	2.43	3	98.50	 
2016	12240	770	Western Conn. St.	-	TEAM	-	-	-	-	2	1	-1	 	1	-1.00	 	-0.50	 
2016	12240	770	Western Conn. St.	-	Totals	-	-	-	-	3	135	731	797	66	5.41	12	243.67	 
2016	12240	770	Western Conn. St.	-	Opponent Totals	-	-	-	-	3	101	354	504	150	3.50	1	118.00	 
2016	12240	775	Western New Eng.	-	TEAM	-	-	-	-	2	2	-27	 	27	-13.50	 	-13.50	 
2016	12240	775	Western New Eng.	-	Totals	-	-	-	-	3	160	780	873	93	4.88	7	260.00	 
2016	12240	775	Western New Eng.	-	Opponent Totals	-	-	-	-	3	120	317	379	62	2.64	3	105.67	 
2016	12240	777	Westfield St.	-	TEAM	-	-	-	-	2	4	-18	 	18	-4.50	 	-9.00	 
2016	12240	777	Westfield St.	-	Totals	-	-	-	-	3	115	312	414	102	2.71	4	104.00	 
2016	12240	777	Westfield St.	-	Opponent Totals	-	-	-	-	3	136	757	836	79	5.57	5	252.33	 
2016	12240	1450	Westminster (MO)	-	TEAM	-	-	-	-	2	5	-10	 	10	-2.00	 	-5.00	 
2016	12240	1450	Westminster (MO)	-	Totals	-	-	-	-	3	104	524	593	69	5.04	3	174.67	 
2016	12240	1450	Westminster (MO)	-	Opponent Totals	-	-	-	-	3	146	611	715	104	4.18	4	203.67	 
2016	12240	1451	Westminster (PA)	-	Totals	-	-	-	-	3	129	518	633	115	4.02	5	172.67	 
2016	12240	1451	Westminster (PA)	-	Opponent Totals	-	-	-	-	3	111	405	538	133	3.65	8	135.00	 
2016	12240	778	Wheaton (IL)	-	TEAM	-	-	-	-	2	2	-4	 	4	-2.00	 	-2.00	 
2016	12240	778	Wheaton (IL)	-	Totals	-	-	-	-	3	125	851	891	40	6.81	12	283.67	 
2016	12240	778	Wheaton (IL)	-	Opponent Totals	-	-	-	-	3	93	234	282	48	2.52	3	78.00	 
2016	12240	781	Whittier	-	Totals	-	-	-	-	2	68	166	224	58	2.44	1	83.00	 
2016	12240	781	Whittier	-	Opponent Totals	-	-	-	-	2	94	488	534	46	5.19	4	244.00	 
2016	12240	1454	Whitworth	-	TEAM	-	-	-	-	1	2	-2	 	2	-1.00	 	-2.00	 
2016	12240	1454	Whitworth	-	Totals	-	-	-	-	1	39	152	168	16	3.90	 	152.00	 
2016	12240	1454	Whitworth	-	Opponent Totals	-	-	-	-	1	36	85	125	40	2.36	 	85.00	 
2016	12240	783	Widener	-	Totals	-	-	-	-	1	36	75	99	24	2.08	 	75.00	 
2016	12240	783	Widener	-	Opponent Totals	-	-	-	-	1	40	181	203	22	4.53	2	181.00	 
2016	12240	784	Wilkes	-	TEAM	-	-	-	-	1	 	""	 	 	""	 	0.00	 
2016	12240	784	Wilkes	-	Totals	-	-	-	-	3	107	259	319	60	2.42	 	86.33	 
2016	12240	784	Wilkes	-	Opponent Totals	-	-	-	-	3	121	570	645	75	4.71	7	190.00	 
2016	12240	785	Willamette	-	TEAM	-	-	-	-	1	2	-14	 	14	-7.00	 	-14.00	 
2016	12240	785	Willamette	-	Totals	-	-	-	-	2	73	267	332	65	3.66	1	133.50	 
2016	12240	785	Willamette	-	Opponent Totals	-	-	-	-	2	84	406	440	34	4.83	5	203.00	 
2016	12240	1461	Wilmington (OH)	-	TEAM	-	-	-	-	1	 	""	 	 	""	 	0.00	 
2016	12240	1461	Wilmington (OH)	-	Totals	-	-	-	-	1	32	130	158	28	4.06	 	130.00	 
2016	12240	1461	Wilmington (OH)	-	Opponent Totals	-	-	-	-	1	44	184	195	11	4.18	 	184.00	 
2016	12240	8911	Wis. Lutheran	-	TEAM	-	-	-	-	3	1	-1	 	1	-1.00	 	-0.33	 
2016	12240	8911	Wis. Lutheran	-	Totals	-	-	-	-	3	91	415	445	30	4.56	3	138.33	 
2016	12240	8911	Wis. Lutheran	-	Opponent Totals	-	-	-	-	3	144	727	791	64	5.05	4	242.33	 
2016	12240	793	Wis.-Eau Claire	-	Totals	-	-	-	-	3	98	255	322	67	2.60	3	85.00	 
2016	12240	793	Wis.-Eau Claire	-	Opponent Totals	-	-	-	-	3	116	803	822	19	6.92	13	267.67	 
2016	12240	795	Wis.-La Crosse	-	TEAM	-	-	-	-	3	5	-21	 	21	-4.20	 	-7.00	 
2016	12240	795	Wis.-La Crosse	-	Totals	-	-	-	-	3	115	276	414	138	2.40	1	92.00	 
2016	12240	795	Wis.-La Crosse	-	Opponent Totals	-	-	-	-	3	154	702	758	56	4.56	13	234.00	 
2016	12240	798	Wis.-Oshkosh	-	TEAM	-	-	-	-	2	2	-11	 	11	-5.50	 	-5.50	 
2016	12240	798	Wis.-Oshkosh	-	Totals	-	-	-	-	2	85	571	607	36	6.72	11	285.50	 
2016	12240	798	Wis.-Oshkosh	-	Opponent Totals	-	-	-	-	2	76	195	264	69	2.57	 	97.50	 
2016	12240	800	Wis.-Platteville	-	Totals	-	-	-	-	3	105	392	441	49	3.73	6	130.67	 
2016	12240	800	Wis.-Platteville	-	Opponent Totals	-	-	-	-	3	112	458	560	102	4.09	5	152.67	 
2016	12240	801	Wis.-River Falls	-	TEAM	-	-	-	-	1	1	-14	 	14	-14.00	 	-14.00	 
2016	12240	801	Wis.-River Falls	-	Totals	-	-	-	-	2	68	207	268	61	3.04	4	103.50	 
2016	12240	801	Wis.-River Falls	-	Opponent Totals	-	-	-	-	2	90	497	544	47	5.52	8	248.50	 
2016	12240	802	Wis.-Stevens Point	-	Totals	-	-	-	-	1	37	137	166	29	3.70	2	137.00	 
2016	12240	802	Wis.-Stevens Point	-	Opponent Totals	-	-	-	-	1	34	386	401	15	11.35	4	386.00	 
2016	12240	803	Wis.-Stout	-	TEAM	-	-	-	-	1	1	0	 	 	0.00	 	0.00	 
2016	12240	803	Wis.-Stout	-	Totals	-	-	-	-	2	59	197	223	26	3.34	4	98.50	 
2016	12240	803	Wis.-Stout	-	Opponent Totals	-	-	-	-	2	88	438	466	28	4.98	2	219.00	 
2016	12240	805	Wis.-Whitewater	-	TEAM	-	-	-	-	2	2	-2	 	2	-1.00	 	-1.00	 
2016	12240	805	Wis.-Whitewater	-	Totals	-	-	-	-	3	150	899	949	50	5.99	18	299.67	 
2016	12240	805	Wis.-Whitewater	-	Opponent Totals	-	-	-	-	3	94	184	303	119	1.96	3	61.33	 
2016	12240	806	Wittenberg	-	TEAM	-	-	-	-	2	2	-3	 	3	-1.50	 	-1.50	 
2016	12240	806	Wittenberg	-	Totals	-	-	-	-	2	69	220	260	40	3.19	3	110.00	 
2016	12240	806	Wittenberg	-	Opponent Totals	-	-	-	-	2	82	383	445	62	4.67	6	191.50	 
2016	12240	787	Wm. Paterson	-	TEAM	-	-	-	-	1	1	-4	 	4	-4.00	 	-4.00	 
2016	12240	787	Wm. Paterson	-	Totals	-	-	-	-	2	70	245	310	65	3.50	2	122.50	 
2016	12240	787	Wm. Paterson	-	Opponent Totals	-	-	-	-	2	84	219	269	50	2.61	2	109.50	 
2016	12240	807	Wooster	-	TEAM	-	-	-	-	1	4	-18	 	18	-4.50	 	-18.00	 
2016	12240	807	Wooster	-	Totals	-	-	-	-	2	103	321	378	57	3.12	3	160.50	 
2016	12240	807	Wooster	-	Opponent Totals	-	-	-	-	2	69	166	287	121	2.41	5	83.00	 
2016	12240	809	Worcester St.	-	TEAM	-	-	-	-	1	 	""	 	 	""	 	0.00	 
2016	12240	809	Worcester St.	-	Totals	-	-	-	-	1	29	82	129	47	2.83	 	82.00	 
2016	12240	809	Worcester St.	-	Opponent Totals	-	-	-	-	1	50	253	288	35	5.06	2	253.00	 
