2016	12240	4	Adrian	-	TEAM	-	-	-	-	3	-8	 	""	-8	2	0.00	 	 	 	 	""	 	""	0.00
2016	12240	4	Adrian	-	Totals	-	-	-	-	3	622	6,417	453	1,075	209	0.00	29	20	4	25	8.33	181	60.33	358.33
2016	12240	4	Adrian	-	Opponent Totals	-	-	-	-	3	295	4,383	676	971	176	5.52	16	29	7	25	8.33	217	72.33	323.67
2016	12240	15	Albion	-	TEAM	-	-	-	-	2	0	 	""	0	1	0.00	 	 	 	 	""	 	""	0.00
2016	12240	15	Albion	-	Totals	-	-	-	-	3	1,071	5,374	916	1,987	265	0.00	48	41	10	17	5.67	149	49.67	662.33
2016	12240	15	Albion	-	Opponent Totals	-	-	-	-	3	521	5,426	1,035	1,556	247	6.30	23	45	1	34	11.33	329	109.67	518.67
2016	12240	16	Albright	-	TEAM	-	-	-	-	2	-1	 	""	-1	2	0.00	 	 	 	 	""	 	""	0.00
2016	12240	16	Albright	-	Totals	-	-	-	-	2	110	4,126	396	506	146	0.00	8	17	6	18	9.00	131	65.50	253.00
2016	12240	16	Albright	-	Opponent Totals	-	-	-	-	2	305	3,074	362	667	137	4.87	14	15	4	13	6.50	151	75.50	333.50
2016	12240	18	Alfred	-	TEAM	-	-	-	-	3	-27	 	""	-27	5	0.00	 	 	 	 	""	 	""	0.00
2016	12240	18	Alfred	-	Totals	-	-	-	-	3	502	5,241	542	1,044	193	0.00	22	19	2	24	8.00	218	72.67	348.00
2016	12240	18	Alfred	-	Opponent Totals	-	-	-	-	3	461	5,559	576	1,037	218	4.76	26	22	8	20	6.67	181	60.33	345.67
2016	12240	19	Allegheny	-	TEAM	-	-	-	-	3	-1	 	""	-1	1	0.00	 	 	 	 	""	 	""	0.00
2016	12240	19	Allegheny	-	Totals	-	-	-	-	3	17	4,894	451	468	161	0.00	9	17	6	13	4.33	154	51.33	156.00
2016	12240	19	Allegheny	-	Opponent Totals	-	-	-	-	3	801	5,906	570	1,371	229	5.99	39	23	5	32	10.67	258	86.00	457.00
2016	12240	21	Alma	-	TEAM	-	-	-	-	1	""	 	""	0	 	""	 	 	 	 	""	 	""	0.00
2016	12240	21	Alma	-	Totals	-	-	-	-	3	507	4,541	481	988	172	0.00	22	20	9	20	6.67	213	71.00	329.33
2016	12240	21	Alma	-	Opponent Totals	-	-	-	-	3	523	6,259	499	1,022	204	5.01	23	21	7	25	8.33	229	76.33	340.67
2016	12240	939	Anderson (IN)	-	TEAM	-	-	-	-	2	-21	 	""	-21	1	0.00	 	 	 	 	""	 	""	0.00
2016	12240	939	Anderson (IN)	-	Totals	-	-	-	-	3	83	4,784	599	682	199	0.00	7	21	9	24	8.00	220	73.33	227.33
2016	12240	939	Anderson (IN)	-	Opponent Totals	-	-	-	-	3	889	6,016	730	1,619	249	6.50	40	36	5	38	12.67	319	106.33	539.67
2016	12240	26	Anna Maria	-	TEAM	-	-	-	-	2	-21	 	""	-21	2	0.00	 	 	 	 	""	 	""	0.00
2016	12240	26	Anna Maria	-	Totals	-	-	-	-	3	382	6,191	502	884	197	0.00	25	14	6	23	7.67	276	92.00	294.67
2016	12240	26	Anna Maria	-	Opponent Totals	-	-	-	-	3	295	4,609	749	1,044	159	6.57	11	25	8	19	6.33	181	60.33	348.00
2016	12240	38	Augsburg	-	TEAM	-	-	-	-	3	-2	 	""	-2	2	0.00	 	 	 	 	""	 	""	0.00
2016	12240	38	Augsburg	-	Totals	-	-	-	-	3	852	5,178	634	1,486	201	0.00	43	26	1	9	3.00	62	20.67	495.33
2016	12240	38	Augsburg	-	Opponent Totals	-	-	-	-	3	457	5,622	718	1,175	221	5.32	21	34	3	13	4.33	100	33.33	391.67
2016	12240	40	Augustana (IL)	-	TEAM	-	-	-	-	2	-6	 	""	-6	3	0.00	 	 	 	 	""	 	""	0.00
2016	12240	40	Augustana (IL)	-	Totals	-	-	-	-	3	989	5,682	761	1,750	244	0.00	39	36	4	26	8.67	274	91.33	583.33
2016	12240	40	Augustana (IL)	-	Opponent Totals	-	-	-	-	3	494	5,118	1,225	1,719	249	6.90	21	52	8	19	6.33	175	58.33	573.00
2016	12240	42	Aurora	-	TEAM	-	-	-	-	2	-87	 	""	-87	6	0.00	 	 	 	 	""	 	""	0.00
2016	12240	42	Aurora	-	Totals	-	-	-	-	2	129	3,978	398	527	138	0.00	12	16	3	13	6.50	106	53.00	263.50
2016	12240	42	Aurora	-	Opponent Totals	-	-	-	-	2	321	3,222	707	1,028	144	7.14	15	30	2	12	6.00	118	59.00	514.00
2016	12240	953	Austin	-	TEAM	-	-	-	-	2	-14	 	""	-14	3	0.00	 	 	 	 	""	 	""	0.00
2016	12240	953	Austin	-	Totals	-	-	-	-	2	369	3,706	500	869	164	0.00	18	21	1	19	9.50	125	62.50	434.50
2016	12240	953	Austin	-	Opponent Totals	-	-	-	-	2	328	3,494	618	946	168	5.63	22	29	1	9	4.50	102	51.00	473.00
2016	12240	44	Averett	-	TEAM	-	-	-	-	2	-13	 	0	-13	3	0.00	 	 	 	 	""	 	""	0.00
2016	12240	44	Averett	-	Totals	-	-	-	-	3	353	4,797	988	1,341	222	0.00	17	45	3	17	5.67	199	66.33	447.00
2016	12240	44	Averett	-	Opponent Totals	-	-	-	-	3	1,297	6,003	793	2,090	247	8.46	65	30	4	17	5.67	155	51.67	696.67
2016	12240	46	Baldwin Wallace	-	TEAM	-	-	-	-	2	-3	 	0	-3	4	0.00	 	 	 	 	""	 	""	0.00
2016	12240	46	Baldwin Wallace	-	Totals	-	-	-	-	2	402	3,460	364	766	134	0.00	24	14	 	10	5.00	90	45.00	383.00
2016	12240	46	Baldwin Wallace	-	Opponent Totals	-	-	-	-	2	442	3,740	418	860	153	5.62	25	21	1	12	6.00	77	38.50	430.00
2016	12240	26107	Becker	-	TEAM	-	-	-	-	2	-2	 	""	-2	2	0.00	 	 	 	 	""	 	""	0.00
2016	12240	26107	Becker	-	Totals	-	-	-	-	2	366	3,285	421	787	151	0.00	16	19	4	13	6.50	86	43.00	393.50
2016	12240	26107	Becker	-	Opponent Totals	-	-	-	-	2	408	3,915	401	809	156	5.19	19	18	1	10	5.00	106	53.00	404.50
2016	12240	53	Beloit	-	TEAM	-	-	-	-	1	-2	 	""	-2	2	0.00	 	 	 	 	""	 	""	0.00
2016	12240	53	Beloit	-	Totals	-	-	-	-	3	768	5,593	813	1,581	227	0.00	35	40	6	17	5.67	162	54.00	527.00
2016	12240	53	Beloit	-	Opponent Totals	-	-	-	-	3	417	5,207	818	1,235	201	6.14	23	33	6	20	6.67	164	54.67	411.67
2016	12240	296	Benedictine (IL)	-	TEAM	-	-	-	-	1	-4	 	""	-4	2	0.00	 	 	 	 	""	 	""	0.00
2016	12240	296	Benedictine (IL)	-	Totals	-	-	-	-	3	229	5,302	696	925	194	0.00	11	33	4	16	5.33	151	50.33	308.33
2016	12240	296	Benedictine (IL)	-	Opponent Totals	-	-	-	-	3	434	5,498	537	971	192	5.06	24	26	5	11	3.67	100	33.33	323.67
2016	12240	973	Berry	-	TEAM	-	-	-	-	2	-10	 	""	-10	2	0.00	 	 	 	 	""	 	""	0.00
2016	12240	973	Berry	-	Totals	-	-	-	-	3	404	5,258	492	896	224	0.00	21	24	7	16	5.33	168	56.00	298.67
2016	12240	973	Berry	-	Opponent Totals	-	-	-	-	3	448	5,542	631	1,079	225	4.80	25	30	5	19	6.33	198	66.00	359.67
2016	12240	59	Bethany (WV)	-	TEAM	-	-	-	-	3	-11	 	""	-11	1	0.00	 	 	 	 	""	 	""	0.00
2016	12240	59	Bethany (WV)	-	Totals	-	-	-	-	3	426	4,415	471	897	170	0.00	17	18	4	26	8.67	242	80.67	299.00
2016	12240	59	Bethany (WV)	-	Opponent Totals	-	-	-	-	3	542	6,385	568	1,110	222	5.00	31	23	10	21	7.00	179	59.67	370.00
2016	12240	60	Bethel (MN)	-	Totals	-	-	-	-	3	753	6,133	561	1,314	208	0.00	39	26	3	19	6.33	193	64.33	438.00
2016	12240	60	Bethel (MN)	-	Opponent Totals	-	-	-	-	3	380	4,667	627	1,007	182	5.53	10	32	4	19	6.33	164	54.67	335.67
2016	12240	28593	Birmingham-So.	-	Totals	-	-	-	-	2	342	3,819	275	617	127	0.00	19	13	5	10	5.00	97	48.50	308.50
2016	12240	28593	Birmingham-So.	-	Opponent Totals	-	-	-	-	2	265	3,381	689	954	160	5.96	17	31	3	12	6.00	141	70.50	477.00
2016	12240	987	Bluffton	-	TEAM	-	-	-	-	1	""	 	""	0	 	""	 	 	 	 	""	 	""	0.00
2016	12240	987	Bluffton	-	Totals	-	-	-	-	2	380	3,911	455	835	157	0.00	19	19	5	12	6.00	92	46.00	417.50
2016	12240	987	Bluffton	-	Opponent Totals	-	-	-	-	2	333	3,289	436	769	136	5.65	19	17	1	17	8.50	147	73.50	384.50
2016	12240	75	Bridgewater (VA)	-	TEAM	-	-	-	-	1	""	 	""	0	 	""	 	 	 	 	""	 	""	0.00
2016	12240	75	Bridgewater (VA)	-	Totals	-	-	-	-	3	297	5,048	755	1,052	198	0.00	19	29	2	21	7.00	153	51.00	350.67
2016	12240	75	Bridgewater (VA)	-	Opponent Totals	-	-	-	-	3	902	5,752	432	1,334	226	5.90	40	16	1	23	7.67	164	54.67	444.67
2016	12240	76	Bridgewater St.	-	TEAM	-	-	-	-	2	-2	 	""	-2	2	0.00	 	 	 	 	""	 	""	0.00
2016	12240	76	Bridgewater St.	-	Totals	-	-	-	-	3	660	6,065	578	1,238	225	0.00	37	19	3	30	10.00	280	93.33	412.67
2016	12240	76	Bridgewater St.	-	Opponent Totals	-	-	-	-	3	510	4,735	797	1,307	240	5.45	24	34	7	17	5.67	147	49.00	435.67
2016	12240	78	Brockport	-	TEAM	-	-	-	-	1	-1	 	""	-1	2	0.00	 	 	 	 	""	 	""	0.00
2016	12240	78	Brockport	-	Totals	-	-	-	-	2	491	3,621	455	946	145	0.00	26	23	 	15	7.50	140	70.00	473.00
2016	12240	78	Brockport	-	Opponent Totals	-	-	-	-	2	183	3,579	391	574	129	4.45	13	14	4	15	7.50	126	63.00	287.00
2016	12240	84	Buena Vista	-	TEAM	-	-	-	-	1	-6	 	""	-6	1	0.00	 	 	 	 	""	 	""	0.00
2016	12240	84	Buena Vista	-	Totals	-	-	-	-	2	172	3,852	422	594	140	0.00	10	21	6	10	5.00	96	48.00	297.00
2016	12240	84	Buena Vista	-	Opponent Totals	-	-	-	-	2	458	3,348	499	957	124	7.72	21	23	3	12	6.00	86	43.00	478.50
2016	12240	85	Buffalo St.	-	TEAM	-	-	-	-	1	-27	 	""	-27	3	0.00	 	 	 	 	""	 	""	0.00
2016	12240	85	Buffalo St.	-	Totals	-	-	-	-	1	339	2,373	162	501	76	0.00	13	9	2	11	11.00	85	85.00	501.00
2016	12240	85	Buffalo St.	-	Opponent Totals	-	-	-	-	1	15	1,227	99	114	45	2.53	1	6	 	5	5.00	45	45.00	114.00
2016	12240	105	Cal Lutheran	-	TEAM	-	-	-	-	2	-2	 	""	-2	1	0.00	 	 	 	 	""	 	""	0.00
2016	12240	105	Cal Lutheran	-	Totals	-	-	-	-	2	410	3,563	340	750	135	0.00	23	12	1	9	4.50	57	28.50	375.00
2016	12240	105	Cal Lutheran	-	Opponent Totals	-	-	-	-	2	205	3,637	570	775	146	5.31	10	24	3	10	5.00	103	51.50	387.50
2016	12240	117	Capital	-	TEAM	-	-	-	-	1	""	 	""	0	 	""	 	 	 	 	""	 	""	0.00
2016	12240	117	Capital	-	Totals	-	-	-	-	2	700	3,906	242	942	139	0.00	33	10	6	10	5.00	101	50.50	471.00
2016	12240	117	Capital	-	Opponent Totals	-	-	-	-	2	339	3,294	580	919	126	7.29	15	27	3	15	7.50	152	76.00	459.50
2016	12240	118	Carleton	-	TEAM	-	-	-	-	2	-20	 	""	-20	1	0.00	 	 	 	 	""	 	""	0.00
2016	12240	118	Carleton	-	Totals	-	-	-	-	3	692	5,438	505	1,197	202	0.00	35	22	2	14	4.67	128	42.67	399.00
2016	12240	118	Carleton	-	Opponent Totals	-	-	-	-	3	632	5,362	566	1,198	203	5.90	29	26	3	14	4.67	150	50.00	399.33
2016	12240	119	Carnegie Mellon	-	Totals	-	-	-	-	2	561	3,426	357	918	167	0.00	22	18	2	9	4.50	77	38.50	459.00
2016	12240	119	Carnegie Mellon	-	Opponent Totals	-	-	-	-	2	360	3,774	746	1,106	172	6.43	22	30	2	11	5.50	90	45.00	553.00
2016	12240	120	Carroll (WI)	-	TEAM	-	-	-	-	2	-1	 	""	-1	1	0.00	 	 	 	 	""	 	""	0.00
2016	12240	120	Carroll (WI)	-	Totals	-	-	-	-	2	380	4,073	388	768	147	0.00	27	21	3	4	2.00	45	22.50	384.00
2016	12240	120	Carroll (WI)	-	Opponent Totals	-	-	-	-	2	292	3,127	365	657	126	5.21	14	15	1	11	5.50	86	43.00	328.50
2016	12240	121	Carthage	-	TEAM	-	-	-	-	1	-14	 	""	-14	1	0.00	 	 	 	 	""	 	""	0.00
2016	12240	121	Carthage	-	Totals	-	-	-	-	2	277	3,237	412	689	140	0.00	15	20	4	11	5.50	111	55.50	344.50
2016	12240	121	Carthage	-	Opponent Totals	-	-	-	-	2	405	3,963	419	824	147	5.61	19	18	4	12	6.00	123	61.50	412.00
2016	12240	122	Case	-	TEAM	-	-	-	-	1	0	 	""	0	2	0.00	 	 	 	 	""	 	""	0.00
2016	12240	122	Case	-	Totals	-	-	-	-	2	358	3,738	577	935	138	0.00	14	22	5	16	8.00	130	65.00	467.50
2016	12240	122	Case	-	Opponent Totals	-	-	-	-	2	106	3,462	554	660	130	5.08	7	25	3	8	4.00	79	39.50	330.00
2016	12240	123	Castleton	-	Totals	-	-	-	-	2	120	2,989	445	565	134	0.00	4	22	5	15	7.50	176	88.00	282.50
2016	12240	123	Castleton	-	Opponent Totals	-	-	-	-	2	365	4,211	396	761	131	5.81	20	11	4	14	7.00	140	70.00	380.50
2016	12240	124	Catholic	-	Totals	-	-	-	-	3	393	5,417	1,103	1,496	273	0.00	22	54	8	19	6.33	191	63.67	498.67
2016	12240	124	Catholic	-	Opponent Totals	-	-	-	-	3	529	5,383	818	1,347	264	5.10	29	44	9	27	9.00	233	77.67	449.00
2016	12240	126	Central (IA)	-	TEAM	-	-	-	-	1	""	 	""	0	 	""	 	 	 	 	""	 	""	0.00
2016	12240	126	Central (IA)	-	Totals	-	-	-	-	3	482	5,235	781	1,263	197	0.00	26	33	 	11	3.67	120	40.00	421.00
2016	12240	126	Central (IA)	-	Opponent Totals	-	-	-	-	3	179	5,565	608	787	205	3.84	13	29	2	7	2.33	43	14.33	262.33
2016	12240	132	Centre	-	TEAM	-	-	-	-	1	""	 	""	0	 	""	 	 	 	 	""	 	""	0.00
2016	12240	132	Centre	-	Totals	-	-	-	-	3	1,003	5,550	676	1,679	243	0.00	46	27	6	26	8.67	243	81.00	303.33
2016	12240	132	Centre	-	Opponent Totals	-	-	-	-	3	253	5,250	786	1,039	252	4.12	17	42	3	15	5.00	173	57.67	260.00
2016	12240	134	Chapman	-	TEAM	-	-	-	-	1	0	 	""	0	1	0.00	 	 	 	 	""	 	""	0.00
2016	12240	134	Chapman	-	Totals	-	-	-	-	1	98	1,862	175	273	64	0.00	6	6	2	6	6.00	45	45.00	273.00
2016	12240	134	Chapman	-	Opponent Totals	-	-	-	-	1	146	1,738	264	410	65	6.31	8	10	1	9	9.00	80	80.00	410.00
2016	12240	137	Chicago	-	TEAM	-	-	-	-	2	-8	 	0	-8	6	0.00	 	 	 	 	""	 	""	0.00
2016	12240	137	Chicago	-	Totals	-	-	-	-	2	157	3,927	608	765	124	0.00	8	22	5	11	5.50	105	52.50	382.50
2016	12240	137	Chicago	-	Opponent Totals	-	-	-	-	2	443	3,273	496	939	138	6.80	17	19	2	13	6.50	149	74.50	469.50
2016	12240	139	Chris. Newport	-	TEAM	-	-	-	-	2	-10	 	""	-10	4	0.00	 	 	 	 	""	 	""	0.00
2016	12240	139	Chris. Newport	-	Totals	-	-	-	-	3	294	6,041	776	1,070	217	0.00	16	34	3	21	7.00	214	71.33	356.67
2016	12240	139	Chris. Newport	-	Opponent Totals	-	-	-	-	3	497	4,759	783	1,280	195	6.56	24	28	1	16	5.33	157	52.33	426.67
2016	12240	142	Claremont-M-S	-	TEAM	-	-	-	-	2	-4	 	""	-4	2	0.00	 	 	 	 	""	 	""	0.00
2016	12240	142	Claremont-M-S	-	Totals	-	-	-	-	2	474	4,181	276	750	141	0.00	25	10	3	16	8.00	184	92.00	375.00
2016	12240	142	Claremont-M-S	-	Opponent Totals	-	-	-	-	2	159	3,019	604	763	149	5.12	9	28	6	7	3.50	49	24.50	381.50
2016	12240	722	Coast Guard	-	TEAM	-	-	-	-	2	-2	 	""	-2	2	0.00	 	 	 	 	""	 	""	0.00
2016	12240	722	Coast Guard	-	Totals	-	-	-	-	3	194	4,689	603	797	184	0.00	9	31	10	18	6.00	163	54.33	265.67
2016	12240	722	Coast Guard	-	Opponent Totals	-	-	-	-	3	722	6,111	517	1,239	224	5.53	37	24	4	26	8.67	245	81.67	413.00
2016	12240	150	Coe	-	TEAM	-	-	-	-	1	-6	 	""	-6	1	0.00	 	 	 	 	""	 	""	0.00
2016	12240	150	Coe	-	Totals	-	-	-	-	3	515	5,809	1,057	1,572	242	0.00	24	46	3	15	5.00	97	32.33	524.00
2016	12240	150	Coe	-	Opponent Totals	-	-	-	-	3	524	4,991	655	1,179	213	5.54	25	30	2	16	5.33	154	51.33	393.00
2016	12240	160	Concordia Chicago	-	TEAM	-	-	-	-	1	""	 	""	0	 	""	 	 	 	 	""	 	""	0.00
2016	12240	160	Concordia Chicago	-	Totals	-	-	-	-	2	213	2,930	583	796	145	0.00	12	20	7	17	8.50	150	75.00	398.00
2016	12240	160	Concordia Chicago	-	Opponent Totals	-	-	-	-	2	483	4,270	733	1,216	178	6.83	21	38	4	19	9.50	183	91.50	608.00
2016	12240	1036	Concordia Wisconsin	-	TEAM	-	-	-	-	3	-9	 	""	-9	2	0.00	 	 	 	 	""	 	""	0.00
2016	12240	1036	Concordia Wisconsin	-	Totals	-	-	-	-	3	357	5,625	772	1,129	250	0.00	26	37	3	16	5.33	209	69.67	376.33
2016	12240	1036	Concordia Wisconsin	-	Opponent Totals	-	-	-	-	3	612	5,175	843	1,455	223	6.52	24	37	5	14	4.67	114	38.00	485.00
2016	12240	161	Concordia-M'head	-	TEAM	-	-	-	-	2	-3	 	""	-3	2	0.00	 	 	 	 	""	 	""	0.00
2016	12240	161	Concordia-M'head	-	Totals	-	-	-	-	3	530	5,535	713	1,243	197	0.00	36	23	5	20	6.67	204	68.00	414.33
2016	12240	161	Concordia-M'head	-	Opponent Totals	-	-	-	-	3	384	5,265	608	992	198	5.01	18	29	3	25	8.33	231	77.00	330.67
2016	12240	166	Cornell College	-	TEAM	-	-	-	-	2	-21	 	0	-21	7	0.00	 	 	 	 	""	 	""	0.00
2016	12240	166	Cornell College	-	Totals	-	-	-	-	2	254	3,167	327	581	137	0.00	13	13	1	9	4.50	104	52.00	290.50
2016	12240	166	Cornell College	-	Opponent Totals	-	-	-	-	2	411	4,033	542	953	149	6.40	17	25	3	7	3.50	49	24.50	476.50
2016	12240	30035	Crown (MN)	-	Totals	-	-	-	-	3	467	5,501	550	1,017	187	0.00	28	21	7	16	5.33	102	34.00	339.00
2016	12240	30035	Crown (MN)	-	Opponent Totals	-	-	-	-	3	728	5,299	883	1,611	209	7.71	40	28	 	32	10.67	311	103.67	537.00
2016	12240	170	Curry	-	TEAM	-	-	-	-	1	-2	 	""	-2	2	0.00	 	 	 	 	""	 	""	0.00
2016	12240	170	Curry	-	Totals	-	-	-	-	3	101	4,566	612	713	196	0.00	9	28	10	22	7.33	188	62.67	237.67
2016	12240	170	Curry	-	Opponent Totals	-	-	-	-	3	592	6,234	499	1,091	209	5.22	34	19	6	35	11.67	323	107.67	363.67
2016	12240	177	DePauw	-	TEAM	-	-	-	-	2	""	 	0	0	1	0.00	 	 	 	 	""	 	""	0.00
2016	12240	177	DePauw	-	Totals	-	-	-	-	2	640	3,279	353	993	140	0.00	37	19	1	9	4.50	106	53.00	496.50
2016	12240	177	DePauw	-	Opponent Totals	-	-	-	-	2	122	3,921	368	490	155	3.16	14	19	4	13	6.50	120	60.00	245.00
2016	12240	1050	Defiance	-	TEAM	-	-	-	-	3	""	 	""	0	 	""	 	 	 	 	""	 	""	0.00
2016	12240	1050	Defiance	-	Totals	-	-	-	-	3	277	5,352	483	760	209	0.00	17	20	5	23	7.67	260	86.67	253.33
2016	12240	1050	Defiance	-	Opponent Totals	-	-	-	-	3	695	5,448	633	1,328	210	6.32	33	22	7	35	11.67	403	134.33	442.67
2016	12240	179	Delaware Valley	-	TEAM	-	-	-	-	3	-36	 	""	-36	5	0.00	 	 	 	 	""	 	""	0.00
2016	12240	179	Delaware Valley	-	Totals	-	-	-	-	3	706	5,405	519	1,225	202	0.00	33	26	2	21	7.00	200	66.67	408.33
2016	12240	179	Delaware Valley	-	Opponent Totals	-	-	-	-	3	407	5,395	710	1,117	217	5.15	31	30	6	21	7.00	186	62.00	372.33
2016	12240	182	Denison	-	TEAM	-	-	-	-	1	-2	 	""	-2	1	0.00	 	 	 	 	""	 	""	0.00
2016	12240	182	Denison	-	Totals	-	-	-	-	2	245	4,114	635	880	138	0.00	13	27	2	12	6.00	111	55.50	440.00
2016	12240	182	Denison	-	Opponent Totals	-	-	-	-	2	207	3,086	241	448	126	3.56	8	13	5	18	9.00	172	86.00	224.00
2016	12240	185	Dickinson	-	TEAM	-	-	-	-	2	-16	 	""	-16	2	0.00	 	 	 	 	""	 	""	0.00
2016	12240	185	Dickinson	-	Totals	-	-	-	-	3	679	5,449	205	884	204	0.00	36	10	2	20	6.67	152	50.67	294.67
2016	12240	185	Dickinson	-	Opponent Totals	-	-	-	-	3	350	5,351	648	998	199	5.02	22	31	2	19	6.33	136	45.33	332.67
2016	12240	192	Dubuque	-	TEAM	-	-	-	-	1	-10	 	""	-10	3	0.00	 	 	 	 	""	 	""	0.00
2016	12240	192	Dubuque	-	Totals	-	-	-	-	3	359	5,735	569	928	194	0.00	22	29	2	19	6.33	194	64.67	309.33
2016	12240	192	Dubuque	-	Opponent Totals	-	-	-	-	3	358	5,065	911	1,269	205	6.19	19	44	2	18	6.00	158	52.67	423.00
2016	12240	195	Earlham	-	TEAM	-	-	-	-	2	-25	 	""	-25	2	0.00	 	 	 	 	""	 	""	0.00
2016	12240	195	Earlham	-	Totals	-	-	-	-	3	26	5,386	540	566	180	0.00	6	26	3	21	7.00	174	58.00	188.67
2016	12240	195	Earlham	-	Opponent Totals	-	-	-	-	3	1,102	5,414	446	1,548	209	7.41	61	24	 	16	5.33	136	45.33	516.00
2016	12240	1062	East Tex. Baptist	-	TEAM	-	-	-	-	2	-15	 	""	-15	6	0.00	 	 	 	 	""	 	""	0.00
2016	12240	1062	East Tex. Baptist	-	Totals	-	-	-	-	3	526	3,772	657	1,183	188	0.00	30	18	4	22	7.33	234	78.00	394.33
2016	12240	1062	East Tex. Baptist	-	Opponent Totals	-	-	-	-	3	432	7,028	882	1,314	247	5.32	30	34	5	22	7.33	170	56.67	438.00
2016	12240	212	Elmhurst	-	TEAM	-	-	-	-	2	-24	 	""	-24	4	0.00	 	 	 	 	""	 	""	0.00
2016	12240	212	Elmhurst	-	Totals	-	-	-	-	2	545	4,366	157	702	138	0.00	23	7	4	11	5.50	85	42.50	351.00
2016	12240	212	Elmhurst	-	Opponent Totals	-	-	-	-	2	265	2,834	421	686	142	4.83	14	22	2	12	6.00	140	70.00	343.00
2016	12240	216	Emory & Henry	-	Totals	-	-	-	-	2	359	2,795	414	773	148	0.00	19	19	2	21	10.50	201	100.50	386.50
2016	12240	216	Emory & Henry	-	Opponent Totals	-	-	-	-	2	288	4,405	239	527	149	3.54	21	11	6	10	5.00	79	39.50	263.50
2016	12240	8981	Endicott	-	TEAM	-	-	-	-	2	""	 	0	0	1	0.00	 	 	 	 	""	 	""	0.00
2016	12240	8981	Endicott	-	Totals	-	-	-	-	2	152	2,983	327	479	129	0.00	9	15	4	9	4.50	50	25.00	239.50
2016	12240	8981	Endicott	-	Opponent Totals	-	-	-	-	2	241	4,217	436	677	142	4.77	21	25	1	13	6.50	120	60.00	338.50
2016	12240	218	Eureka	-	TEAM	-	-	-	-	2	-2	 	""	-2	1	0.00	 	 	 	 	""	 	""	0.00
2016	12240	218	Eureka	-	Totals	-	-	-	-	3	599	5,360	681	1,280	187	0.00	29	24	3	20	6.67	222	74.00	426.67
2016	12240	218	Eureka	-	Opponent Totals	-	-	-	-	3	380	5,440	761	1,141	204	5.59	17	32	4	21	7.00	177	59.00	380.33
2016	12240	221	FDU-Florham	-	TEAM	-	-	-	-	2	-4	 	""	-4	2	0.00	 	 	 	 	""	 	""	0.00
2016	12240	221	FDU-Florham	-	Totals	-	-	-	-	2	233	3,267	496	729	135	0.00	13	20	4	13	6.50	111	55.50	364.50
2016	12240	221	FDU-Florham	-	Opponent Totals	-	-	-	-	2	288	3,933	354	642	148	4.34	17	17	5	17	17.00	179	179.00	642.00
2016	12240	225	Ferrum	-	Totals	-	-	-	-	3	702	6,285	335	1,037	206	0.00	34	14	8	7	2.33	55	18.33	345.67
2016	12240	225	Ferrum	-	Opponent Totals	-	-	-	-	3	586	4,515	874	1,460	194	7.53	30	35	2	20	6.67	221	73.67	486.67
2016	12240	30032	Finlandia	-	TEAM	-	-	-	-	2	-10	 	""	-10	1	0.00	 	 	 	 	""	 	""	0.00
2016	12240	30032	Finlandia	-	Totals	-	-	-	-	3	94	5,659	243	337	159	0.00	5	12	5	21	7.00	144	48.00	112.33
2016	12240	30032	Finlandia	-	Opponent Totals	-	-	-	-	3	1,051	5,141	495	1,546	190	8.14	45	16	6	14	4.67	120	40.00	515.33
2016	12240	227	Fitchburg St.	-	TEAM	-	-	-	-	3	-30	 	""	-30	3	0.00	 	 	 	 	""	 	""	0.00
2016	12240	227	Fitchburg St.	-	Totals	-	-	-	-	3	476	6,135	758	1,234	244	0.00	22	38	10	34	11.33	322	107.33	411.33
2016	12240	227	Fitchburg St.	-	Opponent Totals	-	-	-	-	3	159	4,665	511	670	193	3.47	11	25	10	29	9.67	276	92.00	223.33
2016	12240	238	Framingham St.	-	TEAM	-	-	-	-	2	-3	 	""	-3	2	0.00	 	 	 	 	""	 	""	0.00
2016	12240	238	Framingham St.	-	Totals	-	-	-	-	3	387	6,319	941	1,328	227	0.00	26	51	6	25	8.33	249	83.00	442.67
2016	12240	238	Framingham St.	-	Opponent Totals	-	-	-	-	3	279	4,481	882	1,161	197	5.89	14	35	8	20	6.67	167	55.67	387.00
2016	12240	239	Frank. & Marsh.	-	TEAM	-	-	-	-	1	-4	 	""	-4	3	0.00	 	 	 	 	""	 	""	0.00
2016	12240	239	Frank. & Marsh.	-	Totals	-	-	-	-	3	564	5,834	529	1,093	206	0.00	31	28	1	4	1.33	48	16.00	364.33
2016	12240	239	Frank. & Marsh.	-	Opponent Totals	-	-	-	-	3	547	4,966	656	1,203	205	5.87	30	30	2	12	4.00	91	30.33	401.00
2016	12240	2694	Franklin	-	TEAM	-	-	-	-	2	-20	 	""	-20	2	0.00	 	 	 	 	""	 	""	0.00
2016	12240	2694	Franklin	-	Totals	-	-	-	-	3	487	5,527	873	1,360	255	0.00	28	48	5	23	7.67	156	52.00	453.33
2016	12240	2694	Franklin	-	Opponent Totals	-	-	-	-	3	382	5,273	580	962	197	4.88	26	29	4	17	5.67	138	46.00	320.67
2016	12240	243	Frostburg St.	-	TEAM	-	-	-	-	2	0	 	""	0	2	0.00	 	 	 	 	""	 	""	0.00
2016	12240	243	Frostburg St.	-	Totals	-	-	-	-	3	578	6,169	440	1,018	201	0.00	32	21	7	24	8.00	221	73.67	339.33
2016	12240	243	Frostburg St.	-	Opponent Totals	-	-	-	-	3	323	4,631	702	1,025	187	5.48	22	29	5	26	8.67	194	64.67	341.67
2016	12240	245	Gallaudet	-	TEAM	-	-	-	-	2	-17	 	""	-17	2	0.00	 	 	 	 	""	 	""	0.00
2016	12240	245	Gallaudet	-	Totals	-	-	-	-	2	117	3,838	401	518	150	0.00	10	21	4	12	6.00	122	61.00	259.00
2016	12240	245	Gallaudet	-	Opponent Totals	-	-	-	-	2	332	3,362	449	781	133	5.87	14	18	3	19	9.50	173	86.50	390.50
2016	12240	30084	Geneva	-	TEAM	-	-	-	-	3	-33	 	""	-33	5	0.00	 	 	 	 	""	 	""	0.00
2016	12240	30084	Geneva	-	Totals	-	-	-	-	3	270	5,394	622	892	211	0.00	20	29	5	27	9.00	253	84.33	297.33
2016	12240	30084	Geneva	-	Opponent Totals	-	-	-	-	3	302	5,406	626	928	209	4.44	20	29	7	21	7.00	227	75.67	309.33
2016	12240	1094	George Fox	-	TEAM	-	-	-	-	2	""	 	""	0	 	""	 	 	 	 	""	 	""	0.00
2016	12240	1094	George Fox	-	Totals	-	-	-	-	2	267	3,275	617	884	139	0.00	15	21	4	13	6.50	104	52.00	442.00
2016	12240	1094	George Fox	-	Opponent Totals	-	-	-	-	2	467	3,925	605	1,072	162	6.62	21	23	4	21	10.50	212	106.00	536.00
2016	12240	258	Gettysburg	-	TEAM	-	-	-	-	2	-14	 	""	-14	5	0.00	 	 	 	 	""	 	""	0.00
2016	12240	258	Gettysburg	-	Totals	-	-	-	-	3	892	4,935	722	1,614	241	0.00	40	28	6	30	10.00	325	108.33	538.00
2016	12240	258	Gettysburg	-	Opponent Totals	-	-	-	-	3	299	5,865	814	1,113	221	5.04	17	32	6	21	7.00	199	66.33	371.00
2016	12240	263	Greensboro	-	TEAM	-	-	-	-	3	-19	 	""	-19	3	0.00	 	 	 	 	""	 	""	0.00
2016	12240	263	Greensboro	-	Totals	-	-	-	-	3	324	4,838	768	1,092	197	0.00	14	26	4	22	7.33	181	60.33	364.00
2016	12240	263	Greensboro	-	Opponent Totals	-	-	-	-	3	393	5,962	927	1,320	246	5.37	25	42	5	22	7.33	163	54.33	440.00
2016	12240	1111	Greenville	-	TEAM	-	-	-	-	2	""	 	""	0	 	""	 	 	 	 	""	 	""	0.00
2016	12240	1111	Greenville	-	Totals	-	-	-	-	3	795	5,791	377	1,172	239	0.00	42	22	1	26	8.67	236	78.67	390.67
2016	12240	1111	Greenville	-	Opponent Totals	-	-	-	-	3	245	5,009	546	791	182	4.35	12	18	12	12	4.00	102	34.00	263.67
2016	12240	264	Grinnell	-	TEAM	-	-	-	-	2	-17	 	""	-17	2	0.00	 	 	 	 	""	 	""	0.00
2016	12240	264	Grinnell	-	Totals	-	-	-	-	2	108	3,842	319	427	123	0.00	9	14	 	8	4.00	84	42.00	213.50
2016	12240	264	Grinnell	-	Opponent Totals	-	-	-	-	2	781	3,358	240	1,021	127	8.04	33	11	3	8	4.00	67	33.50	510.50
2016	12240	265	Grove City	-	TEAM	-	-	-	-	1	-40	 	""	-40	4	0.00	 	 	 	 	""	 	""	0.00
2016	12240	265	Grove City	-	Totals	-	-	-	-	2	19	3,240	497	516	144	0.00	7	24	5	7	3.50	84	42.00	258.00
2016	12240	265	Grove City	-	Opponent Totals	-	-	-	-	2	281	3,960	328	609	153	3.98	14	18	3	13	6.50	126	63.00	304.50
2016	12240	1112	Guilford	-	TEAM	-	-	-	-	3	-3	 	""	-3	2	0.00	 	 	 	 	""	 	""	0.00
2016	12240	1112	Guilford	-	Totals	-	-	-	-	3	764	6,523	1,154	1,918	260	0.00	40	47	8	31	10.33	276	92.00	639.33
2016	12240	1112	Guilford	-	Opponent Totals	-	-	-	-	3	150	4,277	732	882	180	4.90	9	30	5	21	7.00	194	64.67	294.00
2016	12240	266	Gust. Adolphus	-	TEAM	-	-	-	-	3	-8	 	""	-8	2	0.00	 	 	 	 	""	 	""	0.00
2016	12240	266	Gust. Adolphus	-	Totals	-	-	-	-	3	643	5,204	1,090	1,733	227	0.00	35	48	2	30	10.00	300	100.00	577.67
2016	12240	266	Gust. Adolphus	-	Opponent Totals	-	-	-	-	3	303	5,596	590	893	210	4.25	19	26	8	18	6.00	180	60.00	297.67
2016	12240	268	Hamline	-	TEAM	-	-	-	-	2	0	 	""	0	4	0.00	 	 	 	 	""	 	""	0.00
2016	12240	268	Hamline	-	Totals	-	-	-	-	3	448	5,417	798	1,246	203	0.00	23	34	5	22	7.33	215	71.67	415.33
2016	12240	268	Hamline	-	Opponent Totals	-	-	-	-	3	318	5,383	528	846	195	4.34	21	24	6	17	5.67	140	46.67	282.00
2016	12240	269	Hampden-Sydney	-	TEAM	-	-	-	-	3	-5	 	""	-5	4	0.00	 	 	 	 	""	 	""	0.00
2016	12240	269	Hampden-Sydney	-	Totals	-	-	-	-	3	392	4,607	627	1,019	188	0.00	24	26	6	16	5.33	210	70.00	339.67
2016	12240	269	Hampden-Sydney	-	Opponent Totals	-	-	-	-	3	601	6,193	517	1,118	222	5.04	31	24	6	20	6.67	209	69.67	372.67
2016	12240	1115	Hanover	-	TEAM	-	-	-	-	3	-16	 	""	-16	3	0.00	 	 	 	 	""	 	""	0.00
2016	12240	1115	Hanover	-	Totals	-	-	-	-	3	197	5,112	527	724	207	0.00	13	24	3	16	5.33	165	55.00	155.00
2016	12240	1115	Hanover	-	Opponent Totals	-	-	-	-	3	1,090	5,688	843	1,933	231	8.37	48	38	3	16	5.33	186	62.00	388.00
2016	12240	271	Hardin-Simmons	-	TEAM	-	-	-	-	2	-1	 	""	-1	1	0.00	 	 	 	 	""	 	""	0.00
2016	12240	271	Hardin-Simmons	-	Totals	-	-	-	-	3	483	5,172	1,090	1,573	210	0.00	24	40	8	24	8.00	238	79.33	524.33
2016	12240	271	Hardin-Simmons	-	Opponent Totals	-	-	-	-	3	361	5,628	648	1,009	226	4.46	27	26	5	27	27.00	265	265.00	1,009.00
2016	12240	273	Hartwick	-	TEAM	-	-	-	-	2	-3	 	""	-3	3	0.00	 	 	 	 	""	 	""	0.00
2016	12240	273	Hartwick	-	Totals	-	-	-	-	3	304	4,784	1,058	1,362	188	0.00	19	36	7	25	8.33	250	83.33	454.00
2016	12240	273	Hartwick	-	Opponent Totals	-	-	-	-	3	723	6,016	518	1,241	222	5.59	40	22	3	27	9.00	228	76.00	413.67
2016	12240	278	Heidelberg	-	TEAM	-	-	-	-	1	""	 	""	0	 	""	 	 	 	 	""	 	""	0.00
2016	12240	278	Heidelberg	-	Totals	-	-	-	-	2	380	3,529	277	657	155	0.00	22	12	3	16	8.00	123	61.50	328.50
2016	12240	278	Heidelberg	-	Opponent Totals	-	-	-	-	2	220	3,671	396	616	151	4.08	16	19	2	11	5.50	78	39.00	308.00
2016	12240	1124	Hendrix	-	TEAM	-	-	-	-	2	-47	 	""	-47	2	0.00	 	 	 	 	""	 	""	0.00
2016	12240	1124	Hendrix	-	Totals	-	-	-	-	2	306	3,058	558	864	157	0.00	22	30	2	7	3.50	69	34.50	432.00
2016	12240	1124	Hendrix	-	Opponent Totals	-	-	-	-	2	414	4,142	426	840	161	5.22	24	16	 	18	9.00	148	74.00	420.00
2016	12240	281	Hiram	-	TEAM	-	-	-	-	2	-2	 	""	-2	2	0.00	 	 	 	 	""	 	""	0.00
2016	12240	281	Hiram	-	Totals	-	-	-	-	2	281	3,012	454	735	149	0.00	12	21	1	23	11.50	204	102.00	367.50
2016	12240	281	Hiram	-	Opponent Totals	-	-	-	-	2	436	4,188	234	670	152	4.41	20	10	6	16	8.00	120	60.00	335.00
2016	12240	282	Hobart	-	TEAM	-	-	-	-	3	-69	 	""	-69	6	0.00	 	 	 	 	""	 	""	0.00
2016	12240	282	Hobart	-	Totals	-	-	-	-	3	291	6,088	472	763	203	0.00	21	22	 	19	6.33	155	51.67	254.33
2016	12240	282	Hobart	-	Opponent Totals	-	-	-	-	3	176	4,712	384	560	186	3.01	10	17	7	20	6.67	140	46.67	186.67
2016	12240	286	Hope	-	TEAM	-	-	-	-	1	""	 	""	0	 	""	 	 	 	 	""	 	""	0.00
2016	12240	286	Hope	-	Totals	-	-	-	-	3	438	4,492	605	1,043	191	0.00	21	30	9	15	5.00	160	53.33	347.67
2016	12240	286	Hope	-	Opponent Totals	-	-	-	-	3	699	6,308	592	1,291	253	5.10	38	30	5	22	7.33	249	83.00	430.33
2016	12240	2741	Howard Payne	-	TEAM	-	-	-	-	1	""	 	""	0	 	""	 	 	 	 	""	 	""	0.00
2016	12240	2741	Howard Payne	-	Totals	-	-	-	-	3	412	5,652	756	1,168	262	0.00	27	35	6	23	7.67	186	62.00	389.33
2016	12240	2741	Howard Payne	-	Opponent Totals	-	-	-	-	3	467	5,148	727	1,194	218	5.48	21	23	6	32	10.67	249	83.00	398.00
2016	12240	1130	Huntingdon	-	Totals	-	-	-	-	2	578	3,982	582	1,160	164	0.00	32	24	5	15	7.50	150	75.00	580.00
2016	12240	1130	Huntingdon	-	Opponent Totals	-	-	-	-	2	236	3,218	351	587	111	5.29	15	14	5	9	4.50	87	43.50	293.50
2016	12240	1133	Husson	-	TEAM	-	-	-	-	2	-26	 	""	-26	2	0.00	 	 	 	 	""	 	""	0.00
2016	12240	1133	Husson	-	Totals	-	-	-	-	2	451	3,836	313	764	158	0.00	25	10	5	18	9.00	161	80.50	382.00
2016	12240	1133	Husson	-	Opponent Totals	-	-	-	-	2	134	3,364	220	354	125	2.83	9	9	3	22	11.00	154	77.00	177.00
2016	12240	300	Ill. Wesleyan	-	TEAM	-	-	-	-	2	-28	 	""	-28	6	0.00	 	 	 	 	""	 	""	0.00
2016	12240	300	Ill. Wesleyan	-	Totals	-	-	-	-	3	751	5,717	774	1,525	204	0.00	37	31	4	21	7.00	167	55.67	508.33
2016	12240	300	Ill. Wesleyan	-	Opponent Totals	-	-	-	-	3	256	5,083	576	832	209	3.98	16	34	2	11	3.67	100	33.33	277.33
2016	12240	297	Illinois Col.	-	TEAM	-	-	-	-	1	""	 	""	0	 	""	 	 	 	 	""	 	""	0.00
2016	12240	297	Illinois Col.	-	Totals	-	-	-	-	2	219	2,688	656	875	124	0.00	8	23	3	16	8.00	171	85.50	437.50
2016	12240	297	Illinois Col.	-	Opponent Totals	-	-	-	-	2	182	4,512	731	913	187	4.88	15	37	6	12	6.00	126	63.00	456.50
2016	12240	313	Ithaca	-	TEAM	-	-	-	-	1	-2	 	""	-2	1	0.00	 	 	 	 	""	 	""	0.00
2016	12240	313	Ithaca	-	Totals	-	-	-	-	2	125	3,768	460	585	125	0.00	4	25	3	17	8.50	151	75.50	292.50
2016	12240	313	Ithaca	-	Opponent Totals	-	-	-	-	2	130	3,432	315	445	142	3.13	11	17	3	6	3.00	39	19.50	222.50
2016	12240	320	John Carroll	-	TEAM	-	-	-	-	2	-7	 	""	-7	5	0.00	 	 	 	 	""	 	""	0.00
2016	12240	320	John Carroll	-	Totals	-	-	-	-	2	235	3,549	449	684	135	0.00	14	18	1	20	10.00	212	106.00	342.00
2016	12240	320	John Carroll	-	Opponent Totals	-	-	-	-	2	238	3,651	253	491	147	3.34	15	12	5	14	7.00	118	59.00	245.50
2016	12240	322	Johns Hopkins	-	TEAM	-	-	-	-	3	-20	 	""	-20	6	0.00	 	 	 	 	""	 	""	0.00
2016	12240	322	Johns Hopkins	-	Totals	-	-	-	-	3	866	5,925	790	1,656	232	0.00	46	35	2	16	5.33	171	57.00	552.00
2016	12240	322	Johns Hopkins	-	Opponent Totals	-	-	-	-	3	352	4,875	574	926	201	4.61	25	26	2	13	4.33	113	37.67	308.67
2016	12240	325	Juniata	-	TEAM	-	-	-	-	1	""	 	""	0	 	""	 	 	 	 	""	 	""	0.00
2016	12240	325	Juniata	-	Totals	-	-	-	-	3	300	5,317	722	1,022	208	0.00	17	32	4	14	4.67	118	39.33	340.67
2016	12240	325	Juniata	-	Opponent Totals	-	-	-	-	3	569	5,483	647	1,216	228	5.33	31	27	4	15	5.00	141	47.00	405.33
2016	12240	326	Kalamazoo	-	TEAM	-	-	-	-	3	-6	 	""	-6	2	0.00	 	 	 	 	""	 	""	0.00
2016	12240	326	Kalamazoo	-	Totals	-	-	-	-	3	463	5,607	769	1,232	266	0.00	25	39	6	30	10.00	264	88.00	410.67
2016	12240	326	Kalamazoo	-	Opponent Totals	-	-	-	-	3	253	5,193	735	988	230	4.30	12	29	10	23	7.67	250	83.33	329.33
2016	12240	329	Kean	-	TEAM	-	-	-	-	2	-8	 	""	-8	3	0.00	 	 	 	 	""	 	""	0.00
2016	12240	329	Kean	-	Totals	-	-	-	-	2	680	3,092	453	1,133	150	0.00	32	16	4	17	8.50	155	77.50	566.50
2016	12240	329	Kean	-	Opponent Totals	-	-	-	-	2	245	4,108	323	568	144	3.94	15	15	2	13	6.50	107	53.50	284.00
2016	12240	335	Kenyon	-	TEAM	-	-	-	-	2	-1	 	""	-1	1	0.00	 	 	 	 	""	 	""	0.00
2016	12240	335	Kenyon	-	Totals	-	-	-	-	3	653	5,624	395	1,048	211	0.00	26	14	7	14	4.67	147	49.00	349.33
2016	12240	335	Kenyon	-	Opponent Totals	-	-	-	-	3	531	5,176	489	1,020	195	5.23	26	20	1	22	7.33	180	60.00	340.00
2016	12240	336	King's (PA)	-	TEAM	-	-	-	-	1	""	 	""	0	 	""	 	 	 	 	""	 	""	0.00
2016	12240	336	King's (PA)	-	Totals	-	-	-	-	3	364	5,904	437	801	204	0.00	22	20	4	19	6.33	187	62.33	267.00
2016	12240	336	King's (PA)	-	Opponent Totals	-	-	-	-	3	425	4,896	715	1,140	224	5.09	23	32	2	15	5.00	144	48.00	380.00
2016	12240	337	Knox	-	Totals	-	-	-	-	2	278	3,712	503	781	134	0.00	9	24	2	11	5.50	85	42.50	390.50
2016	12240	337	Knox	-	Opponent Totals	-	-	-	-	2	535	3,488	198	733	122	6.01	25	8	3	9	4.50	63	31.50	366.50
2016	12240	341	La Verne	-	TEAM	-	-	-	-	1	-4	 	""	-4	1	0.00	 	 	 	 	""	 	""	0.00
2016	12240	341	La Verne	-	Totals	-	-	-	-	2	348	3,763	499	847	150	0.00	16	21	4	19	9.50	196	98.00	423.50
2016	12240	341	La Verne	-	Opponent Totals	-	-	-	-	2	303	3,437	589	892	144	6.19	19	21	6	15	7.50	142	71.00	446.00
2016	12240	1162	LaGrange	-	Totals	-	-	-	-	3	192	5,528	1,092	1,284	232	0.00	16	47	 	13	4.33	140	46.67	428.00
2016	12240	1162	LaGrange	-	Opponent Totals	-	-	-	-	3	640	5,272	442	1,082	213	5.08	35	20	7	10	3.33	85	28.33	360.67
2016	12240	344	Lake Forest	-	TEAM	-	-	-	-	1	-1	 	""	-1	1	0.00	 	 	 	 	""	 	""	0.00
2016	12240	344	Lake Forest	-	Totals	-	-	-	-	1	190	2,229	259	449	98	0.00	8	13	1	13	13.00	144	144.00	449.00
2016	12240	344	Lake Forest	-	Opponent Totals	-	-	-	-	1	161	1,371	331	492	80	6.15	7	12	5	5	5.00	45	45.00	492.00
2016	12240	1164	Lakeland	-	TEAM	-	-	-	-	2	""	 	""	0	 	""	 	 	 	 	""	 	""	0.00
2016	12240	1164	Lakeland	-	Totals	-	-	-	-	2	207	2,755	584	791	140	0.00	9	22	1	16	8.00	123	61.50	395.50
2016	12240	1164	Lakeland	-	Opponent Totals	-	-	-	-	2	587	4,445	426	1,013	193	5.25	39	23	7	7	3.50	60	30.00	506.50
2016	12240	348	Lawrence	-	TEAM	-	-	-	-	1	""	 	""	0	 	""	 	 	 	 	""	 	""	0.00
2016	12240	348	Lawrence	-	Totals	-	-	-	-	3	459	5,198	392	851	172	0.00	21	18	4	30	10.00	264	88.00	283.67
2016	12240	348	Lawrence	-	Opponent Totals	-	-	-	-	3	755	5,602	615	1,370	207	6.62	35	25	10	16	5.33	143	47.67	456.67
2016	12240	351	Lebanon Valley	-	TEAM	-	-	-	-	2	-13	 	""	-13	1	0.00	 	 	 	 	""	 	""	0.00
2016	12240	351	Lebanon Valley	-	Totals	-	-	-	-	3	828	5,371	446	1,274	219	0.00	46	21	4	7	2.33	88	29.33	424.67
2016	12240	351	Lebanon Valley	-	Opponent Totals	-	-	-	-	3	593	5,429	537	1,130	199	5.68	29	26	2	14	4.67	166	55.33	376.67
2016	12240	22235	Lewis & Clark	-	Totals	-	-	-	-	2	92	3,034	485	577	139	0.00	7	24	3	8	4.00	74	37.00	288.50
2016	12240	22235	Lewis & Clark	-	Opponent Totals	-	-	-	-	2	468	4,166	240	708	137	5.17	25	12	2	16	8.00	125	62.50	354.00
2016	12240	1179	Linfield	-	TEAM	-	-	-	-	1	-30	 	""	-30	2	0.00	 	 	 	 	""	 	""	0.00
2016	12240	1179	Linfield	-	Totals	-	-	-	-	1	146	1,738	264	410	65	0.00	8	10	1	9	9.00	80	80.00	410.00
2016	12240	1179	Linfield	-	Opponent Totals	-	-	-	-	1	98	1,862	175	273	64	4.27	6	6	2	6	6.00	45	45.00	273.00
2016	12240	364	Loras	-	TEAM	-	-	-	-	3	-7	 	""	-7	1	0.00	 	 	 	 	""	 	""	0.00
2016	12240	364	Loras	-	Totals	-	-	-	-	3	396	5,235	1,407	1,803	302	0.00	23	66	3	25	8.33	235	78.33	601.00
2016	12240	364	Loras	-	Opponent Totals	-	-	-	-	3	709	5,565	784	1,493	228	6.55	25	31	10	12	4.00	110	36.67	497.67
2016	12240	1182	Louisiana Col.	-	TEAM	-	-	-	-	2	-11	 	""	-11	1	0.00	 	 	 	 	""	 	""	0.00
2016	12240	1182	Louisiana Col.	-	Totals	-	-	-	-	2	228	2,783	367	595	110	0.00	13	15	4	16	8.00	155	77.50	297.50
2016	12240	1182	Louisiana Col.	-	Opponent Totals	-	-	-	-	2	692	4,417	479	1,171	162	7.23	38	19	9	13	6.50	130	65.00	585.50
2016	12240	372	Luther	-	TEAM	-	-	-	-	2	-10	 	""	-10	5	0.00	 	 	 	 	""	 	""	0.00
2016	12240	372	Luther	-	Totals	-	-	-	-	3	1,211	5,715	182	1,393	195	0.00	51	6	3	9	3.00	95	31.67	464.33
2016	12240	372	Luther	-	Opponent Totals	-	-	-	-	3	315	5,085	420	735	186	3.95	18	21	1	10	3.33	99	33.00	245.00
2016	12240	373	Lycoming	-	TEAM	-	-	-	-	1	-8	 	""	-8	3	0.00	 	 	 	 	""	 	""	0.00
2016	12240	373	Lycoming	-	Totals	-	-	-	-	3	547	5,579	523	1,070	213	0.00	31	27	4	17	5.67	149	49.67	356.67
2016	12240	373	Lycoming	-	Opponent Totals	-	-	-	-	3	247	5,221	923	1,170	219	5.34	17	41	4	13	4.33	135	45.00	390.00
2016	12240	398	MIT	-	Totals	-	-	-	-	3	412	5,004	561	973	209	0.00	19	27	3	19	6.33	164	54.67	324.33
2016	12240	398	MIT	-	Opponent Totals	-	-	-	-	3	732	5,796	670	1,402	236	5.94	37	31	3	23	7.67	215	71.67	467.33
2016	12240	377	MacMurray	-	TEAM	-	-	-	-	1	""	 	""	0	 	""	 	 	 	 	""	 	""	0.00
2016	12240	377	MacMurray	-	Totals	-	-	-	-	2	452	3,416	226	678	148	0.00	24	11	3	12	6.00	99	49.50	339.00
2016	12240	377	MacMurray	-	Opponent Totals	-	-	-	-	2	484	3,784	317	801	130	6.16	25	11	3	20	10.00	184	92.00	400.50
2016	12240	378	Maine Maritime	-	TEAM	-	-	-	-	1	""	 	""	0	 	""	 	 	 	 	""	 	""	0.00
2016	12240	378	Maine Maritime	-	Totals	-	-	-	-	2	691	3,642	172	863	133	0.00	26	4	2	16	8.00	111	55.50	431.50
2016	12240	378	Maine Maritime	-	Opponent Totals	-	-	-	-	2	703	3,558	329	1,032	157	6.57	29	13	4	10	5.00	110	55.00	516.00
2016	12240	1192	Manchester	-	TEAM	-	-	-	-	1	-1	 	""	-1	1	0.00	 	 	 	 	""	 	""	0.00
2016	12240	1192	Manchester	-	Totals	-	-	-	-	2	555	3,530	376	931	139	0.00	31	20	2	6	3.00	55	27.50	465.50
2016	12240	1192	Manchester	-	Opponent Totals	-	-	-	-	2	498	3,670	345	843	134	6.29	25	19	1	15	7.50	121	60.50	421.50
2016	12240	1194	Maranatha Baptist	-	Totals	-	-	-	-	2	92	3,206	285	377	121	0.00	9	11	10	12	6.00	88	44.00	188.50
2016	12240	1194	Maranatha Baptist	-	Opponent Totals	-	-	-	-	2	570	3,994	284	854	138	6.19	28	11	2	25	12.50	247	123.50	427.00
2016	12240	385	Marietta	-	TEAM	-	-	-	-	2	-5	 	""	-5	3	0.00	 	 	 	 	""	 	""	0.00
2016	12240	385	Marietta	-	Totals	-	-	-	-	2	366	3,372	363	729	146	0.00	16	21	5	20	10.00	191	95.50	364.50
2016	12240	385	Marietta	-	Opponent Totals	-	-	-	-	2	233	3,828	561	794	143	5.55	14	24	3	18	9.00	151	75.50	397.00
2016	12240	8597	Martin Luther	-	TEAM	-	-	-	-	1	""	 	0	0	2	0.00	 	 	 	 	""	 	""	0.00
2016	12240	8597	Martin Luther	-	Totals	-	-	-	-	3	706	5,832	557	1,263	213	0.00	40	18	1	20	6.67	154	51.33	421.00
2016	12240	8597	Martin Luther	-	Opponent Totals	-	-	-	-	3	565	4,968	557	1,122	173	6.49	30	21	3	22	7.33	169	56.33	374.00
2016	12240	1203	Mary Hardin-Baylor	-	TEAM	-	-	-	-	1	""	 	""	0	 	""	 	 	 	 	""	 	""	0.00
2016	12240	1203	Mary Hardin-Baylor	-	Totals	-	-	-	-	1	246	1,644	126	372	71	0.00	9	5	 	7	7.00	49	49.00	372.00
2016	12240	1203	Mary Hardin-Baylor	-	Opponent Totals	-	-	-	-	1	68	1,956	125	193	76	2.54	7	3	1	4	4.00	50	50.00	193.00
2016	12240	396	Maryville (TN)	-	TEAM	-	-	-	-	2	-2	 	""	-2	1	0.00	 	 	 	 	""	 	""	0.00
2016	12240	396	Maryville (TN)	-	Totals	-	-	-	-	3	592	5,578	520	1,112	218	0.00	29	25	5	20	6.67	183	61.00	370.67
2016	12240	396	Maryville (TN)	-	Opponent Totals	-	-	-	-	3	490	5,222	551	1,041	242	4.30	27	31	4	20	6.67	198	66.00	347.00
2016	12240	399	Mass. Maritime	-	TEAM	-	-	-	-	2	-10	 	""	-10	2	0.00	 	 	 	 	""	 	""	0.00
2016	12240	399	Mass. Maritime	-	Totals	-	-	-	-	2	717	3,207	470	1,187	166	0.00	32	21	3	9	4.50	100	50.00	593.50
2016	12240	399	Mass. Maritime	-	Opponent Totals	-	-	-	-	2	673	3,993	258	931	141	6.60	28	9	1	12	6.00	100	50.00	465.50
2016	12240	773	McDaniel	-	TEAM	-	-	-	-	2	-3	 	""	-3	1	0.00	 	 	 	 	""	 	""	0.00
2016	12240	773	McDaniel	-	Totals	-	-	-	-	3	437	4,846	488	925	237	0.00	25	23	2	25	8.33	273	91.00	308.33
2016	12240	773	McDaniel	-	Opponent Totals	-	-	-	-	3	759	5,954	687	1,446	252	5.74	43	31	5	17	5.67	143	47.67	482.00
2016	12240	724	Merchant Marine	-	TEAM	-	-	-	-	1	-2	 	""	-2	1	0.00	 	 	 	 	""	 	""	0.00
2016	12240	724	Merchant Marine	-	Totals	-	-	-	-	2	503	3,757	39	542	118	0.00	29	1	4	11	5.50	106	53.00	271.00
2016	12240	724	Merchant Marine	-	Opponent Totals	-	-	-	-	2	241	3,443	234	475	113	4.20	13	12	3	11	5.50	116	58.00	237.50
2016	12240	412	Methodist	-	TEAM	-	-	-	-	3	-6	 	0	-6	6	0.00	 	 	 	 	""	 	""	0.00
2016	12240	412	Methodist	-	Totals	-	-	-	-	3	235	4,482	586	821	217	0.00	19	24	4	26	8.67	190	63.33	273.67
2016	12240	412	Methodist	-	Opponent Totals	-	-	-	-	3	521	6,318	637	1,158	252	4.60	31	21	11	16	5.33	188	62.67	386.00
2016	12240	424	Millikin	-	TEAM	-	-	-	-	2	-10	 	""	-10	2	0.00	 	 	 	 	""	 	""	0.00
2016	12240	424	Millikin	-	Totals	-	-	-	-	2	203	3,371	496	699	129	0.00	9	19	6	17	8.50	190	95.00	349.50
2016	12240	424	Millikin	-	Opponent Totals	-	-	-	-	2	271	3,829	408	679	166	4.09	16	20	2	15	7.50	99	49.50	339.50
2016	12240	426	Millsaps	-	TEAM	-	-	-	-	2	0	 	""	0	2	0.00	 	 	 	 	""	 	""	0.00
2016	12240	426	Millsaps	-	Totals	-	-	-	-	3	565	5,607	412	977	221	0.00	29	19	8	18	6.00	155	51.67	325.67
2016	12240	426	Millsaps	-	Opponent Totals	-	-	-	-	3	438	5,193	1,050	1,488	224	6.64	21	45	5	32	10.67	303	101.00	496.00
2016	12240	1226	Minn.-Morris	-	TEAM	-	-	-	-	3	-1	 	""	-1	1	0.00	 	 	 	 	""	 	""	0.00
2016	12240	1226	Minn.-Morris	-	Totals	-	-	-	-	3	188	5,113	261	449	176	0.00	10	11	9	13	4.33	119	39.67	149.67
2016	12240	1226	Minn.-Morris	-	Opponent Totals	-	-	-	-	3	624	5,687	556	1,180	220	5.36	29	29	4	30	10.00	280	93.33	393.33
2016	12240	16142	Misericordia	-	TEAM	-	-	-	-	1	-1	 	""	-1	1	0.00	 	 	 	 	""	 	""	0.00
2016	12240	16142	Misericordia	-	Totals	-	-	-	-	1	233	1,803	89	322	60	0.00	11	6	6	3	3.00	42	42.00	322.00
2016	12240	16142	Misericordia	-	Opponent Totals	-	-	-	-	1	221	1,797	263	484	72	6.72	10	11	2	8	8.00	76	76.00	484.00
2016	12240	438	Monmouth (IL)	-	TEAM	-	-	-	-	1	-7	 	0	-7	3	0.00	 	 	 	 	""	 	""	0.00
2016	12240	438	Monmouth (IL)	-	Totals	-	-	-	-	2	362	4,047	442	804	170	0.00	22	24	4	12	6.00	93	46.50	402.00
2016	12240	438	Monmouth (IL)	-	Opponent Totals	-	-	-	-	2	228	3,153	418	646	130	4.97	15	18	5	8	4.00	80	40.00	323.00
2016	12240	442	Montclair St.	-	Totals	-	-	-	-	2	195	3,487	563	758	129	0.00	11	21	3	12	6.00	106	53.00	379.00
2016	12240	442	Montclair St.	-	Opponent Totals	-	-	-	-	2	499	3,713	377	876	130	6.74	25	16	 	15	7.50	112	56.00	438.00
2016	12240	443	Moravian	-	TEAM	-	-	-	-	2	-28	 	0	-28	7	0.00	 	 	 	 	""	 	""	0.00
2016	12240	443	Moravian	-	Totals	-	-	-	-	2	392	3,473	319	711	147	0.00	18	11	3	12	6.00	118	59.00	355.50
2016	12240	443	Moravian	-	Opponent Totals	-	-	-	-	2	191	3,727	337	528	154	3.43	14	14	2	15	7.50	194	97.00	264.00
2016	12240	30067	Morrisville St.	-	TEAM	-	-	-	-	1	-1	 	""	-1	1	0.00	 	 	 	 	""	 	""	0.00
2016	12240	30067	Morrisville St.	-	Totals	-	-	-	-	2	227	2,907	463	690	124	0.00	16	13	4	20	10.00	136	68.00	345.00
2016	12240	30067	Morrisville St.	-	Opponent Totals	-	-	-	-	2	239	4,293	539	778	153	5.08	14	26	4	18	9.00	128	64.00	389.00
2016	12240	27901	Mount Ida	-	TEAM	-	-	-	-	2	-33	 	""	-33	4	0.00	 	 	 	 	""	 	""	0.00
2016	12240	27901	Mount Ida	-	Totals	-	-	-	-	3	415	5,599	388	803	190	0.00	22	16	4	21	7.00	169	56.33	267.67
2016	12240	27901	Mount Ida	-	Opponent Totals	-	-	-	-	3	687	5,201	496	1,183	192	6.16	28	22	6	18	6.00	223	74.33	394.33
2016	12240	452	Mount Union	-	TEAM	-	-	-	-	1	0	 	""	0	2	0.00	 	 	 	 	""	 	""	0.00
2016	12240	452	Mount Union	-	Totals	-	-	-	-	2	650	3,806	396	1,046	153	0.00	33	16	6	12	6.00	130	65.00	523.00
2016	12240	452	Mount Union	-	Opponent Totals	-	-	-	-	2	57	3,394	81	138	105	1.31	6	3	1	10	5.00	90	45.00	69.00
2016	12240	8567	Mt. St. Joseph	-	TEAM	-	-	-	-	2	-16	 	""	-16	2	0.00	 	 	 	 	""	 	""	0.00
2016	12240	8567	Mt. St. Joseph	-	Totals	-	-	-	-	2	335	3,064	544	879	134	0.00	10	20	6	20	10.00	289	144.50	439.50
2016	12240	8567	Mt. St. Joseph	-	Opponent Totals	-	-	-	-	2	426	4,136	307	733	158	4.64	22	14	5	15	7.50	139	69.50	366.50
2016	12240	453	Muhlenberg	-	TEAM	-	-	-	-	3	-4	 	0	-4	4	0.00	 	 	 	 	""	 	""	0.00
2016	12240	453	Muhlenberg	-	Totals	-	-	-	-	3	765	6,270	586	1,351	234	0.00	39	34	1	19	6.33	144	48.00	450.33
2016	12240	453	Muhlenberg	-	Opponent Totals	-	-	-	-	3	203	4,530	482	685	205	3.34	12	23	3	11	3.67	102	34.00	228.33
2016	12240	455	Muskingum	-	TEAM	-	-	-	-	1	-11	 	""	-11	1	0.00	 	 	 	 	""	 	""	0.00
2016	12240	455	Muskingum	-	Totals	-	-	-	-	2	210	3,593	182	392	120	0.00	12	9	2	13	6.50	106	53.00	196.00
2016	12240	455	Muskingum	-	Opponent Totals	-	-	-	-	2	530	3,607	372	902	147	6.14	28	16	5	10	5.00	116	58.00	451.00
2016	12240	491	N.C. Wesleyan	-	TEAM	-	-	-	-	1	0	 	""	0	1	0.00	 	 	 	 	""	 	""	0.00
2016	12240	491	N.C. Wesleyan	-	Totals	-	-	-	-	3	218	5,101	654	872	198	0.00	11	33	9	14	4.67	110	36.67	290.67
2016	12240	491	N.C. Wesleyan	-	Opponent Totals	-	-	-	-	3	731	5,699	401	1,132	231	4.90	38	19	 	24	8.00	227	75.67	377.33
2016	12240	462	Neb. Wesleyan	-	TEAM	-	-	-	-	3	-1	 	""	-1	1	0.00	 	 	 	 	""	 	""	0.00
2016	12240	462	Neb. Wesleyan	-	Totals	-	-	-	-	3	253	5,388	510	763	197	0.00	13	21	6	20	6.67	159	53.00	254.33
2016	12240	462	Neb. Wesleyan	-	Opponent Totals	-	-	-	-	3	529	5,412	858	1,387	228	6.08	25	36	7	20	20.00	173	173.00	1,387.00
2016	12240	484	Nichols	-	TEAM	-	-	-	-	1	""	 	""	0	 	""	 	 	 	 	""	 	""	0.00
2016	12240	484	Nichols	-	Totals	-	-	-	-	3	369	5,009	761	1,130	200	0.00	21	21	5	24	8.00	209	69.67	376.67
2016	12240	484	Nichols	-	Opponent Totals	-	-	-	-	3	461	5,791	644	1,105	220	5.02	28	26	5	18	6.00	223	74.33	368.33
2016	12240	492	North Central (IL)	-	TEAM	-	-	-	-	1	-4	 	""	-4	3	0.00	 	 	 	 	""	 	""	0.00
2016	12240	492	North Central (IL)	-	Totals	-	-	-	-	2	499	3,509	296	795	134	0.00	24	12	4	15	7.50	127	63.50	397.50
2016	12240	492	North Central (IL)	-	Opponent Totals	-	-	-	-	2	200	3,691	473	673	160	4.21	10	26	5	10	5.00	119	59.50	336.50
2016	12240	496	North Park	-	TEAM	-	-	-	-	2	-5	 	""	-5	2	0.00	 	 	 	 	""	 	""	0.00
2016	12240	496	North Park	-	Totals	-	-	-	-	3	240	4,986	721	961	224	0.00	13	37	5	11	3.67	96	32.00	320.33
2016	12240	496	North Park	-	Opponent Totals	-	-	-	-	3	470	5,814	703	1,173	224	5.24	34	31	6	16	5.33	135	45.00	391.00
2016	12240	30031	Northwestern-St. Paul	-	TEAM	-	-	-	-	3	-8	 	""	-8	5	0.00	 	 	 	 	""	 	""	0.00
2016	12240	30031	Northwestern-St. Paul	-	Totals	-	-	-	-	3	476	5,424	528	1,004	199	0.00	27	20	3	21	7.00	182	60.67	334.67
2016	12240	30031	Northwestern-St. Paul	-	Opponent Totals	-	-	-	-	3	232	5,376	434	666	194	3.43	16	19	4	13	4.33	107	35.67	222.00
2016	12240	511	Norwich	-	TEAM	-	-	-	-	3	-32	 	""	-32	2	0.00	 	 	 	 	""	 	""	0.00
2016	12240	511	Norwich	-	Totals	-	-	-	-	3	339	5,174	511	850	218	0.00	19	26	5	15	5.00	127	42.33	283.33
2016	12240	511	Norwich	-	Opponent Totals	-	-	-	-	3	536	5,626	602	1,138	191	5.96	22	25	4	26	8.67	299	99.67	379.33
2016	12240	516	Occidental	-	TEAM	-	-	-	-	1	""	 	""	0	 	""	 	 	 	 	""	 	""	0.00
2016	12240	516	Occidental	-	Totals	-	-	-	-	1	132	2,052	421	553	78	0.00	6	18	1	12	12.00	151	151.00	553.00
2016	12240	516	Occidental	-	Opponent Totals	-	-	-	-	1	51	1,548	472	523	69	7.58	2	17	8	10	10.00	99	99.00	523.00
2016	12240	517	Ohio Northern	-	TEAM	-	-	-	-	2	-28	 	""	-28	1	0.00	 	 	 	 	""	 	""	0.00
2016	12240	517	Ohio Northern	-	Totals	-	-	-	-	2	338	3,970	593	931	143	0.00	19	21	1	10	5.00	70	35.00	465.50
2016	12240	517	Ohio Northern	-	Opponent Totals	-	-	-	-	2	276	3,230	439	715	132	5.42	17	17	1	4	2.00	40	20.00	357.50
2016	12240	520	Ohio Wesleyan	-	TEAM	-	-	-	-	1	-10	 	""	-10	1	0.00	 	 	 	 	""	 	""	0.00
2016	12240	520	Ohio Wesleyan	-	Totals	-	-	-	-	2	102	3,430	425	527	148	0.00	9	16	6	9	4.50	79	39.50	263.50
2016	12240	520	Ohio Wesleyan	-	Opponent Totals	-	-	-	-	2	347	3,770	564	911	155	5.88	16	23	 	18	9.00	180	90.00	455.50
2016	12240	525	Olivet	-	TEAM	-	-	-	-	3	-6	 	""	-6	7	0.00	 	 	 	 	""	 	""	0.00
2016	12240	525	Olivet	-	Totals	-	-	-	-	3	780	6,072	739	1,519	245	0.00	44	34	4	26	8.67	238	79.33	506.33
2016	12240	525	Olivet	-	Opponent Totals	-	-	-	-	3	216	4,728	506	722	176	4.10	11	20	6	21	7.00	174	58.00	240.67
2016	12240	531	Otterbein	-	TEAM	-	-	-	-	1	-13	 	""	-13	1	0.00	 	 	 	 	""	 	""	0.00
2016	12240	531	Otterbein	-	Totals	-	-	-	-	2	154	3,114	270	424	118	0.00	11	15	1	14	7.00	110	55.00	212.00
2016	12240	531	Otterbein	-	Opponent Totals	-	-	-	-	2	520	4,086	348	868	143	6.07	23	20	2	16	8.00	129	64.50	434.00
2016	12240	2751	Pacific (OR)	-	TEAM	-	-	-	-	2	-30	 	""	-30	3	0.00	 	 	 	 	""	 	""	0.00
2016	12240	2751	Pacific (OR)	-	Totals	-	-	-	-	2	151	3,504	622	773	130	0.00	10	28	4	12	6.00	104	52.00	386.50
2016	12240	2751	Pacific (OR)	-	Opponent Totals	-	-	-	-	2	259	3,696	588	847	126	6.72	17	24	2	15	7.50	125	62.50	423.50
2016	12240	548	Plymouth St.	-	TEAM	-	-	-	-	2	-7	 	""	-7	2	0.00	 	 	 	 	""	 	""	0.00
2016	12240	548	Plymouth St.	-	Totals	-	-	-	-	3	363	5,635	336	699	174	0.00	16	12	6	15	5.00	191	63.67	233.00
2016	12240	548	Plymouth St.	-	Opponent Totals	-	-	-	-	3	324	5,165	792	1,116	208	5.37	18	32	5	21	7.00	196	65.33	372.00
2016	12240	549	Pomona-Pitzer	-	TEAM	-	-	-	-	1	-2	 	""	-2	2	0.00	 	 	 	 	""	 	""	0.00
2016	12240	549	Pomona-Pitzer	-	Totals	-	-	-	-	2	187	3,825	426	613	144	0.00	18	23	4	17	8.50	116	58.00	306.50
2016	12240	549	Pomona-Pitzer	-	Opponent Totals	-	-	-	-	2	188	3,375	342	530	139	3.81	13	16	1	10	5.00	88	44.00	265.00
2016	12240	557	Puget Sound	-	TEAM	-	-	-	-	2	-2	 	""	-2	1	0.00	 	 	 	 	""	 	""	0.00
2016	12240	557	Puget Sound	-	Totals	-	-	-	-	2	175	3,352	825	1,000	151	0.00	9	32	12	14	7.00	122	61.00	500.00
2016	12240	557	Puget Sound	-	Opponent Totals	-	-	-	-	2	291	3,848	643	934	149	6.27	17	26	4	22	11.00	284	142.00	467.00
2016	12240	565	Randolph-Macon	-	TEAM	-	-	-	-	1	-2	 	""	-2	1	0.00	 	 	 	 	""	 	""	0.00
2016	12240	565	Randolph-Macon	-	Totals	-	-	-	-	3	677	5,599	734	1,411	242	0.00	38	26	5	12	4.00	99	33.00	470.33
2016	12240	565	Randolph-Macon	-	Opponent Totals	-	-	-	-	3	609	5,201	744	1,353	223	6.07	30	30	2	18	6.00	196	65.33	451.00
2016	12240	567	Redlands	-	TEAM	-	-	-	-	2	""	 	""	0	 	""	 	 	 	 	""	 	""	0.00
2016	12240	567	Redlands	-	Totals	-	-	-	-	2	233	3,615	402	635	143	0.00	13	15	4	19	9.50	171	85.50	317.50
2016	12240	567	Redlands	-	Opponent Totals	-	-	-	-	2	268	3,585	671	939	174	5.40	16	28	5	16	8.00	126	63.00	469.50
2016	12240	570	Rensselaer	-	TEAM	-	-	-	-	3	-13	 	0	-13	4	0.00	 	 	 	 	""	 	""	0.00
2016	12240	570	Rensselaer	-	Totals	-	-	-	-	3	614	6,156	571	1,185	233	0.00	24	27	7	28	9.33	297	99.00	395.00
2016	12240	570	Rensselaer	-	Opponent Totals	-	-	-	-	3	274	4,644	404	678	195	3.48	16	15	4	25	8.33	242	80.67	226.00
2016	12240	573	Rhodes	-	TEAM	-	-	-	-	2	-34	 	""	-34	2	0.00	 	 	 	 	""	 	""	0.00
2016	12240	573	Rhodes	-	Totals	-	-	-	-	3	347	4,774	602	949	197	0.00	23	22	3	20	6.67	180	60.00	316.33
2016	12240	573	Rhodes	-	Opponent Totals	-	-	-	-	3	145	6,026	518	663	210	3.16	16	24	7	23	7.67	198	66.00	221.00
2016	12240	577	Ripon	-	TEAM	-	-	-	-	1	-1	 	""	-1	1	0.00	 	 	 	 	""	 	""	0.00
2016	12240	577	Ripon	-	Totals	-	-	-	-	2	220	3,631	147	367	132	0.00	15	8	3	8	4.00	94	47.00	183.50
2016	12240	577	Ripon	-	Opponent Totals	-	-	-	-	2	143	3,569	425	568	119	4.77	11	16	1	14	7.00	123	61.50	284.00
2016	12240	581	Rochester (NY)	-	TEAM	-	-	-	-	1	""	 	""	0	 	""	 	 	 	 	""	 	""	0.00
2016	12240	581	Rochester (NY)	-	Totals	-	-	-	-	2	525	3,454	541	1,066	156	0.00	30	20	7	14	7.00	104	52.00	533.00
2016	12240	581	Rochester (NY)	-	Opponent Totals	-	-	-	-	2	76	3,746	460	536	150	3.57	9	22	4	11	5.50	91	45.50	268.00
2016	12240	582	Rockford	-	TEAM	-	-	-	-	2	-1	 	""	-1	2	0.00	 	 	 	 	""	 	""	0.00
2016	12240	582	Rockford	-	Totals	-	-	-	-	2	520	3,887	360	880	123	0.00	21	14	2	13	6.50	102	51.00	440.00
2016	12240	582	Rockford	-	Opponent Totals	-	-	-	-	2	185	3,313	121	306	111	2.76	12	6	3	9	4.50	77	38.50	153.00
2016	12240	585	Rose-Hulman	-	TEAM	-	-	-	-	2	-1	 	0	-1	2	0.00	 	 	 	 	""	 	""	0.00
2016	12240	585	Rose-Hulman	-	Totals	-	-	-	-	3	475	6,157	1,148	1,623	284	0.00	22	57	11	15	5.00	176	58.67	541.00
2016	12240	585	Rose-Hulman	-	Opponent Totals	-	-	-	-	3	341	4,643	537	878	208	4.22	17	20	6	29	9.67	301	100.33	292.67
2016	12240	259	Rowan	-	TEAM	-	-	-	-	1	""	 	""	0	 	""	 	 	 	 	""	 	""	0.00
2016	12240	259	Rowan	-	Totals	-	-	-	-	2	367	4,412	200	567	125	0.00	18	8	6	14	7.00	145	72.50	283.50
2016	12240	259	Rowan	-	Opponent Totals	-	-	-	-	2	127	2,788	374	501	134	3.74	11	20	5	12	6.00	135	67.50	250.50
2016	12240	168	SUNY Cortland	-	TEAM	-	-	-	-	2	-4	 	""	-4	3	0.00	 	 	 	 	""	 	""	0.00
2016	12240	168	SUNY Cortland	-	Totals	-	-	-	-	3	379	4,741	834	1,213	214	0.00	20	35	7	21	7.00	161	53.67	404.33
2016	12240	168	SUNY Cortland	-	Opponent Totals	-	-	-	-	3	367	6,059	863	1,230	239	5.15	23	41	5	29	9.67	252	84.00	410.00
2016	12240	478	SUNY Maritime	-	TEAM	-	-	-	-	2	-6	 	""	-6	3	0.00	 	 	 	 	""	 	""	0.00
2016	12240	478	SUNY Maritime	-	Totals	-	-	-	-	3	645	5,994	398	1,043	201	0.00	33	17	4	14	4.67	172	57.33	347.67
2016	12240	478	SUNY Maritime	-	Opponent Totals	-	-	-	-	3	605	4,806	387	992	189	5.25	32	15	7	18	6.00	158	52.67	330.67
2016	12240	602	Saint John's (MN)	-	TEAM	-	-	-	-	1	-8	 	""	-8	1	0.00	 	 	 	 	""	 	""	0.00
2016	12240	602	Saint John's (MN)	-	Totals	-	-	-	-	1	220	1,692	184	404	67	0.00	9	11	1	7	7.00	54	54.00	404.00
2016	12240	602	Saint John's (MN)	-	Opponent Totals	-	-	-	-	1	152	1,908	159	311	70	4.44	8	8	 	10	10.00	110	110.00	311.00
2016	12240	30064	Saint Vincent	-	TEAM	-	-	-	-	3	-1	 	""	-1	1	0.00	 	 	 	 	""	 	""	0.00
2016	12240	30064	Saint Vincent	-	Totals	-	-	-	-	3	217	5,286	713	930	201	0.00	16	28	5	26	8.67	257	85.67	310.00
2016	12240	30064	Saint Vincent	-	Opponent Totals	-	-	-	-	3	486	5,514	698	1,184	204	5.80	22	28	10	34	11.33	338	112.67	394.67
2016	12240	622	Salisbury	-	TEAM	-	-	-	-	1	""	 	0	0	1	0.00	 	 	 	 	""	 	""	0.00
2016	12240	622	Salisbury	-	Totals	-	-	-	-	2	638	3,536	289	927	115	0.00	26	8	1	14	7.00	117	58.50	463.50
2016	12240	622	Salisbury	-	Opponent Totals	-	-	-	-	2	155	3,664	608	763	141	5.41	9	24	3	14	7.00	100	50.00	381.50
2016	12240	623	Salve Regina	-	TEAM	-	-	-	-	2	0	 	""	0	2	0.00	 	 	 	 	""	 	""	0.00
2016	12240	623	Salve Regina	-	Totals	-	-	-	-	2	536	4,401	578	1,114	154	0.00	28	21	2	18	9.00	174	87.00	557.00
2016	12240	623	Salve Regina	-	Opponent Totals	-	-	-	-	2	180	2,799	480	660	123	5.37	11	15	3	12	6.00	137	68.50	330.00
2016	12240	652	Sewanee	-	TEAM	-	-	-	-	2	0	 	""	0	1	0.00	 	 	 	 	""	 	""	0.00
2016	12240	652	Sewanee	-	Totals	-	-	-	-	3	478	6,509	362	840	219	0.00	35	15	5	18	6.00	158	52.67	280.00
2016	12240	652	Sewanee	-	Opponent Totals	-	-	-	-	3	691	4,291	277	968	156	6.21	24	8	4	14	4.67	183	61.00	322.67
2016	12240	637	Shenandoah	-	TEAM	-	-	-	-	1	""	 	""	0	 	""	 	 	 	 	""	 	""	0.00
2016	12240	637	Shenandoah	-	Totals	-	-	-	-	3	722	5,408	665	1,387	229	0.00	37	33	2	22	7.33	215	71.67	462.33
2016	12240	637	Shenandoah	-	Opponent Totals	-	-	-	-	3	348	5,392	581	929	189	4.92	17	26	7	16	5.33	137	45.67	309.67
2016	12240	641	Simpson	-	TEAM	-	-	-	-	1	-13	 	""	-13	2	0.00	 	 	 	 	""	 	""	0.00
2016	12240	641	Simpson	-	Totals	-	-	-	-	1	210	1,672	145	355	65	0.00	11	6	1	3	3.00	21	21.00	355.00
2016	12240	641	Simpson	-	Opponent Totals	-	-	-	-	1	142	1,928	125	267	58	4.60	8	7	2	3	3.00	23	23.00	267.00
2016	12240	8746	Southwestern (TX)	-	TEAM	-	-	-	-	3	-36	 	""	-36	6	0.00	 	 	 	 	""	 	""	0.00
2016	12240	8746	Southwestern (TX)	-	Totals	-	-	-	-	3	298	5,970	533	831	216	0.00	18	21	3	18	6.00	152	50.67	277.00
2016	12240	8746	Southwestern (TX)	-	Opponent Totals	-	-	-	-	3	557	4,830	708	1,265	196	6.45	22	22	5	19	6.33	232	77.33	421.67
2016	12240	673	Springfield	-	TEAM	-	-	-	-	2	-3	 	""	-3	3	0.00	 	 	 	 	""	 	""	0.00
2016	12240	673	Springfield	-	Totals	-	-	-	-	3	999	5,848	158	1,157	184	0.00	41	5	6	19	6.33	196	65.33	385.67
2016	12240	673	Springfield	-	Opponent Totals	-	-	-	-	3	541	4,952	440	981	195	5.03	30	20	7	22	7.33	169	56.33	327.00
2016	12240	601	St. John Fisher	-	Totals	-	-	-	-	2	144	3,577	346	490	128	0.00	12	14	3	12	6.00	113	56.50	245.00
2016	12240	601	St. John Fisher	-	Opponent Totals	-	-	-	-	2	333	3,623	670	1,003	145	6.92	15	27	5	21	10.50	155	77.50	501.50
2016	12240	607	St. Lawrence	-	TEAM	-	-	-	-	2	-4	 	0	-4	3	0.00	 	 	 	 	""	 	""	0.00
2016	12240	607	St. Lawrence	-	Totals	-	-	-	-	3	217	5,682	761	978	198	0.00	13	37	4	16	5.33	178	59.33	326.00
2016	12240	607	St. Lawrence	-	Opponent Totals	-	-	-	-	3	424	5,118	549	973	208	4.68	23	23	3	20	6.67	164	54.67	324.33
2016	12240	614	St. Norbert	-	TEAM	-	-	-	-	1	""	 	""	0	 	""	 	 	 	 	""	 	""	0.00
2016	12240	614	St. Norbert	-	Totals	-	-	-	-	1	165	1,817	191	356	56	0.00	5	8	1	2	2.00	20	20.00	356.00
2016	12240	614	St. Norbert	-	Opponent Totals	-	-	-	-	1	140	1,783	246	386	77	5.01	9	13	 	3	3.00	25	25.00	386.00
2016	12240	615	St. Olaf	-	TEAM	-	-	-	-	2	-1	 	""	-1	2	0.00	 	 	 	 	""	 	""	0.00
2016	12240	615	St. Olaf	-	Totals	-	-	-	-	3	424	4,727	377	801	181	0.00	17	24	1	8	2.67	75	25.00	267.00
2016	12240	615	St. Olaf	-	Opponent Totals	-	-	-	-	3	969	6,073	275	1,244	209	5.95	48	14	3	12	4.00	99	33.00	414.67
2016	12240	618	St. Scholastica	-	TEAM	-	-	-	-	3	-47	 	""	-47	2	0.00	 	 	 	 	""	 	""	0.00
2016	12240	618	St. Scholastica	-	Totals	-	-	-	-	3	368	5,987	690	1,058	211	0.00	23	31	6	26	8.67	256	85.33	352.67
2016	12240	618	St. Scholastica	-	Opponent Totals	-	-	-	-	3	408	4,813	384	792	177	4.47	21	15	2	22	7.33	256	85.33	264.00
2016	12240	620	St. Thomas (MN)	-	TEAM	-	-	-	-	1	-13	 	""	-13	1	0.00	 	 	 	 	""	 	""	0.00
2016	12240	620	St. Thomas (MN)	-	Totals	-	-	-	-	2	293	3,536	832	1,125	151	0.00	14	28	5	15	7.50	132	66.00	562.50
2016	12240	620	St. Thomas (MN)	-	Opponent Totals	-	-	-	-	2	111	3,664	245	356	109	3.27	6	10	3	15	7.50	121	60.50	178.00
2016	12240	21852	Stevenson	-	TEAM	-	-	-	-	1	-5	 	""	-5	1	0.00	 	 	 	 	""	 	""	0.00
2016	12240	21852	Stevenson	-	Totals	-	-	-	-	2	197	3,076	457	654	120	0.00	7	16	 	12	6.00	135	67.50	327.00
2016	12240	21852	Stevenson	-	Opponent Totals	-	-	-	-	2	260	4,124	347	607	149	4.07	16	18	4	8	4.00	50	25.00	303.50
2016	12240	1390	Sul Ross St.	-	TEAM	-	-	-	-	1	""	 	""	0	 	""	 	 	 	 	""	 	""	0.00
2016	12240	1390	Sul Ross St.	-	Totals	-	-	-	-	2	222	3,223	542	764	134	0.00	8	23	1	18	9.00	175	87.50	382.00
2016	12240	1390	Sul Ross St.	-	Opponent Totals	-	-	-	-	2	358	3,977	616	974	155	6.28	18	29	9	14	7.00	164	82.00	487.00
2016	12240	685	Susquehanna	-	TEAM	-	-	-	-	1	-1	 	""	-1	1	0.00	 	 	 	 	""	 	""	0.00
2016	12240	685	Susquehanna	-	Totals	-	-	-	-	3	287	5,047	709	996	195	0.00	19	34	4	15	5.00	119	39.67	332.00
2016	12240	685	Susquehanna	-	Opponent Totals	-	-	-	-	3	832	5,753	486	1,318	233	5.66	44	27	2	22	7.33	186	62.00	439.33
2016	12240	712	TCNJ	-	TEAM	-	-	-	-	2	0	 	""	0	1	0.00	 	 	 	 	""	 	""	0.00
2016	12240	712	TCNJ	-	Totals	-	-	-	-	3	226	5,600	699	925	202	0.00	15	30	5	16	5.33	158	52.67	308.33
2016	12240	712	TCNJ	-	Opponent Totals	-	-	-	-	3	613	5,200	858	1,471	217	6.78	31	31	5	24	8.00	225	75.00	490.33
2016	12240	1400	Texas Lutheran	-	TEAM	-	-	-	-	1	""	 	""	0	 	""	 	 	 	 	""	 	""	0.00
2016	12240	1400	Texas Lutheran	-	Totals	-	-	-	-	3	692	6,203	911	1,603	245	0.00	39	35	16	28	9.33	286	95.33	534.33
2016	12240	1400	Texas Lutheran	-	Opponent Totals	-	-	-	-	3	387	4,597	715	1,102	189	5.83	20	26	7	31	10.33	312	104.00	367.33
2016	12240	707	Thiel	-	TEAM	-	-	-	-	3	-1	 	""	-1	1	0.00	 	 	 	 	""	 	""	0.00
2016	12240	707	Thiel	-	Totals	-	-	-	-	3	518	6,609	599	1,117	226	0.00	23	27	8	18	6.00	139	46.33	372.33
2016	12240	707	Thiel	-	Opponent Totals	-	-	-	-	3	507	4,191	798	1,305	155	8.42	20	27	3	29	9.67	284	94.67	435.00
2016	12240	1402	Thomas More	-	TEAM	-	-	-	-	2	-31	 	""	-31	5	0.00	 	 	 	 	""	 	""	0.00
2016	12240	1402	Thomas More	-	Totals	-	-	-	-	3	786	5,225	1,012	1,798	197	0.00	37	36	2	23	7.67	214	71.33	599.33
2016	12240	1402	Thomas More	-	Opponent Totals	-	-	-	-	3	191	5,575	447	638	196	3.26	10	19	3	12	4.00	105	35.00	212.67
2016	12240	30037	Trine	-	TEAM	-	-	-	-	3	-7	 	""	-7	4	0.00	 	 	 	 	""	 	""	0.00
2016	12240	30037	Trine	-	Totals	-	-	-	-	3	858	5,412	376	1,234	200	0.00	39	20	2	20	6.67	181	60.33	411.33
2016	12240	30037	Trine	-	Opponent Totals	-	-	-	-	3	561	5,388	561	1,122	221	5.08	36	24	5	13	4.33	101	33.67	374.00
2016	12240	715	Trinity (TX)	-	TEAM	-	-	-	-	2	-3	 	""	-3	2	0.00	 	 	 	 	""	 	""	0.00
2016	12240	715	Trinity (TX)	-	Totals	-	-	-	-	3	520	5,882	700	1,220	218	0.00	24	33	4	27	9.00	275	91.67	406.67
2016	12240	715	Trinity (TX)	-	Opponent Totals	-	-	-	-	3	310	4,918	709	1,019	224	4.55	16	36	9	23	7.67	271	90.33	339.67
2016	12240	656	UMass Dartmouth	-	TEAM	-	-	-	-	1	""	 	""	0	 	""	 	 	 	 	""	 	""	0.00
2016	12240	656	UMass Dartmouth	-	Totals	-	-	-	-	3	619	4,908	947	1,566	210	0.00	28	36	5	30	10.00	275	91.67	522.00
2016	12240	656	UMass Dartmouth	-	Opponent Totals	-	-	-	-	3	720	5,892	506	1,226	205	5.98	28	17	7	18	6.00	155	51.67	408.67
2016	12240	727	Union (NY)	-	TEAM	-	-	-	-	1	-30	 	""	-30	1	0.00	 	 	 	 	""	 	""	0.00
2016	12240	727	Union (NY)	-	Totals	-	-	-	-	3	318	4,828	529	847	220	0.00	21	26	12	20	6.67	159	53.00	282.33
2016	12240	727	Union (NY)	-	Opponent Totals	-	-	-	-	3	661	5,972	822	1,483	229	6.48	36	40	3	38	12.67	380	126.67	494.33
2016	12240	730	Ursinus	-	TEAM	-	-	-	-	2	""	 	""	0	 	""	 	 	 	 	""	 	""	0.00
2016	12240	730	Ursinus	-	Totals	-	-	-	-	3	347	5,390	573	920	220	0.00	19	25	4	12	4.00	122	40.67	306.67
2016	12240	730	Ursinus	-	Opponent Totals	-	-	-	-	3	554	5,410	460	1,014	233	4.35	24	23	5	22	7.33	246	82.00	338.00
2016	12240	733	Utica	-	TEAM	-	-	-	-	3	-3	 	""	-3	3	0.00	 	 	 	 	""	 	""	0.00
2016	12240	733	Utica	-	Totals	-	-	-	-	3	511	5,656	876	1,387	227	0.00	25	38	5	26	8.67	214	71.33	462.33
2016	12240	733	Utica	-	Opponent Totals	-	-	-	-	3	395	5,144	715	1,110	183	6.07	23	22	10	16	5.33	141	47.00	370.00
2016	12240	808	WPI	-	TEAM	-	-	-	-	3	-56	 	""	-56	6	0.00	 	 	 	 	""	 	""	0.00
2016	12240	808	WPI	-	Totals	-	-	-	-	3	383	5,992	786	1,169	202	0.00	23	28	6	15	5.00	123	41.00	389.67
2016	12240	808	WPI	-	Opponent Totals	-	-	-	-	3	269	4,808	821	1,090	228	4.78	17	45	3	22	7.33	180	60.00	363.33
2016	12240	747	Wabash	-	TEAM	-	-	-	-	2	-4	 	""	-4	3	0.00	 	 	 	 	""	 	""	0.00
2016	12240	747	Wabash	-	Totals	-	-	-	-	2	541	4,316	393	934	161	0.00	29	20	4	15	7.50	127	63.50	467.00
2016	12240	747	Wabash	-	Opponent Totals	-	-	-	-	2	-41	2,884	181	140	103	1.36	4	10	6	11	5.50	124	62.00	70.00
2016	12240	750	Wartburg	-	TEAM	-	-	-	-	3	-5	 	""	-5	8	0.00	 	 	 	 	""	 	""	0.00
2016	12240	750	Wartburg	-	Totals	-	-	-	-	3	529	5,726	758	1,287	215	0.00	24	35	3	13	4.33	93	31.00	429.00
2016	12240	750	Wartburg	-	Opponent Totals	-	-	-	-	3	567	5,074	544	1,111	214	5.19	36	27	2	12	4.00	113	37.67	370.33
2016	12240	751	Wash. & Jeff.	-	TEAM	-	-	-	-	2	-5	 	""	-5	3	0.00	 	 	 	 	""	 	""	0.00
2016	12240	751	Wash. & Jeff.	-	Totals	-	-	-	-	3	510	5,241	800	1,310	247	0.00	31	44	4	17	5.67	130	43.33	436.67
2016	12240	751	Wash. & Jeff.	-	Opponent Totals	-	-	-	-	3	683	5,559	302	985	211	4.67	27	11	2	22	7.33	205	68.33	328.33
2016	12240	752	Wash. & Lee	-	TEAM	-	-	-	-	1	""	 	""	0	 	""	 	 	 	 	""	 	""	0.00
2016	12240	752	Wash. & Lee	-	Totals	-	-	-	-	1	649	2,045	63	712	85	0.00	33	2	3	3	3.00	25	25.00	712.00
2016	12240	752	Wash. & Lee	-	Opponent Totals	-	-	-	-	1	161	1,555	450	611	86	7.10	7	21	1	6	6.00	73	73.00	611.00
2016	12240	755	Washington-St. Louis	-	TEAM	-	-	-	-	1	-21	 	""	-21	1	0.00	 	 	 	 	""	 	""	0.00
2016	12240	755	Washington-St. Louis	-	Totals	-	-	-	-	2	247	3,037	721	968	158	0.00	13	33	2	12	6.00	85	42.50	484.00
2016	12240	755	Washington-St. Louis	-	Opponent Totals	-	-	-	-	2	573	4,163	536	1,109	197	5.63	27	27	3	12	6.00	114	57.00	554.50
2016	12240	1434	Waynesburg	-	TEAM	-	-	-	-	1	-31	 	""	-31	3	0.00	 	 	 	 	""	 	""	0.00
2016	12240	1434	Waynesburg	-	Totals	-	-	-	-	3	388	5,293	589	977	203	0.00	21	24	7	21	7.00	224	74.67	325.67
2016	12240	1434	Waynesburg	-	Opponent Totals	-	-	-	-	3	405	5,507	775	1,180	198	5.96	26	30	3	29	9.67	269	89.67	393.33
2016	12240	763	Wesley	-	TEAM	-	-	-	-	1	-1	 	""	-1	1	0.00	 	 	 	 	""	 	""	0.00
2016	12240	763	Wesley	-	Totals	-	-	-	-	2	488	3,019	793	1,281	139	0.00	22	28	2	23	11.50	181	90.50	640.50
2016	12240	763	Wesley	-	Opponent Totals	-	-	-	-	2	197	4,181	388	585	146	4.01	13	16	6	14	7.00	111	55.50	292.50
2016	12240	770	Western Conn. St.	-	TEAM	-	-	-	-	2	-1	 	""	-1	1	0.00	 	 	 	 	""	 	""	0.00
2016	12240	770	Western Conn. St.	-	Totals	-	-	-	-	3	731	5,725	786	1,517	224	0.00	39	32	3	36	12.00	344	114.67	505.67
2016	12240	770	Western Conn. St.	-	Opponent Totals	-	-	-	-	3	354	5,075	606	960	192	5.00	23	22	11	26	8.67	228	76.00	320.00
2016	12240	775	Western New Eng.	-	TEAM	-	-	-	-	2	-27	 	""	-27	2	0.00	 	 	 	 	""	 	""	0.00
2016	12240	775	Western New Eng.	-	Totals	-	-	-	-	3	780	4,952	588	1,368	229	0.00	46	22	4	24	8.00	221	73.67	456.00
2016	12240	775	Western New Eng.	-	Opponent Totals	-	-	-	-	3	317	5,848	415	732	204	3.59	16	18	5	19	6.33	154	51.33	244.00
2016	12240	777	Westfield St.	-	TEAM	-	-	-	-	2	-18	 	0	-18	6	0.00	 	 	 	 	""	 	""	0.00
2016	12240	777	Westfield St.	-	Totals	-	-	-	-	3	312	6,057	818	1,130	221	0.00	17	31	6	15	5.00	113	37.67	376.67
2016	12240	777	Westfield St.	-	Opponent Totals	-	-	-	-	3	757	4,743	779	1,536	215	7.14	41	25	1	24	8.00	226	75.33	512.00
2016	12240	1450	Westminster (MO)	-	TEAM	-	-	-	-	2	-10	 	""	-10	5	0.00	 	 	 	 	""	 	""	0.00
2016	12240	1450	Westminster (MO)	-	Totals	-	-	-	-	3	524	5,099	622	1,146	199	0.00	32	25	3	22	7.33	196	65.33	382.00
2016	12240	1450	Westminster (MO)	-	Opponent Totals	-	-	-	-	3	611	5,701	464	1,075	223	4.82	35	20	4	21	7.00	212	70.67	358.33
2016	12240	1451	Westminster (PA)	-	Totals	-	-	-	-	3	518	5,914	394	912	194	0.00	21	14	7	30	10.00	275	91.67	304.00
2016	12240	1451	Westminster (PA)	-	Opponent Totals	-	-	-	-	3	405	4,886	633	1,038	221	4.70	17	33	6	28	9.33	239	79.67	346.00
2016	12240	778	Wheaton (IL)	-	TEAM	-	-	-	-	2	-4	 	""	-4	2	0.00	 	 	 	 	""	 	""	0.00
2016	12240	778	Wheaton (IL)	-	Totals	-	-	-	-	3	851	5,128	847	1,698	213	0.00	37	41	4	26	8.67	231	77.00	566.00
2016	12240	778	Wheaton (IL)	-	Opponent Totals	-	-	-	-	3	234	5,672	573	807	193	4.18	13	26	2	18	6.00	98	32.67	269.00
2016	12240	781	Whittier	-	Totals	-	-	-	-	2	166	3,509	530	696	175	0.00	10	27	7	19	9.50	145	72.50	348.00
2016	12240	781	Whittier	-	Opponent Totals	-	-	-	-	2	488	3,691	436	924	165	5.60	20	19	8	21	10.50	201	100.50	462.00
2016	12240	1454	Whitworth	-	TEAM	-	-	-	-	1	-2	 	""	-2	2	0.00	 	 	 	 	""	 	""	0.00
2016	12240	1454	Whitworth	-	Totals	-	-	-	-	1	152	1,740	342	494	87	0.00	7	15	6	11	11.00	104	104.00	494.00
2016	12240	1454	Whitworth	-	Opponent Totals	-	-	-	-	1	85	1,860	240	325	83	3.92	6	12	4	12	12.00	86	86.00	325.00
2016	12240	783	Widener	-	Totals	-	-	-	-	1	75	1,669	264	339	90	0.00	7	14	3	4	4.00	40	40.00	339.00
2016	12240	783	Widener	-	Opponent Totals	-	-	-	-	1	181	1,931	61	242	52	4.65	5	2	1	6	6.00	70	70.00	242.00
2016	12240	784	Wilkes	-	TEAM	-	-	-	-	1	""	 	""	0	 	""	 	 	 	 	""	 	""	0.00
2016	12240	784	Wilkes	-	Totals	-	-	-	-	3	259	5,099	843	1,102	254	0.00	19	41	8	18	6.00	185	61.67	367.33
2016	12240	784	Wilkes	-	Opponent Totals	-	-	-	-	3	570	5,701	652	1,222	201	6.08	23	33	2	17	5.67	172	57.33	407.33
2016	12240	785	Willamette	-	TEAM	-	-	-	-	1	-14	 	""	-14	2	0.00	 	 	 	 	""	 	""	0.00
2016	12240	785	Willamette	-	Totals	-	-	-	-	2	267	3,378	468	735	149	0.00	12	20	7	16	8.00	232	116.00	367.50
2016	12240	785	Willamette	-	Opponent Totals	-	-	-	-	2	406	3,822	422	828	135	6.13	19	18	2	15	7.50	117	58.50	414.00
2016	12240	1461	Wilmington (OH)	-	TEAM	-	-	-	-	1	""	 	""	0	 	""	 	 	 	 	""	 	""	0.00
2016	12240	1461	Wilmington (OH)	-	Totals	-	-	-	-	1	130	1,593	211	341	66	0.00	8	8	1	9	9.00	77	77.00	341.00
2016	12240	1461	Wilmington (OH)	-	Opponent Totals	-	-	-	-	1	184	2,007	191	375	77	4.87	6	7	5	5	5.00	40	40.00	375.00
2016	12240	8911	Wis. Lutheran	-	TEAM	-	-	-	-	3	-1	 	""	-1	1	0.00	 	 	 	 	""	 	""	0.00
2016	12240	8911	Wis. Lutheran	-	Totals	-	-	-	-	3	415	4,860	845	1,260	244	0.00	27	34	9	10	3.33	85	28.33	420.00
2016	12240	8911	Wis. Lutheran	-	Opponent Totals	-	-	-	-	3	727	5,940	591	1,318	248	5.31	29	32	1	28	9.33	260	86.67	439.33
2016	12240	793	Wis.-Eau Claire	-	Totals	-	-	-	-	3	255	5,769	570	825	183	0.00	14	24	2	23	7.67	166	55.33	275.00
2016	12240	793	Wis.-Eau Claire	-	Opponent Totals	-	-	-	-	3	803	5,031	785	1,588	190	8.36	33	29	4	21	7.00	196	65.33	529.33
2016	12240	795	Wis.-La Crosse	-	TEAM	-	-	-	-	3	-21	 	""	-21	5	0.00	 	 	 	 	""	 	""	0.00
2016	12240	795	Wis.-La Crosse	-	Totals	-	-	-	-	3	276	5,369	452	728	178	0.00	18	19	2	17	5.67	157	52.33	242.67
2016	12240	795	Wis.-La Crosse	-	Opponent Totals	-	-	-	-	3	702	5,431	925	1,627	244	6.67	34	36	9	20	6.67	161	53.67	542.33
2016	12240	798	Wis.-Oshkosh	-	TEAM	-	-	-	-	2	-11	 	""	-11	2	0.00	 	 	 	 	""	 	""	0.00
2016	12240	798	Wis.-Oshkosh	-	Totals	-	-	-	-	2	571	3,201	363	934	131	0.00	28	14	4	5	2.50	25	12.50	467.00
2016	12240	798	Wis.-Oshkosh	-	Opponent Totals	-	-	-	-	2	195	3,999	188	383	121	3.17	16	7	 	11	5.50	92	46.00	191.50
2016	12240	800	Wis.-Platteville	-	Totals	-	-	-	-	3	392	5,268	932	1,324	226	0.00	20	48	5	16	5.33	153	51.00	441.33
2016	12240	800	Wis.-Platteville	-	Opponent Totals	-	-	-	-	3	458	5,532	486	944	194	4.87	21	24	7	14	4.67	141	47.00	314.67
2016	12240	801	Wis.-River Falls	-	TEAM	-	-	-	-	1	-14	 	""	-14	1	0.00	 	 	 	 	""	 	""	0.00
2016	12240	801	Wis.-River Falls	-	Totals	-	-	-	-	2	207	3,674	361	568	136	0.00	13	17	9	12	6.00	118	59.00	284.00
2016	12240	801	Wis.-River Falls	-	Opponent Totals	-	-	-	-	2	497	3,526	396	893	148	6.03	23	16	4	13	6.50	109	54.50	446.50
2016	12240	802	Wis.-Stevens Point	-	Totals	-	-	-	-	1	137	2,136	403	540	94	0.00	7	17	1	9	9.00	85	85.00	540.00
2016	12240	802	Wis.-Stevens Point	-	Opponent Totals	-	-	-	-	1	386	1,464	296	682	76	8.97	12	13	1	6	6.00	55	55.00	682.00
2016	12240	803	Wis.-Stout	-	TEAM	-	-	-	-	1	0	 	""	0	1	0.00	 	 	 	 	""	 	""	0.00
2016	12240	803	Wis.-Stout	-	Totals	-	-	-	-	2	197	3,148	759	956	155	0.00	7	33	8	11	5.50	98	49.00	478.00
2016	12240	803	Wis.-Stout	-	Opponent Totals	-	-	-	-	2	438	4,052	875	1,313	193	6.80	23	40	2	21	10.50	190	95.00	656.50
2016	12240	805	Wis.-Whitewater	-	TEAM	-	-	-	-	2	-2	 	""	-2	2	0.00	 	 	 	 	""	 	""	0.00
2016	12240	805	Wis.-Whitewater	-	Totals	-	-	-	-	3	899	5,809	451	1,350	200	0.00	41	18	3	14	4.67	108	36.00	450.00
2016	12240	805	Wis.-Whitewater	-	Opponent Totals	-	-	-	-	3	184	4,991	494	678	182	3.73	12	25	2	23	7.67	159	53.00	226.00
2016	12240	806	Wittenberg	-	TEAM	-	-	-	-	2	-3	 	""	-3	2	0.00	 	 	 	 	""	 	""	0.00
2016	12240	806	Wittenberg	-	Totals	-	-	-	-	2	220	3,815	780	1,000	145	0.00	13	34	 	17	8.50	187	93.50	500.00
2016	12240	806	Wittenberg	-	Opponent Totals	-	-	-	-	2	383	3,385	384	767	146	5.25	18	17	9	9	4.50	60	30.00	383.50
2016	12240	787	Wm. Paterson	-	TEAM	-	-	-	-	1	-4	 	""	-4	1	0.00	 	 	 	 	""	 	""	0.00
2016	12240	787	Wm. Paterson	-	Totals	-	-	-	-	2	245	3,125	418	663	119	0.00	15	18	4	19	9.50	204	102.00	331.50
2016	12240	787	Wm. Paterson	-	Opponent Totals	-	-	-	-	2	219	4,075	360	579	140	4.14	15	15	6	21	10.50	164	82.00	289.50
2016	12240	807	Wooster	-	TEAM	-	-	-	-	1	-18	 	""	-18	4	0.00	 	 	 	 	""	 	""	0.00
2016	12240	807	Wooster	-	Totals	-	-	-	-	2	321	3,973	226	547	161	0.00	21	9	3	22	11.00	190	95.00	273.50
2016	12240	807	Wooster	-	Opponent Totals	-	-	-	-	2	166	3,227	414	580	135	4.30	14	22	5	10	5.00	110	55.00	290.00
2016	12240	809	Worcester St.	-	TEAM	-	-	-	-	1	""	 	""	0	 	""	 	 	 	 	""	 	""	0.00
2016	12240	809	Worcester St.	-	Totals	-	-	-	-	1	82	1,605	315	397	65	0.00	7	7	1	4	4.00	27	27.00	397.00
2016	12240	809	Worcester St.	-	Opponent Totals	-	-	-	-	1	253	1,995	322	575	82	7.01	12	13	 	10	10.00	99	99.00	575.00
