2016	12240	4	Adrian	-	TEAM	-	-	-	-	3	1	 	 	 	 	1
2016	12240	4	Adrian	-	Totals	-	-	-	-	3	98	72	11	8	66	170
2016	12240	4	Adrian	-	Opponent Totals	-	-	-	-	3	135	96	17	14	72	231
2016	12240	15	Albion	-	TEAM	-	-	-	-	2	 	 	 	 	 	 
2016	12240	15	Albion	-	Totals	-	-	-	-	3	131	116	15	6	72	247
2016	12240	15	Albion	-	Opponent Totals	-	-	-	-	3	146	83	16	4	58	229
2016	12240	16	Albright	-	TEAM	-	-	-	-	2	 	 	 	 	 	 
2016	12240	16	Albright	-	Totals	-	-	-	-	2	93	38	12	6	46	131
2016	12240	16	Albright	-	Opponent Totals	-	-	-	-	2	95	48	25	2	114	143
2016	12240	18	Alfred	-	TEAM	-	-	-	-	3	 	 	 	 	 	 
2016	12240	18	Alfred	-	Totals	-	-	-	-	3	121	104	14	10	76	225
2016	12240	18	Alfred	-	Opponent Totals	-	-	-	-	3	99	94	15	14	79	193
2016	12240	19	Allegheny	-	TEAM	-	-	-	-	3	1	 	 	 	 	1
2016	12240	19	Allegheny	-	Totals	-	-	-	-	3	126	118	7	12	51	244
2016	12240	19	Allegheny	-	Opponent Totals	-	-	-	-	3	94	86	25	28	199	180
2016	12240	21	Alma	-	TEAM	-	-	-	-	1	 	 	 	 	 	 
2016	12240	21	Alma	-	Totals	-	-	-	-	3	125	122	16	18	114	247
2016	12240	21	Alma	-	Opponent Totals	-	-	-	-	3	81	120	5	8	39	201
2016	12240	939	Anderson (IN)	-	TEAM	-	-	-	-	2	1	 	 	 	 	1
2016	12240	939	Anderson (IN)	-	Totals	-	-	-	-	3	141	91	11	8	71	232
2016	12240	939	Anderson (IN)	-	Opponent Totals	-	-	-	-	3	114	87	26	10	157	201
2016	12240	26	Anna Maria	-	TEAM	-	-	-	-	2	 	 	 	 	 	 
2016	12240	26	Anna Maria	-	Totals	-	-	-	-	3	113	41	14	8	56	154
2016	12240	26	Anna Maria	-	Opponent Totals	-	-	-	-	3	130	80	13	12	84	210
2016	12240	38	Augsburg	-	TEAM	-	-	-	-	3	 	 	 	 	 	 
2016	12240	38	Augsburg	-	Totals	-	-	-	-	3	114	164	15	18	59	278
2016	12240	38	Augsburg	-	Opponent Totals	-	-	-	-	3	101	102	9	10	49	203
2016	12240	40	Augustana (IL)	-	TEAM	-	-	-	-	2	 	 	 	 	 	 
2016	12240	40	Augustana (IL)	-	Totals	-	-	-	-	3	133	130	15	10	83	263
2016	12240	40	Augustana (IL)	-	Opponent Totals	-	-	-	-	3	123	136	11	6	58	259
2016	12240	42	Aurora	-	TEAM	-	-	-	-	2	 	 	 	 	 	 
2016	12240	42	Aurora	-	Totals	-	-	-	-	2	84	35	6	6	28	119
2016	12240	42	Aurora	-	Opponent Totals	-	-	-	-	2	92	38	16	4	90	130
2016	12240	953	Austin	-	TEAM	-	-	-	-	2	 	 	 	 	 	 
2016	12240	953	Austin	-	Totals	-	-	-	-	2	96	78	12	6	58	174
2016	12240	953	Austin	-	Opponent Totals	-	-	-	-	2	88	70	8	8	49	158
2016	12240	44	Averett	-	TEAM	-	-	-	-	2	 	 	 	 	 	 
2016	12240	44	Averett	-	Totals	-	-	-	-	3	179	70	9	8	37	249
2016	12240	44	Averett	-	Opponent Totals	-	-	-	-	3	134	74	17	6	95	208
2016	12240	46	Baldwin Wallace	-	TEAM	-	-	-	-	2	1	 	 	 	 	1
2016	12240	46	Baldwin Wallace	-	Totals	-	-	-	-	2	86	77	7	2	32	163
2016	12240	46	Baldwin Wallace	-	Opponent Totals	-	-	-	-	2	80	60	8	6	56	140
2016	12240	26107	Becker	-	TEAM	-	-	-	-	2	1	 	1	 	2	1
2016	12240	26107	Becker	-	Totals	-	-	-	-	2	80	88	15	16	81	168
2016	12240	26107	Becker	-	Opponent Totals	-	-	-	-	2	100	62	17	10	105	162
2016	12240	53	Beloit	-	TEAM	-	-	-	-	1	 	 	 	 	 	 
2016	12240	53	Beloit	-	Totals	-	-	-	-	3	110	100	12	16	65	210
2016	12240	53	Beloit	-	Opponent Totals	-	-	-	-	3	116	124	10	6	36	240
2016	12240	296	Benedictine (IL)	-	TEAM	-	-	-	-	1	 	 	 	 	 	 
2016	12240	296	Benedictine (IL)	-	Totals	-	-	-	-	3	117	82	7	12	47	199
2016	12240	296	Benedictine (IL)	-	Opponent Totals	-	-	-	-	3	98	106	13	4	54	204
2016	12240	973	Berry	-	TEAM	-	-	-	-	2	 	 	 	 	 	 
2016	12240	973	Berry	-	Totals	-	-	-	-	3	123	134	15	8	82	257
2016	12240	973	Berry	-	Opponent Totals	-	-	-	-	3	114	114	18	10	74	228
2016	12240	59	Bethany (WV)	-	TEAM	-	-	-	-	3	 	 	 	 	 	 
2016	12240	59	Bethany (WV)	-	Totals	-	-	-	-	3	130	126	21	18	103	256
2016	12240	59	Bethany (WV)	-	Opponent Totals	-	-	-	-	3	94	92	15	14	113	186
2016	12240	60	Bethel (MN)	-	Totals	-	-	-	-	3	76	112	5	8	36	188
2016	12240	60	Bethel (MN)	-	Opponent Totals	-	-	-	-	3	120	122	9	8	60	242
2016	12240	28593	Birmingham-So.	-	Totals	-	-	-	-	2	94	32	4	2	22	126
2016	12240	28593	Birmingham-So.	-	Opponent Totals	-	-	-	-	2	83	33	13	8	69	116
2016	12240	987	Bluffton	-	TEAM	-	-	-	-	1	 	 	 	 	 	 
2016	12240	987	Bluffton	-	Totals	-	-	-	-	2	83	34	10	4	57	117
2016	12240	987	Bluffton	-	Opponent Totals	-	-	-	-	2	97	64	8	8	33	161
2016	12240	75	Bridgewater (VA)	-	TEAM	-	-	-	-	1	 	 	 	 	 	 
2016	12240	75	Bridgewater (VA)	-	Totals	-	-	-	-	3	160	54	20	4	52	214
2016	12240	75	Bridgewater (VA)	-	Opponent Totals	-	-	-	-	3	133	64	14	2	61	197
2016	12240	76	Bridgewater St.	-	TEAM	-	-	-	-	2	 	 	 	 	 	 
2016	12240	76	Bridgewater St.	-	Totals	-	-	-	-	3	144	52	17	6	56	196
2016	12240	76	Bridgewater St.	-	Opponent Totals	-	-	-	-	3	154	66	14	12	59	220
2016	12240	78	Brockport	-	TEAM	-	-	-	-	1	 	 	 	 	 	 
2016	12240	78	Brockport	-	Totals	-	-	-	-	2	79	55	8	8	79	134
2016	12240	78	Brockport	-	Opponent Totals	-	-	-	-	2	96	50	7	2	24	146
2016	12240	84	Buena Vista	-	TEAM	-	-	-	-	1	 	 	 	 	 	 
2016	12240	84	Buena Vista	-	Totals	-	-	-	-	2	67	84	4	 	12	151
2016	12240	84	Buena Vista	-	Opponent Totals	-	-	-	-	2	71	82	13	4	77	153
2016	12240	85	Buffalo St.	-	TEAM	-	-	-	-	1	 	 	 	 	 	 
2016	12240	85	Buffalo St.	-	Totals	-	-	-	-	1	25	34	4	2	44	59
2016	12240	85	Buffalo St.	-	Opponent Totals	-	-	-	-	1	31	52	 	2	1	83
2016	12240	105	Cal Lutheran	-	TEAM	-	-	-	-	2	1	 	 	 	 	1
2016	12240	105	Cal Lutheran	-	Totals	-	-	-	-	2	85	52	7	6	49	137
2016	12240	105	Cal Lutheran	-	Opponent Totals	-	-	-	-	2	82	52	6	2	21	134
2016	12240	117	Capital	-	TEAM	-	-	-	-	1	1	 	 	 	 	1
2016	12240	117	Capital	-	Totals	-	-	-	-	2	67	62	6	2	17	129
2016	12240	117	Capital	-	Opponent Totals	-	-	-	-	2	89	70	11	4	53	159
2016	12240	118	Carleton	-	TEAM	-	-	-	-	2	 	 	 	 	 	 
2016	12240	118	Carleton	-	Totals	-	-	-	-	3	110	80	6	6	20	190
2016	12240	118	Carleton	-	Opponent Totals	-	-	-	-	3	123	90	6	6	21	213
2016	12240	119	Carnegie Mellon	-	Totals	-	-	-	-	2	101	88	12	12	83	189
2016	12240	119	Carnegie Mellon	-	Opponent Totals	-	-	-	-	2	92	60	11	4	54	152
2016	12240	120	Carroll (WI)	-	TEAM	-	-	-	-	2	1	 	 	 	 	1
2016	12240	120	Carroll (WI)	-	Totals	-	-	-	-	2	56	84	5	6	17	140
2016	12240	120	Carroll (WI)	-	Opponent Totals	-	-	-	-	2	85	76	3	10	24	161
2016	12240	121	Carthage	-	TEAM	-	-	-	-	1	 	 	 	 	 	 
2016	12240	121	Carthage	-	Totals	-	-	-	-	2	103	36	12	2	49	139
2016	12240	121	Carthage	-	Opponent Totals	-	-	-	-	2	90	20	9	2	42	110
2016	12240	122	Case	-	TEAM	-	-	-	-	1	 	 	 	 	 	 
2016	12240	122	Case	-	Totals	-	-	-	-	2	77	48	16	8	59	125
2016	12240	122	Case	-	Opponent Totals	-	-	-	-	2	59	100	5	4	27	159
2016	12240	123	Castleton	-	Totals	-	-	-	-	2	101	37	10	2	45	138
2016	12240	123	Castleton	-	Opponent Totals	-	-	-	-	2	94	37	16	2	61	131
2016	12240	124	Catholic	-	Totals	-	-	-	-	3	148	103	20	23	85	251
2016	12240	124	Catholic	-	Opponent Totals	-	-	-	-	3	144	138	16	14	95	282
2016	12240	126	Central (IA)	-	TEAM	-	-	-	-	1	 	 	 	 	 	 
2016	12240	126	Central (IA)	-	Totals	-	-	-	-	3	110	108	19	16	94	218
2016	12240	126	Central (IA)	-	Opponent Totals	-	-	-	-	3	108	100	3	12	31	208
2016	12240	132	Centre	-	TEAM	-	-	-	-	1	4	 	 	 	 	4
2016	12240	132	Centre	-	Totals	-	-	-	-	3	152	90	22	4	79	176
2016	12240	132	Centre	-	Opponent Totals	-	-	-	-	3	157	78	17	4	75	161
2016	12240	134	Chapman	-	TEAM	-	-	-	-	1	 	 	 	 	 	 
2016	12240	134	Chapman	-	Totals	-	-	-	-	1	48	10	4	 	8	58
2016	12240	134	Chapman	-	Opponent Totals	-	-	-	-	1	38	14	4	4	19	52
2016	12240	137	Chicago	-	TEAM	-	-	-	-	2	1	 	 	 	 	1
2016	12240	137	Chicago	-	Totals	-	-	-	-	2	66	100	8	4	30	166
2016	12240	137	Chicago	-	Opponent Totals	-	-	-	-	2	65	66	9	8	30	131
2016	12240	139	Chris. Newport	-	TEAM	-	-	-	-	2	1	 	 	 	 	1
2016	12240	139	Chris. Newport	-	Totals	-	-	-	-	3	99	104	13	6	63	203
2016	12240	139	Chris. Newport	-	Opponent Totals	-	-	-	-	3	108	130	15	18	83	238
2016	12240	142	Claremont-M-S	-	TEAM	-	-	-	-	2	 	 	 	 	 	 
2016	12240	142	Claremont-M-S	-	Totals	-	-	-	-	2	69	78	7	6	32	147
2016	12240	142	Claremont-M-S	-	Opponent Totals	-	-	-	-	2	59	92	5	6	18	151
2016	12240	722	Coast Guard	-	TEAM	-	-	-	-	2	 	 	 	 	 	 
2016	12240	722	Coast Guard	-	Totals	-	-	-	-	3	128	108	7	4	25	236
2016	12240	722	Coast Guard	-	Opponent Totals	-	-	-	-	3	111	57	16	14	89	168
2016	12240	150	Coe	-	TEAM	-	-	-	-	1	 	 	 	 	 	 
2016	12240	150	Coe	-	Totals	-	-	-	-	3	108	112	6	12	38	220
2016	12240	150	Coe	-	Opponent Totals	-	-	-	-	3	138	116	19	12	73	254
2016	12240	160	Concordia Chicago	-	TEAM	-	-	-	-	1	 	 	 	 	 	 
2016	12240	160	Concordia Chicago	-	Totals	-	-	-	-	2	84	108	3	2	17	192
2016	12240	160	Concordia Chicago	-	Opponent Totals	-	-	-	-	2	74	72	10	14	47	146
2016	12240	1036	Concordia Wisconsin	-	TEAM	-	-	-	-	3	1	 	 	 	 	1
2016	12240	1036	Concordia Wisconsin	-	Totals	-	-	-	-	3	110	82	13	16	72	192
2016	12240	1036	Concordia Wisconsin	-	Opponent Totals	-	-	-	-	3	141	144	22	18	130	285
2016	12240	161	Concordia-M'head	-	TEAM	-	-	-	-	2	 	 	 	 	 	 
2016	12240	161	Concordia-M'head	-	Totals	-	-	-	-	3	117	86	15	10	66	203
2016	12240	161	Concordia-M'head	-	Opponent Totals	-	-	-	-	3	109	88	10	2	26	197
2016	12240	166	Cornell College	-	TEAM	-	-	-	-	2	 	 	 	 	 	 
2016	12240	166	Cornell College	-	Totals	-	-	-	-	2	100	56	17	14	88	156
2016	12240	166	Cornell College	-	Opponent Totals	-	-	-	-	2	86	44	4	4	28	130
2016	12240	30035	Crown (MN)	-	Totals	-	-	-	-	3	89	158	8	4	27	247
2016	12240	30035	Crown (MN)	-	Opponent Totals	-	-	-	-	3	80	154	11	14	69	234
2016	12240	170	Curry	-	TEAM	-	-	-	-	1	 	 	 	 	 	 
2016	12240	170	Curry	-	Totals	-	-	-	-	3	143	60	17	6	52	203
2016	12240	170	Curry	-	Opponent Totals	-	-	-	-	3	122	30	20	8	73	152
2016	12240	177	DePauw	-	TEAM	-	-	-	-	2	 	 	 	 	 	 
2016	12240	177	DePauw	-	Totals	-	-	-	-	2	101	64	17	18	142	165
2016	12240	177	DePauw	-	Opponent Totals	-	-	-	-	2	81	60	5	2	21	141
2016	12240	1050	Defiance	-	TEAM	-	-	-	-	3	3	 	 	 	 	3
2016	12240	1050	Defiance	-	Totals	-	-	-	-	3	143	55	16	4	52	198
2016	12240	1050	Defiance	-	Opponent Totals	-	-	-	-	3	127	49	15	4	63	176
2016	12240	179	Delaware Valley	-	TEAM	-	-	-	-	3	 	 	 	 	 	 
2016	12240	179	Delaware Valley	-	Totals	-	-	-	-	3	94	158	7	16	41	252
2016	12240	179	Delaware Valley	-	Opponent Totals	-	-	-	-	3	97	120	10	8	87	217
2016	12240	182	Denison	-	TEAM	-	-	-	-	1	 	 	 	 	 	 
2016	12240	182	Denison	-	Totals	-	-	-	-	2	69	54	10	6	45	123
2016	12240	182	Denison	-	Opponent Totals	-	-	-	-	2	72	86	12	6	45	158
2016	12240	185	Dickinson	-	TEAM	-	-	-	-	2	 	 	 	 	 	 
2016	12240	185	Dickinson	-	Totals	-	-	-	-	3	112	83	9	2	56	195
2016	12240	185	Dickinson	-	Opponent Totals	-	-	-	-	3	126	111	13	14	60	237
2016	12240	192	Dubuque	-	TEAM	-	-	-	-	1	 	 	 	 	 	 
2016	12240	192	Dubuque	-	Totals	-	-	-	-	3	112	112	8	4	31	224
2016	12240	192	Dubuque	-	Opponent Totals	-	-	-	-	3	103	126	11	4	47	229
2016	12240	195	Earlham	-	TEAM	-	-	-	-	2	 	 	 	 	 	 
2016	12240	195	Earlham	-	Totals	-	-	-	-	3	119	106	6	2	29	225
2016	12240	195	Earlham	-	Opponent Totals	-	-	-	-	3	103	108	21	24	172	211
2016	12240	1062	East Tex. Baptist	-	TEAM	-	-	-	-	2	 	 	 	 	 	 
2016	12240	1062	East Tex. Baptist	-	Totals	-	-	-	-	3	140	142	29	8	104	282
2016	12240	1062	East Tex. Baptist	-	Opponent Totals	-	-	-	-	3	104	80	10	12	73	184
2016	12240	212	Elmhurst	-	TEAM	-	-	-	-	2	 	 	 	 	 	 
2016	12240	212	Elmhurst	-	Totals	-	-	-	-	2	68	72	11	2	72	140
2016	12240	212	Elmhurst	-	Opponent Totals	-	-	-	-	2	70	82	6	8	34	152
2016	12240	216	Emory & Henry	-	Totals	-	-	-	-	2	95	73	16	10	92	168
2016	12240	216	Emory & Henry	-	Opponent Totals	-	-	-	-	2	68	84	6	4	27	152
2016	12240	8981	Endicott	-	TEAM	-	-	-	-	2	1	 	 	 	 	1
2016	12240	8981	Endicott	-	Totals	-	-	-	-	2	73	74	5	8	76	147
2016	12240	8981	Endicott	-	Opponent Totals	-	-	-	-	2	63	46	8	 	24	109
2016	12240	218	Eureka	-	TEAM	-	-	-	-	2	 	 	 	 	 	 
2016	12240	218	Eureka	-	Totals	-	-	-	-	3	134	62	17	4	79	196
2016	12240	218	Eureka	-	Opponent Totals	-	-	-	-	3	99	82	7	 	29	181
2016	12240	221	FDU-Florham	-	TEAM	-	-	-	-	2	 	 	 	 	 	 
2016	12240	221	FDU-Florham	-	Totals	-	-	-	-	2	81	54	6	8	49	135
2016	12240	221	FDU-Florham	-	Opponent Totals	-	-	-	-	2	79	52	9	2	36	131
2016	12240	225	Ferrum	-	Totals	-	-	-	-	3	100	90	9	4	35	190
2016	12240	225	Ferrum	-	Opponent Totals	-	-	-	-	3	131	95	16	12	69	226
2016	12240	30032	Finlandia	-	TEAM	-	-	-	-	2	2	 	 	 	 	2
2016	12240	30032	Finlandia	-	Totals	-	-	-	-	3	97	116	4	8	30	213
2016	12240	30032	Finlandia	-	Opponent Totals	-	-	-	-	3	89	142	15	24	90	231
2016	12240	227	Fitchburg St.	-	TEAM	-	-	-	-	3	1	 	 	 	 	1
2016	12240	227	Fitchburg St.	-	Totals	-	-	-	-	3	135	40	17	8	81	175
2016	12240	227	Fitchburg St.	-	Opponent Totals	-	-	-	-	3	161	68	26	8	93	229
2016	12240	238	Framingham St.	-	TEAM	-	-	-	-	2	 	 	 	 	 	 
2016	12240	238	Framingham St.	-	Totals	-	-	-	-	3	123	66	15	6	74	189
2016	12240	238	Framingham St.	-	Opponent Totals	-	-	-	-	3	143	78	10	10	44	221
2016	12240	239	Frank. & Marsh.	-	TEAM	-	-	-	-	1	 	 	 	 	 	 
2016	12240	239	Frank. & Marsh.	-	Totals	-	-	-	-	3	133	42	13	8	54	175
2016	12240	239	Frank. & Marsh.	-	Opponent Totals	-	-	-	-	3	149	48	15	2	50	197
2016	12240	2694	Franklin	-	TEAM	-	-	-	-	2	1	 	 	 	 	1
2016	12240	2694	Franklin	-	Totals	-	-	-	-	3	137	48	22	6	115	185
2016	12240	2694	Franklin	-	Opponent Totals	-	-	-	-	3	173	60	17	4	78	233
2016	12240	243	Frostburg St.	-	TEAM	-	-	-	-	2	2	 	1	 	12	2
2016	12240	243	Frostburg St.	-	Totals	-	-	-	-	3	95	128	17	18	106	223
2016	12240	243	Frostburg St.	-	Opponent Totals	-	-	-	-	3	116	140	11	10	60	256
2016	12240	245	Gallaudet	-	TEAM	-	-	-	-	2	 	 	 	 	 	 
2016	12240	245	Gallaudet	-	Totals	-	-	-	-	2	66	66	9	8	61	132
2016	12240	245	Gallaudet	-	Opponent Totals	-	-	-	-	2	78	68	15	12	85	146
2016	12240	30084	Geneva	-	TEAM	-	-	-	-	3	3	4	1	 	1	7
2016	12240	30084	Geneva	-	Totals	-	-	-	-	3	114	120	14	14	100	234
2016	12240	30084	Geneva	-	Opponent Totals	-	-	-	-	3	101	132	21	14	131	233
2016	12240	1094	George Fox	-	TEAM	-	-	-	-	2	1	 	 	 	 	1
2016	12240	1094	George Fox	-	Totals	-	-	-	-	2	79	98	8	2	46	177
2016	12240	1094	George Fox	-	Opponent Totals	-	-	-	-	2	76	64	5	 	19	140
2016	12240	258	Gettysburg	-	TEAM	-	-	-	-	2	 	 	 	 	 	 
2016	12240	258	Gettysburg	-	Totals	-	-	-	-	3	141	74	11	2	46	215
2016	12240	258	Gettysburg	-	Opponent Totals	-	-	-	-	3	164	64	12	6	35	228
2016	12240	263	Greensboro	-	TEAM	-	-	-	-	3	1	1	1	 	8	2
2016	12240	263	Greensboro	-	Totals	-	-	-	-	3	138	92	18	14	98	230
2016	12240	263	Greensboro	-	Opponent Totals	-	-	-	-	3	116	58	17	4	64	174
2016	12240	1111	Greenville	-	TEAM	-	-	-	-	2	2	 	 	 	 	2
2016	12240	1111	Greenville	-	Totals	-	-	-	-	3	113	66	19	19	107	179
2016	12240	1111	Greenville	-	Opponent Totals	-	-	-	-	3	174	98	15	6	45	272
2016	12240	264	Grinnell	-	TEAM	-	-	-	-	2	4	 	2	 	5	4
2016	12240	264	Grinnell	-	Totals	-	-	-	-	2	63	88	5	4	15	151
2016	12240	264	Grinnell	-	Opponent Totals	-	-	-	-	2	63	80	14	20	110	143
2016	12240	265	Grove City	-	TEAM	-	-	-	-	1	 	 	 	 	 	 
2016	12240	265	Grove City	-	Totals	-	-	-	-	2	96	30	13	6	60	126
2016	12240	265	Grove City	-	Opponent Totals	-	-	-	-	2	100	30	19	8	98	130
2016	12240	1112	Guilford	-	TEAM	-	-	-	-	3	 	 	 	 	 	 
2016	12240	1112	Guilford	-	Totals	-	-	-	-	3	104	68	14	8	86	172
2016	12240	1112	Guilford	-	Opponent Totals	-	-	-	-	3	144	126	7	12	53	270
2016	12240	266	Gust. Adolphus	-	TEAM	-	-	-	-	3	2	 	 	 	 	2
2016	12240	266	Gust. Adolphus	-	Totals	-	-	-	-	3	111	130	13	20	125	241
2016	12240	266	Gust. Adolphus	-	Opponent Totals	-	-	-	-	3	115	114	3	6	10	229
2016	12240	268	Hamline	-	TEAM	-	-	-	-	2	1	 	1	 	16	1
2016	12240	268	Hamline	-	Totals	-	-	-	-	3	118	78	20	8	108	196
2016	12240	268	Hamline	-	Opponent Totals	-	-	-	-	3	115	90	17	10	107	205
2016	12240	269	Hampden-Sydney	-	TEAM	-	-	-	-	3	1	 	1	 	1	1
2016	12240	269	Hampden-Sydney	-	Totals	-	-	-	-	3	139	90	15	12	54	229
2016	12240	269	Hampden-Sydney	-	Opponent Totals	-	-	-	-	3	106	66	14	6	92	172
2016	12240	1115	Hanover	-	TEAM	-	-	-	-	3	 	 	 	 	 	 
2016	12240	1115	Hanover	-	Totals	-	-	-	-	3	152	88	6	8	48	166
2016	12240	1115	Hanover	-	Opponent Totals	-	-	-	-	3	134	68	23	10	91	136
2016	12240	271	Hardin-Simmons	-	TEAM	-	-	-	-	2	1	 	 	 	 	1
2016	12240	271	Hardin-Simmons	-	Totals	-	-	-	-	3	142	90	26	8	137	232
2016	12240	271	Hardin-Simmons	-	Opponent Totals	-	-	-	-	3	143	60	20	8	96	203
2016	12240	273	Hartwick	-	TEAM	-	-	-	-	2	 	 	 	 	 	 
2016	12240	273	Hartwick	-	Totals	-	-	-	-	3	138	74	18	6	90	212
2016	12240	273	Hartwick	-	Opponent Totals	-	-	-	-	3	99	50	15	12	118	149
2016	12240	278	Heidelberg	-	TEAM	-	-	-	-	1	 	 	 	 	 	 
2016	12240	278	Heidelberg	-	Totals	-	-	-	-	2	102	54	11	8	51	156
2016	12240	278	Heidelberg	-	Opponent Totals	-	-	-	-	2	105	53	18	4	58	158
2016	12240	1124	Hendrix	-	TEAM	-	-	-	-	2	 	 	 	 	 	 
2016	12240	1124	Hendrix	-	Totals	-	-	-	-	2	75	102	11	14	95	177
2016	12240	1124	Hendrix	-	Opponent Totals	-	-	-	-	2	82	78	4	4	33	160
2016	12240	281	Hiram	-	TEAM	-	-	-	-	2	 	 	 	 	 	 
2016	12240	281	Hiram	-	Totals	-	-	-	-	2	87	70	7	10	46	157
2016	12240	281	Hiram	-	Opponent Totals	-	-	-	-	2	80	56	9	12	72	136
2016	12240	282	Hobart	-	TEAM	-	-	-	-	3	 	 	 	 	 	 
2016	12240	282	Hobart	-	Totals	-	-	-	-	3	109	60	18	8	88	169
2016	12240	282	Hobart	-	Opponent Totals	-	-	-	-	3	111	98	12	8	109	209
2016	12240	286	Hope	-	TEAM	-	-	-	-	1	1	 	 	 	 	1
2016	12240	286	Hope	-	Totals	-	-	-	-	3	145	130	17	2	63	275
2016	12240	286	Hope	-	Opponent Totals	-	-	-	-	3	94	78	11	10	61	172
2016	12240	2741	Howard Payne	-	TEAM	-	-	-	-	1	 	 	 	 	 	 
2016	12240	2741	Howard Payne	-	Totals	-	-	-	-	3	97	148	13	14	84	245
2016	12240	2741	Howard Payne	-	Opponent Totals	-	-	-	-	3	102	197	13	16	90	299
2016	12240	1130	Huntingdon	-	Totals	-	-	-	-	2	88	34	12	2	70	122
2016	12240	1130	Huntingdon	-	Opponent Totals	-	-	-	-	2	115	34	5	2	23	149
2016	12240	1133	Husson	-	TEAM	-	-	-	-	2	 	 	 	 	 	 
2016	12240	1133	Husson	-	Totals	-	-	-	-	2	67	64	13	16	83	131
2016	12240	1133	Husson	-	Opponent Totals	-	-	-	-	2	96	66	12	6	46	162
2016	12240	300	Ill. Wesleyan	-	TEAM	-	-	-	-	2	 	 	 	 	 	 
2016	12240	300	Ill. Wesleyan	-	Totals	-	-	-	-	3	124	82	12	8	45	206
2016	12240	300	Ill. Wesleyan	-	Opponent Totals	-	-	-	-	3	130	68	19	4	89	198
2016	12240	297	Illinois Col.	-	TEAM	-	-	-	-	1	 	 	 	 	 	 
2016	12240	297	Illinois Col.	-	Totals	-	-	-	-	2	109	78	13	10	75	187
2016	12240	297	Illinois Col.	-	Opponent Totals	-	-	-	-	2	69	44	8	4	35	113
2016	12240	313	Ithaca	-	TEAM	-	-	-	-	1	1	 	 	 	 	1
2016	12240	313	Ithaca	-	Totals	-	-	-	-	2	58	83	9	9	39	141
2016	12240	313	Ithaca	-	Opponent Totals	-	-	-	-	2	73	72	9	8	52	145
2016	12240	320	John Carroll	-	TEAM	-	-	-	-	2	 	 	 	 	 	 
2016	12240	320	John Carroll	-	Totals	-	-	-	-	2	117	27	24	 	112	144
2016	12240	320	John Carroll	-	Opponent Totals	-	-	-	-	2	96	34	6	2	18	130
2016	12240	322	Johns Hopkins	-	TEAM	-	-	-	-	3	 	 	 	 	 	 
2016	12240	322	Johns Hopkins	-	Totals	-	-	-	-	3	101	134	13	10	55	235
2016	12240	322	Johns Hopkins	-	Opponent Totals	-	-	-	-	3	130	126	9	8	28	256
2016	12240	325	Juniata	-	TEAM	-	-	-	-	1	 	 	 	 	 	 
2016	12240	325	Juniata	-	Totals	-	-	-	-	3	155	70	18	8	60	225
2016	12240	325	Juniata	-	Opponent Totals	-	-	-	-	3	145	24	14	2	67	169
2016	12240	326	Kalamazoo	-	TEAM	-	-	-	-	3	 	 	 	 	 	 
2016	12240	326	Kalamazoo	-	Totals	-	-	-	-	3	129	80	18	22	72	209
2016	12240	326	Kalamazoo	-	Opponent Totals	-	-	-	-	3	133	96	13	4	47	229
2016	12240	329	Kean	-	TEAM	-	-	-	-	2	 	 	 	 	 	 
2016	12240	329	Kean	-	Totals	-	-	-	-	2	93	62	12	16	57	155
2016	12240	329	Kean	-	Opponent Totals	-	-	-	-	2	87	68	6	6	12	155
2016	12240	335	Kenyon	-	TEAM	-	-	-	-	2	 	 	 	 	 	 
2016	12240	335	Kenyon	-	Totals	-	-	-	-	3	128	58	13	10	74	186
2016	12240	335	Kenyon	-	Opponent Totals	-	-	-	-	3	138	74	17	10	47	212
2016	12240	336	King's (PA)	-	TEAM	-	-	-	-	1	 	 	 	 	 	 
2016	12240	336	King's (PA)	-	Totals	-	-	-	-	3	144	68	18	6	63	212
2016	12240	336	King's (PA)	-	Opponent Totals	-	-	-	-	3	122	68	19	10	90	190
2016	12240	337	Knox	-	Totals	-	-	-	-	2	65	48	1	 	2	113
2016	12240	337	Knox	-	Opponent Totals	-	-	-	-	2	78	50	6	2	25	128
2016	12240	341	La Verne	-	TEAM	-	-	-	-	1	 	 	 	 	 	 
2016	12240	341	La Verne	-	Totals	-	-	-	-	2	91	50	5	4	21	141
2016	12240	341	La Verne	-	Opponent Totals	-	-	-	-	2	74	72	11	2	51	146
2016	12240	1162	LaGrange	-	Totals	-	-	-	-	3	134	61	20	8	76	195
2016	12240	1162	LaGrange	-	Opponent Totals	-	-	-	-	3	146	78	16	2	76	224
2016	12240	344	Lake Forest	-	TEAM	-	-	-	-	1	 	 	 	 	 	 
2016	12240	344	Lake Forest	-	Totals	-	-	-	-	1	46	20	4	 	7	66
2016	12240	344	Lake Forest	-	Opponent Totals	-	-	-	-	1	55	32	5	2	13	87
2016	12240	1164	Lakeland	-	TEAM	-	-	-	-	2	3	 	 	 	 	3
2016	12240	1164	Lakeland	-	Totals	-	-	-	-	2	126	52	12	10	54	178
2016	12240	1164	Lakeland	-	Opponent Totals	-	-	-	-	2	81	56	11	6	60	137
2016	12240	348	Lawrence	-	TEAM	-	-	-	-	1	 	 	 	 	 	 
2016	12240	348	Lawrence	-	Totals	-	-	-	-	3	104	116	18	16	84	220
2016	12240	348	Lawrence	-	Opponent Totals	-	-	-	-	3	88	100	12	12	59	188
2016	12240	351	Lebanon Valley	-	TEAM	-	-	-	-	2	 	 	 	 	 	 
2016	12240	351	Lebanon Valley	-	Totals	-	-	-	-	3	130	82	11	4	48	212
2016	12240	351	Lebanon Valley	-	Opponent Totals	-	-	-	-	3	138	88	10	10	73	226
2016	12240	22235	Lewis & Clark	-	Totals	-	-	-	-	2	74	54	8	 	27	128
2016	12240	22235	Lewis & Clark	-	Opponent Totals	-	-	-	-	2	83	42	11	2	52	125
2016	12240	1179	Linfield	-	TEAM	-	-	-	-	1	1	 	 	 	 	1
2016	12240	1179	Linfield	-	Totals	-	-	-	-	1	38	14	4	4	19	52
2016	12240	1179	Linfield	-	Opponent Totals	-	-	-	-	1	48	10	4	 	8	58
2016	12240	364	Loras	-	TEAM	-	-	-	-	3	1	 	 	 	 	1
2016	12240	364	Loras	-	Totals	-	-	-	-	3	118	120	9	18	64	238
2016	12240	364	Loras	-	Opponent Totals	-	-	-	-	3	160	150	19	10	103	310
2016	12240	1182	Louisiana Col.	-	TEAM	-	-	-	-	2	1	 	 	 	 	1
2016	12240	1182	Louisiana Col.	-	Totals	-	-	-	-	2	121	34	7	 	14	155
2016	12240	1182	Louisiana Col.	-	Opponent Totals	-	-	-	-	2	85	28	12	2	85	113
2016	12240	372	Luther	-	TEAM	-	-	-	-	2	3	 	3	 	20	3
2016	12240	372	Luther	-	Totals	-	-	-	-	3	84	126	18	24	123	210
2016	12240	372	Luther	-	Opponent Totals	-	-	-	-	3	101	142	10	6	30	243
2016	12240	373	Lycoming	-	TEAM	-	-	-	-	1	 	 	 	 	 	 
2016	12240	373	Lycoming	-	Totals	-	-	-	-	3	125	84	14	16	54	209
2016	12240	373	Lycoming	-	Opponent Totals	-	-	-	-	3	128	88	17	4	88	216
2016	12240	398	MIT	-	Totals	-	-	-	-	3	145	108	17	18	131	253
2016	12240	398	MIT	-	Opponent Totals	-	-	-	-	3	108	104	8	24	87	212
2016	12240	377	MacMurray	-	TEAM	-	-	-	-	1	1	 	 	 	 	1
2016	12240	377	MacMurray	-	Totals	-	-	-	-	2	62	92	3	6	14	154
2016	12240	377	MacMurray	-	Opponent Totals	-	-	-	-	2	77	82	10	4	64	159
2016	12240	378	Maine Maritime	-	TEAM	-	-	-	-	1	 	 	 	 	 	 
2016	12240	378	Maine Maritime	-	Totals	-	-	-	-	2	90	58	15	6	56	148
2016	12240	378	Maine Maritime	-	Opponent Totals	-	-	-	-	2	92	62	12	4	45	154
2016	12240	1192	Manchester	-	TEAM	-	-	-	-	1	 	 	 	 	 	 
2016	12240	1192	Manchester	-	Totals	-	-	-	-	2	67	96	8	14	52	163
2016	12240	1192	Manchester	-	Opponent Totals	-	-	-	-	2	73	104	7	6	39	177
2016	12240	1194	Maranatha Baptist	-	Totals	-	-	-	-	2	79	66	7	2	32	145
2016	12240	1194	Maranatha Baptist	-	Opponent Totals	-	-	-	-	2	67	66	15	8	69	133
2016	12240	385	Marietta	-	TEAM	-	-	-	-	2	 	 	 	 	 	 
2016	12240	385	Marietta	-	Totals	-	-	-	-	2	70	92	11	10	45	162
2016	12240	385	Marietta	-	Opponent Totals	-	-	-	-	2	74	72	6	8	31	146
2016	12240	8597	Martin Luther	-	TEAM	-	-	-	-	1	 	 	 	 	 	 
2016	12240	8597	Martin Luther	-	Totals	-	-	-	-	3	107	66	15	2	54	173
2016	12240	8597	Martin Luther	-	Opponent Totals	-	-	-	-	3	139	92	13	 	37	231
2016	12240	1203	Mary Hardin-Baylor	-	TEAM	-	-	-	-	1	 	 	 	 	 	 
2016	12240	1203	Mary Hardin-Baylor	-	Totals	-	-	-	-	1	34	58	6	16	33	92
2016	12240	1203	Mary Hardin-Baylor	-	Opponent Totals	-	-	-	-	1	39	40	6	2	23	79
2016	12240	396	Maryville (TN)	-	TEAM	-	-	-	-	2	 	 	 	 	 	 
2016	12240	396	Maryville (TN)	-	Totals	-	-	-	-	3	124	122	15	10	63	246
2016	12240	396	Maryville (TN)	-	Opponent Totals	-	-	-	-	3	133	110	15	14	79	243
2016	12240	399	Mass. Maritime	-	TEAM	-	-	-	-	2	3	 	 	 	 	3
2016	12240	399	Mass. Maritime	-	Totals	-	-	-	-	2	103	50	10	4	34	153
2016	12240	399	Mass. Maritime	-	Opponent Totals	-	-	-	-	2	100	62	11	4	34	162
2016	12240	773	McDaniel	-	TEAM	-	-	-	-	2	 	 	 	 	 	 
2016	12240	773	McDaniel	-	Totals	-	-	-	-	3	164	78	16	10	87	242
2016	12240	773	McDaniel	-	Opponent Totals	-	-	-	-	3	159	66	24	6	96	225
2016	12240	724	Merchant Marine	-	TEAM	-	-	-	-	1	 	 	 	 	 	 
2016	12240	724	Merchant Marine	-	Totals	-	-	-	-	2	73	36	9	 	32	109
2016	12240	724	Merchant Marine	-	Opponent Totals	-	-	-	-	2	76	48	12	 	33	124
2016	12240	412	Methodist	-	TEAM	-	-	-	-	3	 	 	 	 	 	 
2016	12240	412	Methodist	-	Totals	-	-	-	-	3	126	142	18	14	92	268
2016	12240	412	Methodist	-	Opponent Totals	-	-	-	-	3	126	96	20	24	127	222
2016	12240	424	Millikin	-	TEAM	-	-	-	-	2	 	 	 	 	 	 
2016	12240	424	Millikin	-	Totals	-	-	-	-	2	98	64	12	8	43	162
2016	12240	424	Millikin	-	Opponent Totals	-	-	-	-	2	65	54	5	18	26	119
2016	12240	426	Millsaps	-	TEAM	-	-	-	-	2	2	 	 	 	 	2
2016	12240	426	Millsaps	-	Totals	-	-	-	-	3	126	92	15	12	64	218
2016	12240	426	Millsaps	-	Opponent Totals	-	-	-	-	3	105	154	21	20	112	259
2016	12240	1226	Minn.-Morris	-	TEAM	-	-	-	-	3	1	 	 	 	 	1
2016	12240	1226	Minn.-Morris	-	Totals	-	-	-	-	3	124	118	19	8	76	242
2016	12240	1226	Minn.-Morris	-	Opponent Totals	-	-	-	-	3	91	94	19	21	120	185
2016	12240	16142	Misericordia	-	TEAM	-	-	-	-	1	1	1	 	 	 	2
2016	12240	16142	Misericordia	-	Totals	-	-	-	-	1	41	40	 	8	21	81
2016	12240	16142	Misericordia	-	Opponent Totals	-	-	-	-	1	42	20	2	2	8	62
2016	12240	438	Monmouth (IL)	-	TEAM	-	-	-	-	1	2	 	 	 	 	2
2016	12240	438	Monmouth (IL)	-	Totals	-	-	-	-	2	70	56	7	10	38	126
2016	12240	438	Monmouth (IL)	-	Opponent Totals	-	-	-	-	2	105	72	7	4	28	177
2016	12240	442	Montclair St.	-	Totals	-	-	-	-	2	81	58	8	2	62	139
2016	12240	442	Montclair St.	-	Opponent Totals	-	-	-	-	2	68	66	6	6	31	134
2016	12240	443	Moravian	-	TEAM	-	-	-	-	2	 	 	 	 	 	 
2016	12240	443	Moravian	-	Totals	-	-	-	-	2	83	54	15	2	57	137
2016	12240	443	Moravian	-	Opponent Totals	-	-	-	-	2	93	56	8	6	35	149
2016	12240	30067	Morrisville St.	-	TEAM	-	-	-	-	1	 	 	 	 	 	 
2016	12240	30067	Morrisville St.	-	Totals	-	-	-	-	2	77	80	8	4	49	157
2016	12240	30067	Morrisville St.	-	Opponent Totals	-	-	-	-	2	61	68	11	4	61	129
2016	12240	27901	Mount Ida	-	TEAM	-	-	-	-	2	 	 	 	 	 	 
2016	12240	27901	Mount Ida	-	Totals	-	-	-	-	3	110	84	9	16	48	194
2016	12240	27901	Mount Ida	-	Opponent Totals	-	-	-	-	3	131	66	14	12	71	197
2016	12240	452	Mount Union	-	TEAM	-	-	-	-	1	 	 	 	 	 	 
2016	12240	452	Mount Union	-	Totals	-	-	-	-	2	64	66	14	12	90	130
2016	12240	452	Mount Union	-	Opponent Totals	-	-	-	-	2	88	76	9	4	40	164
2016	12240	8567	Mt. St. Joseph	-	TEAM	-	-	-	-	2	 	 	 	 	 	 
2016	12240	8567	Mt. St. Joseph	-	Totals	-	-	-	-	2	96	51	9	 	46	147
2016	12240	8567	Mt. St. Joseph	-	Opponent Totals	-	-	-	-	2	78	49	8	6	52	127
2016	12240	453	Muhlenberg	-	TEAM	-	-	-	-	3	1	 	 	 	 	1
2016	12240	453	Muhlenberg	-	Totals	-	-	-	-	3	129	62	17	6	82	191
2016	12240	453	Muhlenberg	-	Opponent Totals	-	-	-	-	3	156	62	19	16	110	218
2016	12240	455	Muskingum	-	TEAM	-	-	-	-	1	 	 	 	 	 	 
2016	12240	455	Muskingum	-	Totals	-	-	-	-	2	86	58	8	6	47	144
2016	12240	455	Muskingum	-	Opponent Totals	-	-	-	-	2	87	40	13	8	51	127
2016	12240	491	N.C. Wesleyan	-	TEAM	-	-	-	-	1	 	 	 	 	 	 
2016	12240	491	N.C. Wesleyan	-	Totals	-	-	-	-	3	170	57	14	4	62	227
2016	12240	491	N.C. Wesleyan	-	Opponent Totals	-	-	-	-	3	126	51	13	10	80	177
2016	12240	462	Neb. Wesleyan	-	TEAM	-	-	-	-	3	1	 	 	 	 	1
2016	12240	462	Neb. Wesleyan	-	Totals	-	-	-	-	3	116	120	8	12	40	236
2016	12240	462	Neb. Wesleyan	-	Opponent Totals	-	-	-	-	3	124	78	12	6	52	202
2016	12240	484	Nichols	-	TEAM	-	-	-	-	1	 	 	 	 	 	 
2016	12240	484	Nichols	-	Totals	-	-	-	-	3	132	92	14	16	115	224
2016	12240	484	Nichols	-	Opponent Totals	-	-	-	-	3	132	62	22	8	74	194
2016	12240	492	North Central (IL)	-	TEAM	-	-	-	-	1	 	 	 	 	 	 
2016	12240	492	North Central (IL)	-	Totals	-	-	-	-	2	94	62	13	4	59	156
2016	12240	492	North Central (IL)	-	Opponent Totals	-	-	-	-	2	88	50	12	8	73	138
2016	12240	496	North Park	-	TEAM	-	-	-	-	2	1	 	1	 	10	1
2016	12240	496	North Park	-	Totals	-	-	-	-	3	106	148	12	12	92	254
2016	12240	496	North Park	-	Opponent Totals	-	-	-	-	3	91	108	15	8	55	199
2016	12240	30031	Northwestern-St. Paul	-	TEAM	-	-	-	-	3	 	 	 	 	 	 
2016	12240	30031	Northwestern-St. Paul	-	Totals	-	-	-	-	3	91	128	18	20	95	219
2016	12240	30031	Northwestern-St. Paul	-	Opponent Totals	-	-	-	-	3	94	128	15	6	46	222
2016	12240	511	Norwich	-	TEAM	-	-	-	-	3	1	 	 	 	 	1
2016	12240	511	Norwich	-	Totals	-	-	-	-	3	118	94	14	 	62	212
2016	12240	511	Norwich	-	Opponent Totals	-	-	-	-	3	133	84	23	18	122	217
2016	12240	516	Occidental	-	TEAM	-	-	-	-	1	1	 	 	 	 	1
2016	12240	516	Occidental	-	Totals	-	-	-	-	1	40	16	3	2	6	56
2016	12240	516	Occidental	-	Opponent Totals	-	-	-	-	1	30	72	2	8	13	102
2016	12240	517	Ohio Northern	-	TEAM	-	-	-	-	2	 	 	 	 	 	 
2016	12240	517	Ohio Northern	-	Totals	-	-	-	-	2	63	82	3	10	27	145
2016	12240	517	Ohio Northern	-	Opponent Totals	-	-	-	-	2	61	108	6	 	30	169
2016	12240	520	Ohio Wesleyan	-	TEAM	-	-	-	-	1	 	 	 	 	 	 
2016	12240	520	Ohio Wesleyan	-	Totals	-	-	-	-	2	81	98	11	2	54	179
2016	12240	520	Ohio Wesleyan	-	Opponent Totals	-	-	-	-	2	71	88	12	18	70	159
2016	12240	525	Olivet	-	TEAM	-	-	-	-	3	 	 	 	 	 	 
2016	12240	525	Olivet	-	Totals	-	-	-	-	3	107	58	22	10	108	165
2016	12240	525	Olivet	-	Opponent Totals	-	-	-	-	3	148	73	12	4	48	221
2016	12240	531	Otterbein	-	TEAM	-	-	-	-	1	 	 	 	 	 	 
2016	12240	531	Otterbein	-	Totals	-	-	-	-	2	62	100	3	6	18	162
2016	12240	531	Otterbein	-	Opponent Totals	-	-	-	-	2	58	84	6	8	67	142
2016	12240	2751	Pacific (OR)	-	TEAM	-	-	-	-	2	 	 	 	 	 	 
2016	12240	2751	Pacific (OR)	-	Totals	-	-	-	-	2	70	60	5	2	19	130
2016	12240	2751	Pacific (OR)	-	Opponent Totals	-	-	-	-	2	67	82	13	4	52	149
2016	12240	548	Plymouth St.	-	TEAM	-	-	-	-	2	 	 	 	 	 	 
2016	12240	548	Plymouth St.	-	Totals	-	-	-	-	3	149	45	21	4	70	194
2016	12240	548	Plymouth St.	-	Opponent Totals	-	-	-	-	3	133	61	19	10	82	194
2016	12240	549	Pomona-Pitzer	-	TEAM	-	-	-	-	1	 	 	 	 	 	 
2016	12240	549	Pomona-Pitzer	-	Totals	-	-	-	-	2	81	44	10	2	55	125
2016	12240	549	Pomona-Pitzer	-	Opponent Totals	-	-	-	-	2	84	66	15	12	107	150
2016	12240	557	Puget Sound	-	TEAM	-	-	-	-	2	4	 	 	 	 	4
2016	12240	557	Puget Sound	-	Totals	-	-	-	-	2	52	138	5	14	22	190
2016	12240	557	Puget Sound	-	Opponent Totals	-	-	-	-	2	76	64	6	6	17	140
2016	12240	565	Randolph-Macon	-	TEAM	-	-	-	-	1	 	 	 	 	 	 
2016	12240	565	Randolph-Macon	-	Totals	-	-	-	-	3	148	68	20	14	101	216
2016	12240	565	Randolph-Macon	-	Opponent Totals	-	-	-	-	3	158	82	18	10	60	240
2016	12240	567	Redlands	-	TEAM	-	-	-	-	2	 	 	 	 	 	 
2016	12240	567	Redlands	-	Totals	-	-	-	-	2	103	44	6	 	20	147
2016	12240	567	Redlands	-	Opponent Totals	-	-	-	-	2	103	46	19	2	101	149
2016	12240	570	Rensselaer	-	TEAM	-	-	-	-	3	 	 	 	 	 	 
2016	12240	570	Rensselaer	-	Totals	-	-	-	-	3	89	96	13	16	103	185
2016	12240	570	Rensselaer	-	Opponent Totals	-	-	-	-	3	116	138	10	10	48	254
2016	12240	573	Rhodes	-	TEAM	-	-	-	-	2	 	 	 	 	 	 
2016	12240	573	Rhodes	-	Totals	-	-	-	-	3	120	98	27	16	171	218
2016	12240	573	Rhodes	-	Opponent Totals	-	-	-	-	3	94	96	16	10	102	190
2016	12240	577	Ripon	-	TEAM	-	-	-	-	1	 	 	 	 	 	 
2016	12240	577	Ripon	-	Totals	-	-	-	-	2	71	50	13	12	98	121
2016	12240	577	Ripon	-	Opponent Totals	-	-	-	-	2	86	50	10	8	49	136
2016	12240	581	Rochester (NY)	-	TEAM	-	-	-	-	1	 	 	 	 	 	 
2016	12240	581	Rochester (NY)	-	Totals	-	-	-	-	2	84	92	17	14	121	176
2016	12240	581	Rochester (NY)	-	Opponent Totals	-	-	-	-	2	77	73	8	13	29	150
2016	12240	582	Rockford	-	TEAM	-	-	-	-	2	 	 	 	 	 	 
2016	12240	582	Rockford	-	Totals	-	-	-	-	2	68	56	9	8	45	124
2016	12240	582	Rockford	-	Opponent Totals	-	-	-	-	2	65	68	9	16	33	133
2016	12240	585	Rose-Hulman	-	TEAM	-	-	-	-	2	 	 	 	 	 	 
2016	12240	585	Rose-Hulman	-	Totals	-	-	-	-	3	108	78	12	6	44	186
2016	12240	585	Rose-Hulman	-	Opponent Totals	-	-	-	-	3	170	106	14	14	60	276
2016	12240	259	Rowan	-	TEAM	-	-	-	-	1	 	 	 	 	 	 
2016	12240	259	Rowan	-	Totals	-	-	-	-	2	68	76	12	6	37	144
2016	12240	259	Rowan	-	Opponent Totals	-	-	-	-	2	53	134	8	10	46	187
2016	12240	168	SUNY Cortland	-	TEAM	-	-	-	-	2	 	 	 	 	 	 
2016	12240	168	SUNY Cortland	-	Totals	-	-	-	-	3	140	86	22	12	81	226
2016	12240	168	SUNY Cortland	-	Opponent Totals	-	-	-	-	3	126	100	13	14	84	226
2016	12240	478	SUNY Maritime	-	TEAM	-	-	-	-	2	 	 	 	 	 	 
2016	12240	478	SUNY Maritime	-	Totals	-	-	-	-	3	127	64	18	4	55	191
2016	12240	478	SUNY Maritime	-	Opponent Totals	-	-	-	-	3	137	54	14	6	49	191
2016	12240	602	Saint John's (MN)	-	TEAM	-	-	-	-	1	 	 	 	 	 	 
2016	12240	602	Saint John's (MN)	-	Totals	-	-	-	-	1	41	38	5	2	18	79
2016	12240	602	Saint John's (MN)	-	Opponent Totals	-	-	-	-	1	36	38	1	2	5	74
2016	12240	30064	Saint Vincent	-	TEAM	-	-	-	-	3	 	 	 	 	 	 
2016	12240	30064	Saint Vincent	-	Totals	-	-	-	-	3	107	96	12	8	47	203
2016	12240	30064	Saint Vincent	-	Opponent Totals	-	-	-	-	3	140	46	25	10	150	186
2016	12240	622	Salisbury	-	TEAM	-	-	-	-	1	 	 	 	 	 	 
2016	12240	622	Salisbury	-	Totals	-	-	-	-	2	86	44	12	2	52	130
2016	12240	622	Salisbury	-	Opponent Totals	-	-	-	-	2	82	44	9	 	29	126
2016	12240	623	Salve Regina	-	TEAM	-	-	-	-	2	2	 	 	 	 	2
2016	12240	623	Salve Regina	-	Totals	-	-	-	-	2	68	46	7	4	49	114
2016	12240	623	Salve Regina	-	Opponent Totals	-	-	-	-	2	95	66	13	4	37	161
2016	12240	652	Sewanee	-	TEAM	-	-	-	-	2	 	 	 	 	 	 
2016	12240	652	Sewanee	-	Totals	-	-	-	-	3	111	37	17	8	67	148
2016	12240	652	Sewanee	-	Opponent Totals	-	-	-	-	3	162	56	23	12	127	218
2016	12240	637	Shenandoah	-	TEAM	-	-	-	-	1	1	 	 	 	 	1
2016	12240	637	Shenandoah	-	Totals	-	-	-	-	3	105	92	10	16	75	197
2016	12240	637	Shenandoah	-	Opponent Totals	-	-	-	-	3	139	90	10	6	52	229
2016	12240	641	Simpson	-	TEAM	-	-	-	-	1	 	 	 	 	 	 
2016	12240	641	Simpson	-	Totals	-	-	-	-	1	23	50	5	10	20	73
2016	12240	641	Simpson	-	Opponent Totals	-	-	-	-	1	25	56	3	6	16	81
2016	12240	8746	Southwestern (TX)	-	TEAM	-	-	-	-	3	1	 	1	 	6	1
2016	12240	8746	Southwestern (TX)	-	Totals	-	-	-	-	3	127	54	23	8	129	181
2016	12240	8746	Southwestern (TX)	-	Opponent Totals	-	-	-	-	3	120	106	24	20	97	226
2016	12240	673	Springfield	-	TEAM	-	-	-	-	2	 	 	 	 	 	 
2016	12240	673	Springfield	-	Totals	-	-	-	-	3	112	72	9	14	63	184
2016	12240	673	Springfield	-	Opponent Totals	-	-	-	-	3	122	86	12	4	37	208
2016	12240	601	St. John Fisher	-	Totals	-	-	-	-	2	71	82	6	6	48	153
2016	12240	601	St. John Fisher	-	Opponent Totals	-	-	-	-	2	68	72	19	6	87	140
2016	12240	607	St. Lawrence	-	TEAM	-	-	-	-	2	5	 	1	 	2	5
2016	12240	607	St. Lawrence	-	Totals	-	-	-	-	3	112	96	19	18	104	208
2016	12240	607	St. Lawrence	-	Opponent Totals	-	-	-	-	3	117	74	15	4	87	191
2016	12240	614	St. Norbert	-	TEAM	-	-	-	-	1	1	 	1	 	7	1
2016	12240	614	St. Norbert	-	Totals	-	-	-	-	1	49	12	3	 	20	61
2016	12240	614	St. Norbert	-	Opponent Totals	-	-	-	-	1	43	16	5	 	19	59
2016	12240	615	St. Olaf	-	TEAM	-	-	-	-	2	2	 	 	 	 	2
2016	12240	615	St. Olaf	-	Totals	-	-	-	-	3	97	154	7	2	20	251
2016	12240	615	St. Olaf	-	Opponent Totals	-	-	-	-	3	77	120	16	10	71	197
2016	12240	618	St. Scholastica	-	TEAM	-	-	-	-	3	2	 	 	 	 	2
2016	12240	618	St. Scholastica	-	Totals	-	-	-	-	3	102	78	10	6	66	180
2016	12240	618	St. Scholastica	-	Opponent Totals	-	-	-	-	3	120	102	18	10	137	222
2016	12240	620	St. Thomas (MN)	-	TEAM	-	-	-	-	1	 	 	 	 	 	 
2016	12240	620	St. Thomas (MN)	-	Totals	-	-	-	-	2	79	30	21	2	114	109
2016	12240	620	St. Thomas (MN)	-	Opponent Totals	-	-	-	-	2	94	28	5	 	7	122
2016	12240	21852	Stevenson	-	TEAM	-	-	-	-	1	 	 	 	 	 	 
2016	12240	21852	Stevenson	-	Totals	-	-	-	-	2	89	68	15	6	94	157
2016	12240	21852	Stevenson	-	Opponent Totals	-	-	-	-	2	70	40	8	8	27	110
2016	12240	1390	Sul Ross St.	-	TEAM	-	-	-	-	1	 	 	 	 	 	 
2016	12240	1390	Sul Ross St.	-	Totals	-	-	-	-	2	95	62	7	10	30	157
2016	12240	1390	Sul Ross St.	-	Opponent Totals	-	-	-	-	2	82	42	8	8	22	124
2016	12240	685	Susquehanna	-	TEAM	-	-	-	-	1	 	 	 	 	 	 
2016	12240	685	Susquehanna	-	Totals	-	-	-	-	3	133	125	14	4	47	258
2016	12240	685	Susquehanna	-	Opponent Totals	-	-	-	-	3	100	97	9	4	33	197
2016	12240	712	TCNJ	-	TEAM	-	-	-	-	2	 	 	 	 	 	 
2016	12240	712	TCNJ	-	Totals	-	-	-	-	3	117	116	10	6	51	233
2016	12240	712	TCNJ	-	Opponent Totals	-	-	-	-	3	100	102	15	14	80	202
2016	12240	1400	Texas Lutheran	-	TEAM	-	-	-	-	1	 	 	 	 	 	 
2016	12240	1400	Texas Lutheran	-	Totals	-	-	-	-	3	127	40	19	10	87	167
2016	12240	1400	Texas Lutheran	-	Opponent Totals	-	-	-	-	3	170	56	16	4	55	226
2016	12240	707	Thiel	-	TEAM	-	-	-	-	3	1	 	 	 	 	1
2016	12240	707	Thiel	-	Totals	-	-	-	-	3	81	66	13	10	76	147
2016	12240	707	Thiel	-	Opponent Totals	-	-	-	-	3	125	118	18	20	112	243
2016	12240	1402	Thomas More	-	TEAM	-	-	-	-	2	 	 	 	 	 	 
2016	12240	1402	Thomas More	-	Totals	-	-	-	-	3	109	102	24	10	123	211
2016	12240	1402	Thomas More	-	Opponent Totals	-	-	-	-	3	97	102	5	6	49	199
2016	12240	30037	Trine	-	TEAM	-	-	-	-	3	 	 	 	 	 	 
2016	12240	30037	Trine	-	Totals	-	-	-	-	3	113	122	13	10	70	235
2016	12240	30037	Trine	-	Opponent Totals	-	-	-	-	3	96	150	15	18	59	246
2016	12240	715	Trinity (TX)	-	TEAM	-	-	-	-	2	 	 	 	 	 	 
2016	12240	715	Trinity (TX)	-	Totals	-	-	-	-	3	100	142	8	16	72	242
2016	12240	715	Trinity (TX)	-	Opponent Totals	-	-	-	-	3	88	162	5	22	39	250
2016	12240	656	UMass Dartmouth	-	TEAM	-	-	-	-	1	 	 	 	 	 	 
2016	12240	656	UMass Dartmouth	-	Totals	-	-	-	-	3	119	89	14	12	64	208
2016	12240	656	UMass Dartmouth	-	Opponent Totals	-	-	-	-	3	110	77	8	8	44	187
2016	12240	727	Union (NY)	-	TEAM	-	-	-	-	1	 	 	 	 	 	 
2016	12240	727	Union (NY)	-	Totals	-	-	-	-	3	121	124	10	10	45	245
2016	12240	727	Union (NY)	-	Opponent Totals	-	-	-	-	3	98	113	10	11	61	211
2016	12240	730	Ursinus	-	TEAM	-	-	-	-	2	 	 	 	 	 	 
2016	12240	730	Ursinus	-	Totals	-	-	-	-	3	121	132	14	10	57	253
2016	12240	730	Ursinus	-	Opponent Totals	-	-	-	-	3	111	106	16	10	96	217
2016	12240	733	Utica	-	TEAM	-	-	-	-	3	 	 	 	 	 	 
2016	12240	733	Utica	-	Totals	-	-	-	-	3	99	99	9	4	48	198
2016	12240	733	Utica	-	Opponent Totals	-	-	-	-	3	124	118	2	14	36	242
2016	12240	808	WPI	-	TEAM	-	-	-	-	3	 	 	 	 	 	 
2016	12240	808	WPI	-	Totals	-	-	-	-	3	154	52	14	8	70	206
2016	12240	808	WPI	-	Opponent Totals	-	-	-	-	3	145	68	13	6	108	213
2016	12240	747	Wabash	-	TEAM	-	-	-	-	2	 	 	 	 	 	 
2016	12240	747	Wabash	-	Totals	-	-	-	-	2	60	40	16	12	114	100
2016	12240	747	Wabash	-	Opponent Totals	-	-	-	-	2	104	70	3	10	15	174
2016	12240	750	Wartburg	-	TEAM	-	-	-	-	3	 	 	 	 	 	 
2016	12240	750	Wartburg	-	Totals	-	-	-	-	3	105	122	16	6	93	227
2016	12240	750	Wartburg	-	Opponent Totals	-	-	-	-	3	98	136	9	18	54	234
2016	12240	751	Wash. & Jeff.	-	TEAM	-	-	-	-	2	 	 	 	 	 	 
2016	12240	751	Wash. & Jeff.	-	Totals	-	-	-	-	3	122	100	14	10	69	222
2016	12240	751	Wash. & Jeff.	-	Opponent Totals	-	-	-	-	3	152	92	20	16	122	244
2016	12240	752	Wash. & Lee	-	TEAM	-	-	-	-	1	 	 	 	 	 	 
2016	12240	752	Wash. & Lee	-	Totals	-	-	-	-	1	52	32	2	 	5	84
2016	12240	752	Wash. & Lee	-	Opponent Totals	-	-	-	-	1	64	26	4	 	9	90
2016	12240	755	Washington-St. Louis	-	TEAM	-	-	-	-	1	 	 	 	 	 	 
2016	12240	755	Washington-St. Louis	-	Totals	-	-	-	-	2	119	70	16	2	71	189
2016	12240	755	Washington-St. Louis	-	Opponent Totals	-	-	-	-	2	90	82	9	6	50	172
2016	12240	1434	Waynesburg	-	TEAM	-	-	-	-	1	 	 	 	 	 	 
2016	12240	1434	Waynesburg	-	Totals	-	-	-	-	3	120	92	12	8	76	212
2016	12240	1434	Waynesburg	-	Opponent Totals	-	-	-	-	3	110	98	16	10	71	208
2016	12240	763	Wesley	-	TEAM	-	-	-	-	1	 	 	 	 	 	 
2016	12240	763	Wesley	-	Totals	-	-	-	-	2	71	104	10	16	67	175
2016	12240	763	Wesley	-	Opponent Totals	-	-	-	-	2	70	92	6	6	22	162
2016	12240	770	Western Conn. St.	-	TEAM	-	-	-	-	2	 	 	 	 	 	 
2016	12240	770	Western Conn. St.	-	Totals	-	-	-	-	3	130	32	21	4	109	162
2016	12240	770	Western Conn. St.	-	Opponent Totals	-	-	-	-	3	139	58	17	 	66	197
2016	12240	775	Western New Eng.	-	TEAM	-	-	-	-	2	 	 	 	 	 	 
2016	12240	775	Western New Eng.	-	Totals	-	-	-	-	3	102	122	11	10	47	224
2016	12240	775	Western New Eng.	-	Opponent Totals	-	-	-	-	3	114	127	9	10	46	241
2016	12240	777	Westfield St.	-	TEAM	-	-	-	-	2	 	 	 	 	 	 
2016	12240	777	Westfield St.	-	Totals	-	-	-	-	3	117	100	11	6	47	217
2016	12240	777	Westfield St.	-	Opponent Totals	-	-	-	-	3	111	109	14	14	71	220
2016	12240	1450	Westminster (MO)	-	TEAM	-	-	-	-	2	 	 	 	 	 	 
2016	12240	1450	Westminster (MO)	-	Totals	-	-	-	-	3	128	120	20	16	108	248
2016	12240	1450	Westminster (MO)	-	Opponent Totals	-	-	-	-	3	110	90	9	12	56	200
2016	12240	1451	Westminster (PA)	-	Totals	-	-	-	-	3	132	74	15	16	110	206
2016	12240	1451	Westminster (PA)	-	Opponent Totals	-	-	-	-	3	111	112	15	20	108	223
2016	12240	778	Wheaton (IL)	-	TEAM	-	-	-	-	2	2	 	 	 	 	2
2016	12240	778	Wheaton (IL)	-	Totals	-	-	-	-	3	115	98	12	8	46	213
2016	12240	778	Wheaton (IL)	-	Opponent Totals	-	-	-	-	3	135	74	7	2	29	209
2016	12240	781	Whittier	-	Totals	-	-	-	-	2	78	80	14	6	65	158
2016	12240	781	Whittier	-	Opponent Totals	-	-	-	-	2	87	88	12	6	56	175
2016	12240	1454	Whitworth	-	TEAM	-	-	-	-	1	 	 	 	 	 	 
2016	12240	1454	Whitworth	-	Totals	-	-	-	-	1	55	16	10	 	38	71
2016	12240	1454	Whitworth	-	Opponent Totals	-	-	-	-	1	52	8	7	 	23	60
2016	12240	783	Widener	-	Totals	-	-	-	-	1	29	44	5	2	23	73
2016	12240	783	Widener	-	Opponent Totals	-	-	-	-	1	55	38	9	4	26	93
2016	12240	784	Wilkes	-	TEAM	-	-	-	-	1	 	 	 	 	 	 
2016	12240	784	Wilkes	-	Totals	-	-	-	-	3	122	64	13	6	73	186
2016	12240	784	Wilkes	-	Opponent Totals	-	-	-	-	3	143	118	9	18	61	261
2016	12240	785	Willamette	-	TEAM	-	-	-	-	1	 	 	 	 	 	 
2016	12240	785	Willamette	-	Totals	-	-	-	-	2	71	70	4	10	26	141
2016	12240	785	Willamette	-	Opponent Totals	-	-	-	-	2	81	72	5	10	43	153
2016	12240	1461	Wilmington (OH)	-	TEAM	-	-	-	-	1	1	 	 	 	 	1
2016	12240	1461	Wilmington (OH)	-	Totals	-	-	-	-	1	41	44	4	6	18	85
2016	12240	1461	Wilmington (OH)	-	Opponent Totals	-	-	-	-	1	34	16	5	2	22	50
2016	12240	8911	Wis. Lutheran	-	TEAM	-	-	-	-	3	 	 	 	 	 	 
2016	12240	8911	Wis. Lutheran	-	Totals	-	-	-	-	3	140	116	17	6	41	256
2016	12240	8911	Wis. Lutheran	-	Opponent Totals	-	-	-	-	3	126	88	14	6	35	214
2016	12240	793	Wis.-Eau Claire	-	Totals	-	-	-	-	3	136	14	8	 	17	150
2016	12240	793	Wis.-Eau Claire	-	Opponent Totals	-	-	-	-	3	135	26	23	 	68	161
2016	12240	795	Wis.-La Crosse	-	TEAM	-	-	-	-	3	4	 	1	 	4	4
2016	12240	795	Wis.-La Crosse	-	Totals	-	-	-	-	3	149	104	14	6	38	253
2016	12240	795	Wis.-La Crosse	-	Opponent Totals	-	-	-	-	3	105	100	19	12	115	205
2016	12240	798	Wis.-Oshkosh	-	TEAM	-	-	-	-	2	 	 	 	 	 	 
2016	12240	798	Wis.-Oshkosh	-	Totals	-	-	-	-	2	58	96	9	8	44	154
2016	12240	798	Wis.-Oshkosh	-	Opponent Totals	-	-	-	-	2	71	58	3	10	35	129
2016	12240	800	Wis.-Platteville	-	Totals	-	-	-	-	3	112	120	16	12	93	232
2016	12240	800	Wis.-Platteville	-	Opponent Totals	-	-	-	-	3	125	108	9	 	45	233
2016	12240	801	Wis.-River Falls	-	TEAM	-	-	-	-	1	1	 	 	 	 	1
2016	12240	801	Wis.-River Falls	-	Totals	-	-	-	-	2	77	72	8	8	50	149
2016	12240	801	Wis.-River Falls	-	Opponent Totals	-	-	-	-	2	79	58	12	12	46	137
2016	12240	802	Wis.-Stevens Point	-	Totals	-	-	-	-	1	40	13	4	 	10	53
2016	12240	802	Wis.-Stevens Point	-	Opponent Totals	-	-	-	-	1	52	30	5	2	19	82
2016	12240	803	Wis.-Stout	-	TEAM	-	-	-	-	1	 	 	 	 	 	 
2016	12240	803	Wis.-Stout	-	Totals	-	-	-	-	2	104	106	7	8	29	210
2016	12240	803	Wis.-Stout	-	Opponent Totals	-	-	-	-	2	75	84	4	10	27	159
2016	12240	805	Wis.-Whitewater	-	TEAM	-	-	-	-	2	2	 	1	 	2	2
2016	12240	805	Wis.-Whitewater	-	Totals	-	-	-	-	3	101	94	18	14	89	195
2016	12240	805	Wis.-Whitewater	-	Opponent Totals	-	-	-	-	3	117	92	10	10	41	209
2016	12240	806	Wittenberg	-	TEAM	-	-	-	-	2	 	 	 	 	 	 
2016	12240	806	Wittenberg	-	Totals	-	-	-	-	2	85	68	13	4	66	153
2016	12240	806	Wittenberg	-	Opponent Totals	-	-	-	-	2	73	94	8	 	40	167
2016	12240	787	Wm. Paterson	-	TEAM	-	-	-	-	1	 	 	 	 	 	 
2016	12240	787	Wm. Paterson	-	Totals	-	-	-	-	2	56	122	10	10	38	178
2016	12240	787	Wm. Paterson	-	Opponent Totals	-	-	-	-	2	51	76	10	16	61	127
2016	12240	807	Wooster	-	TEAM	-	-	-	-	1	 	 	 	 	 	 
2016	12240	807	Wooster	-	Totals	-	-	-	-	2	84	54	16	16	120	138
2016	12240	807	Wooster	-	Opponent Totals	-	-	-	-	2	95	72	10	4	34	167
2016	12240	809	Worcester St.	-	TEAM	-	-	-	-	1	4	 	1	 	1	4
2016	12240	809	Worcester St.	-	Totals	-	-	-	-	1	45	40	8	2	17	85
2016	12240	809	Worcester St.	-	Opponent Totals	-	-	-	-	1	33	18	3	2	22	51
